Name,RuleId,ExtraId,Control Name,Description,Registry Key,Registry Value,Registry Value Type,CSP Name,CSP Path,CSP Value Type,Default Value,Allowed Value,Expected Value,Severity,Applicability,Scenario,Validation,Category,CIS RuleID,CIS Control,STIG ID,NIST SP 800-53 Rev 5,Security Impact,Change Risk Level,Customization Posture
AllowDatagramProcessingOnWinServer,,,This setting controls datagram processing for Network Protection is enabled on Server,Controls datagram processing for Network Protection on Windows Server. Enables network-level protection against web-based threats.,HKLM:\SOFTWARE\Policies\Microsoft\Windows Defender\NIS\Consumers\IPS,AllowDatagramProcessingOnWinServer,REG_DWORD,,,,0,"Range(0, 2)",Equals(0),Important,Azure Local Member Server (domain joined),DefenderAntivirus,"Run Get-ItemProperty ""HKLM:\SOFTWARE\Policies\Microsoft\Windows Defender\NIS\Consumers\IPS"" -Name ""AllowDatagramProcessingOnWinServer""",Registry,NA,NA,WNDF-AV-000012,SI-3,"Disabling removes network-layer threat protection, exposing the server to web-based attacks and malicious network traffic.",Func:L / Sec:M - Disabling reduces defense-in-depth; verify no third-party network protection replaces it.,Warning Allowed
AllowNetworkProtectionOnWinServer,,,This setting controls whether Network Protection is allows to be configured into block or Audit mode on Windows Server,"Enables Microsoft Defender Network Protection on Windows Server, blocking connections to malicious domains and IPs.",HKLM:\SOFTWARE\Policies\Microsoft\Windows Defender\Windows Defender Exploit Guard\Network Protection,AllowNetworkProtectionOnWinServer,REG_DWORD,,,,1,"Range(0, 2)",Equals(1),Important,Azure Local Member Server (domain joined),DefenderAntivirus,"Run Get-ItemProperty ""HKLM:\SOFTWARE\Policies\Microsoft\Windows Defender\Windows Defender Exploit Guard\Network Protection"" -Name ""AllowNetworkProtectionOnWinServer""",Registry,NA,NA,WNDF-AV-000012,SI-3,"Disabling removes DNS/IP reputation blocking, allowing connections to known malicious endpoints.",Func:L / Sec:M - Disabling weakens network threat protection; may be needed if third-party proxy/firewall handles this.,Warning Allowed
ASRBlockAbuseOfExploitedVulnerableSignedDrivers,,,Block abuse of exploited vulnerable signed drivers,"ASR rule that blocks applications from writing vulnerable signed drivers to disk, preventing kernel-level exploits.",HKLM:\SOFTWARE\Policies\Microsoft\Windows Defender\Windows Defender Exploit Guard\ASR\Rules,56a863a9-875e-4185-98a7-b882c64b5ce5,REG_DWORD,,,,1,"Range(0, 2)",Equals(1),Critical,Azure Local Member Server (domain joined),DefenderAntivirus,"Run Get-ItemProperty ""HKLM:\SOFTWARE\Policies\Microsoft\Windows Defender\Windows Defender Exploit Guard\ASR\Rules"" -Name ""56a863a9-875e-4185-98a7-b882c64b5ce5""",Registry,18.10.42.6.1.2,10.5 (IG2),WNDF-AV-000051,SC-18(4),Disabling allows exploitation of vulnerable signed drivers for kernel-level privilege escalation.,Func:L / Sec:H - Disabling exposes to driver-based exploits; audit mode recommended for initial deployment.,Warning Allowed
ASRBlockAdobeReaderFromCreatingChildProcesses,,,Block Adobe Reader from creating child processes,"ASR rule that prevents Adobe Reader from creating child processes, blocking PDF-based malware execution chains.",HKLM:\SOFTWARE\Policies\Microsoft\Windows Defender\Windows Defender Exploit Guard\ASR\Rules,7674ba52-37eb-4a4f-a9a1-f0f9a1619a2c,REG_DWORD,,,,0,"Range(0, 2)",Equals(0),Informational,Azure Local Member Server (domain joined),DefenderAntivirus,"Run Get-ItemProperty ""HKLM:\SOFTWARE\Policies\Microsoft\Windows Defender\Windows Defender Exploit Guard\ASR\Rules"" -Name ""7674ba52-37eb-4a4f-a9a1-f0f9a1619a2c""",Registry,18.10.42.6.1.2,10.5 (IG2),WNDF-AV-000043,SC-18(4),Disabling allows PDF documents to launch arbitrary processes via Adobe Reader.,Func:L / Sec:L - Server environments rarely use Adobe Reader; minimal operational impact.,Warning Allowed
ASRBlockEXEFromEmailClientAndWebmail,,,Block executable content from email client and webmail,"ASR rule that blocks executable content from email clients and webmail, preventing email-based malware delivery.",HKLM:\SOFTWARE\Policies\Microsoft\Windows Defender\Windows Defender Exploit Guard\ASR\Rules,be9ba2d9-53ea-4cdc-84e5-9b1eeee46550,REG_DWORD,,,,0,"Range(0, 2)",Equals(0),Informational,Azure Local Member Server (domain joined),DefenderAntivirus,"Run Get-ItemProperty ""HKLM:\SOFTWARE\Policies\Microsoft\Windows Defender\Windows Defender Exploit Guard\ASR\Rules"" -Name ""be9ba2d9-53ea-4cdc-84e5-9b1eeee46550""",Registry,18.10.42.6.1.2,10.5 (IG2),WNDF-AV-000032,SC-18(4),Disabling allows email-delivered executables to run directly from mail clients.,Func:L / Sec:L - Servers typically do not run email clients; minimal operational impact.,Warning Allowed
ASRBlockEXEFromRunningUnlessTrusted,,,"Block executable files from running unless they meet a prevalence, age, or trusted list criterion","ASR rule that blocks executables from running unless they meet prevalence, age, or trusted list criteria.",HKLM:\SOFTWARE\Policies\Microsoft\Windows Defender\Windows Defender Exploit Guard\ASR\Rules,01443614-cd74-433a-b99e-2ecdc07bfc25,REG_DWORD,,,,1,"Range(0, 2)",Equals(1),Critical,Azure Local Member Server (domain joined),DefenderAntivirus,"Run Get-ItemProperty ""HKLM:\SOFTWARE\Policies\Microsoft\Windows Defender\Windows Defender Exploit Guard\ASR\Rules"" -Name ""01443614-cd74-433a-b99e-2ecdc07bfc25""",Registry,18.10.42.6.1.2,10.5 (IG2),WNDF-AV-000028,SI-3,Disabling allows unknown or untrusted executables to run without reputation checks.,Func:M / Sec:M - May block legitimate but uncommon tools; test in audit mode first.,Warning Allowed
ASRBlockJSVBSLaunchingDownloadedContent,,,Block JavaScript or VBScript from launching downloaded executable content,ASR rule that blocks JavaScript and VBScript from launching downloaded executable content.,HKLM:\SOFTWARE\Policies\Microsoft\Windows Defender\Windows Defender Exploit Guard\ASR\Rules,d3e037e1-3eb8-44c8-a917-57927947596d,REG_DWORD,,,,1,"Range(0, 2)",Equals(1),Critical,Azure Local Member Server (domain joined),DefenderAntivirus,"Run Get-ItemProperty ""HKLM:\SOFTWARE\Policies\Microsoft\Windows Defender\Windows Defender Exploit Guard\ASR\Rules"" -Name ""d3e037e1-3eb8-44c8-a917-57927947596d""",Registry,18.10.42.6.1.2,10.5 (IG2),WNDF-AV-000036,SC-18(4),Disabling allows script-based download-and-execute attack chains.,Func:L / Sec:M - Server workloads rarely depend on JS/VBS downloading executables.,Warning Allowed
ASRBlockLSASSCredentialStealing,,,Block credential stealing from the Windows local security authority subsystem (lsass.exe),"ASR rule that blocks credential theft from the LSASS process, preventing tools like Mimikatz from harvesting credentials.",HKLM:\SOFTWARE\Policies\Microsoft\Windows Defender\Windows Defender Exploit Guard\ASR\Rules,9e6c4e1f-7d60-472f-ba1a-a39ef669e4b2,REG_DWORD,,,,1,"Range(0, 2)",Equals(1),Critical,Azure Local Member Server (domain joined),DefenderAntivirus,"Run Get-ItemProperty ""HKLM:\SOFTWARE\Policies\Microsoft\Windows Defender\Windows Defender Exploit Guard\ASR\Rules"" -Name ""9e6c4e1f-7d60-472f-ba1a-a39ef669e4b2""",Registry,18.10.42.6.1.2,10.5 (IG2),WNDF-AV-000044,SC-18(4),Disabling allows credential dumping tools to extract passwords and hashes from memory.,Func:L / Sec:H - Critical credential protection; disabling creates severe credential theft risk.,Warning Allowed
ASRBlockOfficeApplicationsFromCreatingChildProcesses,,,Block all Office applications from creating child processes,"ASR rule that blocks Office applications from creating child processes, preventing macro-based malware execution.",HKLM:\SOFTWARE\Policies\Microsoft\Windows Defender\Windows Defender Exploit Guard\ASR\Rules,d4f940ab-401b-4efc-aadc-ad5f3c50688a,REG_DWORD,,,,0,"Range(0, 2)",Equals(0),Informational,Azure Local Member Server (domain joined),DefenderAntivirus,"Run Get-ItemProperty ""HKLM:\SOFTWARE\Policies\Microsoft\Windows Defender\Windows Defender Exploit Guard\ASR\Rules"" -Name ""d4f940ab-401b-4efc-aadc-ad5f3c50688a""",Registry,18.10.42.6.1.2,10.5 (IG2),WNDF-AV-000033,SC-18(4),Disabling allows Office macros to launch arbitrary processes.,Func:L / Sec:L - Servers rarely run Office applications interactively.,Warning Allowed
ASRBlockOfficeCommunicationApplicationFromCreatingChildProcesses,,,Block Office communication application from creating child processes,"ASR rule that blocks Office communication apps (e.g., Outlook) from creating child processes.",HKLM:\SOFTWARE\Policies\Microsoft\Windows Defender\Windows Defender Exploit Guard\ASR\Rules,26190899-1602-49e8-8b27-eb1d0a1ce869,REG_DWORD,,,,0,"Range(0, 2)",Equals(0),Informational,Azure Local Member Server (domain joined),DefenderAntivirus,"Run Get-ItemProperty ""HKLM:\SOFTWARE\Policies\Microsoft\Windows Defender\Windows Defender Exploit Guard\ASR\Rules"" -Name ""26190899-1602-49e8-8b27-eb1d0a1ce869""",Registry,18.10.42.6.1.2,10.5 (IG2),WNDF-AV-000050,SC-18(4),Disabling allows communication apps to launch arbitrary child processes.,Func:L / Sec:L - Servers rarely run Outlook or Teams interactively.,Warning Allowed
ASRBlockOfficeFromCreatingExecutableContent,,,Block Office applications from creating executable content,ASR rule that blocks Office applications from creating executable content on disk.,HKLM:\SOFTWARE\Policies\Microsoft\Windows Defender\Windows Defender Exploit Guard\ASR\Rules,3b576869-a4ec-4529-8536-b80a7769e899,REG_DWORD,,,,0,"Range(0, 2)",Equals(0),Informational,Azure Local Member Server (domain joined),DefenderAntivirus,"Run Get-ItemProperty ""HKLM:\SOFTWARE\Policies\Microsoft\Windows Defender\Windows Defender Exploit Guard\ASR\Rules"" -Name ""3b576869-a4ec-4529-8536-b80a7769e899""",Registry,18.10.42.6.1.2,10.5 (IG2),WNDF-AV-000034,SC-18(4),Disabling allows Office macros to drop executables to the file system.,Func:L / Sec:L - Servers rarely run Office; minimal operational impact.,Warning Allowed
ASRBlockOfficeFromInjectingCodeIntoProcesses,,,Block Office applications from injecting code into other processes,ASR rule that blocks Office applications from injecting code into other processes.,HKLM:\SOFTWARE\Policies\Microsoft\Windows Defender\Windows Defender Exploit Guard\ASR\Rules,75668c1f-73b5-4cf0-bb93-3ecf5cb7cc84,REG_DWORD,,,,0,"Range(0, 2)",Equals(0),Informational,Azure Local Member Server (domain joined),DefenderAntivirus,"Run Get-ItemProperty ""HKLM:\SOFTWARE\Policies\Microsoft\Windows Defender\Windows Defender Exploit Guard\ASR\Rules"" -Name ""75668c1f-73b5-4cf0-bb93-3ecf5cb7cc84""",Registry,18.10.42.6.1.2,10.5 (IG2),NA,"SI-3, SI-16, CM-7",Disabling allows Office-based process injection attacks.,Func:L / Sec:L - Servers rarely run Office; minimal operational impact.,Warning Allowed
ASRBlockPersistenceThroughWMIEventSubscription,,,Block persistence through WMI event subscription (File and folder exclusions not supported),"ASR rule that blocks persistence mechanisms using WMI event subscriptions, a common living-off-the-land technique.",HKLM:\SOFTWARE\Policies\Microsoft\Windows Defender\Windows Defender Exploit Guard\ASR\Rules,e6db77e5-3df2-4cf1-b95a-636979351e5b,REG_DWORD,,,,2,"Range(0, 2)",Equals(2),Important,Azure Local Member Server (domain joined),DefenderAntivirus,"Run Get-ItemProperty ""HKLM:\SOFTWARE\Policies\Microsoft\Windows Defender\Windows Defender Exploit Guard\ASR\Rules"" -Name ""e6db77e5-3df2-4cf1-b95a-636979351e5b""",Registry,18.10.42.6.1.2,10.5 (IG2),WNDF-AV-000048,SC-18(4),Disabling allows attackers to establish persistent footholds via WMI event subscriptions.,Func:M / Sec:H - Blocking may affect legitimate monitoring tools using WMI subscriptions.,Warning Allowed
ASRBlockPotentiallyObfuscatedScripts,,,Block execution of potentially obfuscated scripts,"ASR rule that blocks execution of potentially obfuscated scripts, detecting and preventing script-based evasion.",HKLM:\SOFTWARE\Policies\Microsoft\Windows Defender\Windows Defender Exploit Guard\ASR\Rules,5beb7efe-fd9a-4556-801d-275e5ffc04cc,REG_DWORD,,,,1,"Range(0, 2)",Equals(1),Critical,Azure Local Member Server (domain joined),DefenderAntivirus,"Run Get-ItemProperty ""HKLM:\SOFTWARE\Policies\Microsoft\Windows Defender\Windows Defender Exploit Guard\ASR\Rules"" -Name ""5beb7efe-fd9a-4556-801d-275e5ffc04cc""",Registry,18.10.42.6.1.2,10.5 (IG2),WNDF-AV-000037,SC-18(4),Disabling allows obfuscated malicious scripts to execute without inspection.,Func:M / Sec:M - May flag legitimate encoded scripts; test in audit mode first.,Warning Allowed
ASRBlockProcessCreationFromPSExecAndWMICommands,,,Block process creations originating from PSExec and WMI commands,ASR rule that blocks process creations originating from PSExec and WMI commands. Baseline sets Audit (2) for Azure Local because LCM depends on WMI orchestration.,HKLM:\SOFTWARE\Policies\Microsoft\Windows Defender\Windows Defender Exploit Guard\ASR\Rules,d1e49aac-8f56-4280-b9ba-993a6d77406c,REG_DWORD,,,,2,"Range(0, 2)",Equals(2),Important,Azure Local Member Server (domain joined),DefenderAntivirus,"Run Get-ItemProperty ""HKLM:\SOFTWARE\Policies\Microsoft\Windows Defender\Windows Defender Exploit Guard\ASR\Rules"" -Name ""d1e49aac-8f56-4280-b9ba-993a6d77406c""",Registry,18.10.42.6.1.2,10.5 (IG2),WNDF-AV-000047,SC-18(4),"Setting to Block (1) prevents WMI-based remote process creation, breaking lifecycle management orchestration.",Func:Critical / Sec:M - Setting to Block breaks remote management tools that rely on WMI; keep as Audit on managed servers.,Blocked
ASRBlockRebootingMachineInSafeMode,,,Block rebooting machine in Safe Mode (preview),"ASR rule that blocks processes from rebooting the machine into Safe Mode, preventing attackers from disabling security controls.",HKLM:\SOFTWARE\Policies\Microsoft\Windows Defender\Windows Defender Exploit Guard\ASR\Rules,33ddedf1-c6e0-47cb-833e-de6133960387,REG_DWORD,,,,2,"Range(0, 2)",Equals(2),Important,Azure Local Member Server (domain joined),DefenderAntivirus,"Run Get-ItemProperty ""HKLM:\SOFTWARE\Policies\Microsoft\Windows Defender\Windows Defender Exploit Guard\ASR\Rules"" -Name ""33ddedf1-c6e0-47cb-833e-de6133960387""",Registry,18.10.42.6.1.2,10.5 (IG2),NA,"SI-3, CM-7",Disabling allows malware to reboot into Safe Mode where security tools are disabled.,Func:L / Sec:M - Minimal operational impact; Safe Mode reboots are rarely needed in production.,Warning Allowed
ASRBlockUntrustedAndUnsignedProcessesRunningFromUSB,,,Block untrusted and unsigned processes that run from USB,ASR rule that blocks untrusted and unsigned processes from running from USB removable drives.,HKLM:\SOFTWARE\Policies\Microsoft\Windows Defender\Windows Defender Exploit Guard\ASR\Rules,b2b3f03d-6a65-4f7b-a9c7-1c7ef74a9ba4,REG_DWORD,,,,1,"Range(0, 2)",Equals(1),Critical,Azure Local Member Server (domain joined),DefenderAntivirus,"Run Get-ItemProperty ""HKLM:\SOFTWARE\Policies\Microsoft\Windows Defender\Windows Defender Exploit Guard\ASR\Rules"" -Name ""b2b3f03d-6a65-4f7b-a9c7-1c7ef74a9ba4""",Registry,18.10.42.6.1.2,10.5 (IG2),WNDF-AV-000045,SC-18(4),Disabling allows execution of untrusted code from removable media.,Func:L / Sec:L - Server environments rarely use USB drives; minimal operational impact.,Warning Allowed
ASRBlockUseOfCopiedOrImpersonatedSystemTools,,,Block use of copied or impersonated system tools (preview),"ASR rule that blocks use of copied or impersonated system tools, preventing living-off-the-land binary (LOLBin) abuse.",HKLM:\SOFTWARE\Policies\Microsoft\Windows Defender\Windows Defender Exploit Guard\ASR\Rules,c0033c00-d16d-4114-a5a0-dc9b3a7d2ceb,REG_DWORD,,,,2,"Range(0, 2)",Equals(2),Important,Azure Local Member Server (domain joined),DefenderAntivirus,"Run Get-ItemProperty ""HKLM:\SOFTWARE\Policies\Microsoft\Windows Defender\Windows Defender Exploit Guard\ASR\Rules"" -Name ""c0033c00-d16d-4114-a5a0-dc9b3a7d2ceb""",Registry,18.10.42.6.1.2,10.5 (IG2),NA,"SI-3, CM-7",Disabling allows attackers to use renamed copies of system tools to evade detection.,Func:M / Sec:M - May affect legitimate admin tools if they copy system binaries; test in audit mode.,Warning Allowed
ASRBlockWebshellCreationForServers,,,Block Webshell creation for Servers,"ASR rule that blocks webshell creation on servers, preventing web-based backdoor deployment.",HKLM:\SOFTWARE\Policies\Microsoft\Windows Defender\Windows Defender Exploit Guard\ASR\Rules,a8f5898e-1dc8-49a9-9878-85004b8a61e6,REG_DWORD,,,,1,"Range(0, 2)",Equals(1),Critical,Azure Local Member Server (domain joined),DefenderAntivirus,"Run Get-ItemProperty ""HKLM:\SOFTWARE\Policies\Microsoft\Windows Defender\Windows Defender Exploit Guard\ASR\Rules"" -Name ""a8f5898e-1dc8-49a9-9878-85004b8a61e6""",Registry,18.10.42.6.1.2,10.5 (IG2),NA,"SI-3, CM-7, SC-7",Disabling allows creation of webshell files that provide persistent remote access to attackers.,Func:L / Sec:H - Critical server protection; webshells are a primary post-exploitation technique.,Warning Allowed
ASRBlockWIN32APIFromOfficeMacros,,,Block Win32 API calls from Office macros,"ASR rule that blocks Win32 API calls from Office macros, preventing advanced macro-based attacks.",HKLM:\SOFTWARE\Policies\Microsoft\Windows Defender\Windows Defender Exploit Guard\ASR\Rules,92e97fa1-2edf-4476-bdd6-9dd0b4dddc7b,REG_DWORD,,,,0,"Range(0, 2)",Equals(0),Informational,Azure Local Member Server (domain joined),DefenderAntivirus,"Run Get-ItemProperty ""HKLM:\SOFTWARE\Policies\Microsoft\Windows Defender\Windows Defender Exploit Guard\ASR\Rules"" -Name ""92e97fa1-2edf-4476-bdd6-9dd0b4dddc7b""",Registry,18.10.42.6.1.2,10.5 (IG2),NA,"SI-3, CM-7",Disabling allows Office macros to call Win32 APIs for system-level operations.,Func:L / Sec:L - Servers rarely run Office macros; minimal operational impact.,Warning Allowed
ASRUseAdvancedProtectionAgainstRansomware,,,Use advanced protection against ransomware,ASR rule that enables advanced heuristic protection against ransomware behavior patterns.,HKLM:\SOFTWARE\Policies\Microsoft\Windows Defender\Windows Defender Exploit Guard\ASR\Rules,c1db55ab-c21a-4637-bb3f-a12568109d35,REG_DWORD,,,,1,"Range(0, 2)",Equals(1),Critical,Azure Local Member Server (domain joined),DefenderAntivirus,"Run Get-ItemProperty ""HKLM:\SOFTWARE\Policies\Microsoft\Windows Defender\Windows Defender Exploit Guard\ASR\Rules"" -Name ""c1db55ab-c21a-4637-bb3f-a12568109d35""",Registry,18.10.42.6.1.2,10.5 (IG2),WNDF-AV-000046,SC-18(4),"Disabling removes ransomware-specific behavioral detection, relying only on signature-based protection.",Func:L / Sec:H - Critical anti-ransomware layer; disabling significantly increases ransomware risk.,Warning Allowed
AttackSurfaceReductionRules,d2d187ef-0321-4e5e-95aa-ac03f16e6373,AZ-WIN-202205,Configure Attack Surface Reduction rules,"Master configuration for Attack Surface Reduction rules. Controls whether individual ASR rules are enabled, audited, or disabled.",HKLM:\SOFTWARE\Policies\Microsoft\Windows Defender\Windows Defender Exploit Guard\ASR,ExploitGuard_ASR_Rules,REG_DWORD,,,,1,"Range(0, 1)",Equals(1),Critical,Azure Local Member Server (domain joined),DefenderAntivirus,"Run Get-ItemProperty ""HKLM:\SOFTWARE\Policies\Microsoft\Windows Defender\Windows Defender Exploit Guard\ASR"" -Name ""ExploitGuard_ASR_Rules""",Registry,18.10.42.6.1.1,10.5 (IG2),NA,"SI-3, CM-7, CM-6","Disabling removes all ASR protections at once, eliminating a critical defense-in-depth layer.",Func:M / Sec:H - Master switch for all ASR rules; disabling removes multiple security protections simultaneously.,Warning Allowed
DisableAntiSpyware,,,Turn off Microsoft Defender AntiVirus,Controls whether Microsoft Defender Antivirus is enabled. Must be 0 (enabled) to provide antimalware protection.,HKLM:\SOFTWARE\Policies\Microsoft\Windows Defender,DisableAntiSpyware,REG_DWORD,,,,0,"Range(0, 1)",Equals(0),Critical,Azure Local Member Server (domain joined),DefenderAntivirus,"Run Get-ItemProperty ""HKLM:\SOFTWARE\Policies\Microsoft\Windows Defender"" -Name ""DisableAntiSpyware""",Registry,NA,NA,WNDF-AV-000004,SI-3,"Enabling this setting (value 1) completely disables Microsoft Defender AV, removing all malware protection.",Func:L / Sec:Critical - Disabling the antivirus engine removes all real-time and scan-based malware protection.,Blocked
DisableAutoExclusions,,,Turn off Auto Exclusions,"Controls automatic exclusions for server roles. When enabled, Defender automatically excludes files/paths for detected server roles.",HKLM:\SOFTWARE\Policies\Microsoft\Windows Defender\Exclusions,DisableAutoExclusions,REG_DWORD,,,,0,"Range(0, 1)",Equals(0),Critical,Azure Local Member Server (domain joined),DefenderAntivirus,"Run Get-ItemProperty ""HKLM:\SOFTWARE\Policies\Microsoft\Windows Defender\Exclusions"" -Name ""DisableAutoExclusions""",Registry,NA,NA,WNDF-AV-000007,SI-3,Disabling auto-exclusions may cause performance impact on server workloads or false positives on role-specific files.,Func:M / Sec:L - Auto-exclusions are a performance optimization; disabling increases scan coverage but may impact performance.,Warning Allowed
DisableBehaviorMonitoring,,,Turn on behavior monitoring,Controls real-time behavior monitoring for suspicious process activity patterns.,HKLM:\SOFTWARE\Policies\Microsoft\Windows Defender\Real-Time Protection,DisableBehaviorMonitoring,REG_DWORD,,,,0,"Range(0, 1)",Equals(0),Critical,Azure Local Member Server (domain joined),DefenderAntivirus,"Run Get-ItemProperty ""HKLM:\SOFTWARE\Policies\Microsoft\Windows Defender\Real-Time Protection"" -Name ""DisableBehaviorMonitoring""",Registry,18.10.42.10.4,10.7 (IG2),WNDF-AV-000016,SC-18(4),Disabling removes behavioral detection of fileless malware and living-off-the-land attacks.,Func:L / Sec:H - Behavioral monitoring catches threats that signature-based detection misses.,Warning Allowed
DisableBlockAtFirstSeen,,,Configure the 'Block at First Sight' feature,"Controls Block at First Seen (BAFS), which uses cloud intelligence to block new malware within seconds of first detection.",HKLM:\SOFTWARE\Policies\Microsoft\Windows Defender\SpyNet,DisableBlockAtFirstSeen,REG_DWORD,,,,0,"Range(0, 1)",Equals(0),Critical,Azure Local Member Server (domain joined),DefenderAntivirus,"Run Get-ItemProperty ""HKLM:\SOFTWARE\Policies\Microsoft\Windows Defender\Spynet"" -Name ""DisableBlockAtFirstSeen""",Registry,NA,NA,NA,"SI-3, SI-4","Disabling removes rapid cloud-based verdict for unknown files, increasing window of exposure to zero-day threats.",Func:L / Sec:M - Requires cloud connectivity; disconnected environments cannot use this feature.,Warning Allowed
DisableEmailScanning,,,Turn on e-mail scanning,"Controls scanning of email files (PST, DBX, MBX) by the Defender scan engine.",HKLM:\SOFTWARE\Policies\Microsoft\Windows Defender\Scan,DisableEmailScanning,REG_DWORD,,,,0,"Range(0, 1)",Equals(0),Critical,Azure Local Member Server (domain joined),DefenderAntivirus,"Run Get-ItemProperty ""HKLM:\SOFTWARE\Policies\Microsoft\Windows Defender\Scan"" -Name ""DisableEmailScanning""",Registry,18.10.42.13.5,10.1 (IG1),WNDF-AV-000027,SC-18(4),Disabling prevents detection of malware stored in email archives on the server.,Func:L / Sec:L - Most servers do not store email locally; impact depends on workload.,Warning Allowed
DisableIOAVProtection,,,Scan all downloaded files and attachments,Controls scanning of all downloaded files and attachments (IOAV = Internet Originated Attachment/Volume).,HKLM:\SOFTWARE\Policies\Microsoft\Windows Defender\Real-Time Protection,DisableIOAVProtection,REG_DWORD,,,,0,"Range(0, 1)",Equals(0),Critical,Azure Local Member Server (domain joined),DefenderAntivirus,"Run Get-ItemProperty ""HKLM:\SOFTWARE\Policies\Microsoft\Windows Defender\Real-Time Protection"" -Name ""DisableIOAVProtection""",Registry,18.10.42.10.2,10.1 (IG1),WNDF-AV-000015,SC-18(3),Disabling removes automatic scanning of files downloaded from the internet.,Func:L / Sec:M - Important for servers that download content; less relevant for isolated infrastructure.,Warning Allowed
DisableRealtimeMonitoring,,,Turn off real-time protection,Controls real-time file access scanning. Must be 0 (enabled) for continuous malware protection.,HKLM:\SOFTWARE\Policies\Microsoft\Windows Defender\Real-Time Protection,DisableRealtimeMonitoring,REG_DWORD,,,,0,"Range(0, 1)",Equals(0),Critical,Azure Local Member Server (domain joined),DefenderAntivirus,"Run Get-ItemProperty ""HKLM:\SOFTWARE\Policies\Microsoft\Windows Defender\Real-Time Protection"" -Name ""DisableRealtimeMonitoring""",Registry,18.10.42.10.3,10.1 (IG1),WNDF-AV-000021,SI-3,"Disabling removes all real-time file scanning, allowing malware to execute without detection.",Func:L / Sec:Critical - Real-time protection is the primary defense layer; disabling creates critical exposure.,Blocked
DisableRemovableDriveScanning,,,Scan removable drives,Controls scanning of removable drives (USB) during full scans.,HKLM:\SOFTWARE\Policies\Microsoft\Windows Defender\Scan,DisableRemovableDriveScanning,REG_DWORD,,,,0,"Range(0, 1)",Equals(0),Critical,Azure Local Member Server (domain joined),DefenderAntivirus,"Run Get-ItemProperty ""HKLM:\SOFTWARE\Policies\Microsoft\Windows Defender\Scan"" -Name ""DisableRemovableDriveScanning""",Registry,18.10.42.13.3,10.4 (IG2),WNDF-AV-000025,MA-3(2),Disabling prevents detection of malware on removable media during scans.,Func:L / Sec:L - Server environments rarely use removable drives; minimal impact.,Warning Allowed
DisableRoutinelyTakingAction,,,Turn off routine remediation,Controls whether Defender automatically remediates detected threats or requires manual action.,HKLM:\SOFTWARE\Policies\Microsoft\Windows Defender,DisableRoutinelyTakingAction,REG_DWORD,,,,0,"Range(0, 1)",Equals(0),Critical,Azure Local Member Server (domain joined),DefenderAntivirus,"Run Get-ItemProperty ""HKLM:\SOFTWARE\Policies\Microsoft\Windows Defender"" -Name ""DisableRoutinelyTakingAction""",Registry,NA,NA,WNDF-AV-000003,SI-3,"Enabling prevents automatic remediation, leaving detected threats active until manually addressed.",Func:L / Sec:M - Manual remediation increases response time; automatic action is preferred for servers.,Warning Allowed
DisableScanOnUpdate,,,Turn on scan after security intelligence update,Controls whether a scan is triggered after a security intelligence (signature) update.,HKLM:\SOFTWARE\Policies\Microsoft\Windows Defender\Signature Updates,DisableScanOnUpdate,REG_DWORD,,,,0,"Range(0, 1)",Equals(0),Critical,Azure Local Member Server (domain joined),DefenderAntivirus,"Run Get-ItemProperty ""HKLM:\SOFTWARE\Policies\Microsoft\Windows Defender\Signature Updates"" -Name ""DisableScanOnUpdate""",Registry,NA,NA,WNDF-AV-000065,SI-3,"Disabling prevents immediate scanning with new signatures, delaying detection of newly-identified threats.",Func:L / Sec:L - Scheduled scans still occur; post-update scan is an additional detection opportunity.,Warning Allowed
DisableScriptScanning,,,Turn on script scanning,"Controls real-time scanning of scripts (PowerShell, VBScript, JavaScript) during execution.",HKLM:\SOFTWARE\Policies\Microsoft\Windows Defender\Real-Time Protection,DisableScriptScanning,REG_DWORD,,,,0,"Range(0, 1)",Equals(0),Critical,Azure Local Member Server (domain joined),DefenderAntivirus,"Run Get-ItemProperty ""HKLM:\SOFTWARE\Policies\Microsoft\Windows Defender\Real-Time Protection"" -Name ""DisableScriptScanning""",Registry,18.10.42.10.5,10.7 (IG2),WNDF-AV-000064,SI-3,"Disabling removes script-level malware detection, a critical vector for fileless attacks.",Func:L / Sec:H - Script scanning is essential for detecting PowerShell-based attacks on servers.,Warning Allowed
DisallowExploitProtectionOverride,,,Prevent users from modifying settings,"Prevents users from modifying Exploit Protection settings, ensuring centrally managed mitigations remain enforced.",HKLM:\SOFTWARE\Policies\Microsoft\Windows Defender Security Center\App and Browser protection,DisallowExploitProtectionOverride,REG_DWORD,,,,1,"Range(0, 1)",Equals(1),Critical,Azure Local Member Server (domain joined),DefenderAntivirus,"Run Get-ItemProperty ""HKLM:\SOFTWARE\Policies\Microsoft\Windows Defender Security Center\App and Browser protection"" -Name ""DisallowExploitProtectionOverride""",Registry,NA,NA,NA,"CM-6, CM-7, SI-16",Allowing overrides lets users weaken exploit mitigations on individual applications.,Func:L / Sec:L - Administrative setting; minimal operational impact.,Warning Allowed
EnableConvertWarnToBlock,,,Convert warn verdict to block,"Converts Network Protection warn verdicts to block actions, enforcing stricter network filtering.",HKLM:\SOFTWARE\Policies\Microsoft\Windows Defender\NIS,EnableConvertWarnToBlock,REG_DWORD,,,,0,"Range(0, 1)",Equals(0),Important,Azure Local Member Server (domain joined),DefenderAntivirus,"Run Get-ItemProperty ""HKLM:\SOFTWARE\Policies\Microsoft\Windows Defender\NIS"" -Name ""EnableConvertWarnToBlock""",Registry,NA,NA,WNDF-AV-000074,SC-18(4),Disabling allows users to bypass network protection warnings and access potentially malicious sites.,Func:L / Sec:L - Strengthens network protection; minimal operational impact on servers.,Warning Allowed
EngineRing,,,Select the channel for Microsoft Defender monthly engine updates,"Controls the update ring for the Defender antimalware engine, determining how quickly engine updates are received.",HKLM:\SOFTWARE\Policies\Microsoft\Windows Defender,EngineRing,REG_DWORD,,,,5,"OneOf(Equals(2),Equals(3),Equals(4),Equals(5),Equals(6))","OneOf(Equals(5),Equals(6))",Critical,Azure Local Member Server (domain joined),DefenderAntivirus,"Run Get-ItemProperty ""HKLM:\SOFTWARE\Policies\Microsoft\Windows Defender"" -Name ""EngineRing""",Registry,NA,NA,NA,"SI-2, SI-3","Changing to a slower ring delays engine updates, potentially missing protection improvements.",Func:L / Sec:L - Update ring selection is an operational choice; production servers typically use stable ring.,Warning Allowed
HideExclusionsFromLocalAdmins,,,Control whether or not exclusions are visible to Local Admins,"Hides configured scan exclusions from local administrators, preventing exclusion discovery for evasion.",HKLM:\SOFTWARE\Policies\Microsoft\Windows Defender,HideExclusionsFromLocalAdmins,REG_DWORD,,,,1,"Range(0, 1)",Equals(1),Important,Azure Local Member Server (domain joined),DefenderAntivirus,"Run Get-ItemProperty ""HKLM:\SOFTWARE\Policies\Microsoft\Windows Defender"" -Name ""HideExclusionsFromLocalAdmins""",Registry,NA,NA,NA,"SI-3, AC-6, CM-6",Showing exclusions allows attackers to discover safe paths for placing malware.,Func:L / Sec:M - Security hardening; may complicate legitimate troubleshooting of exclusion issues.,Warning Allowed
HideExclusionsFromLocalUsers,,,Control whether exclusions are visible to local users,"Hides configured scan exclusions from standard users, preventing exclusion discovery.",HKLM:\SOFTWARE\Policies\Microsoft\Windows Defender,HideExclusionsFromLocalUsers,REG_DWORD,,,,1,"Range(0, 1)",Equals(1),Critical,Azure Local Member Server (domain joined),DefenderAntivirus,"Run Get-ItemProperty ""HKLM:\SOFTWARE\Policies\Microsoft\Windows Defender"" -Name ""HideExclusionsFromLocalUsers""",Registry,NA,NA,NA,"SI-3, AC-6, CM-6",Showing exclusions to users allows potential discovery of unmonitored paths.,Func:L / Sec:L - Standard users should not see security configuration details.,Warning Allowed
LocalSettingOverrideSpynetReporting,,,Configure local setting override for reporting to Microsoft MAPS,Controls whether local policy can override cloud protection (MAPS) reporting settings.,HKLM:\SOFTWARE\Policies\Microsoft\Windows Defender\SpyNet,LocalSettingOverrideSpynetReporting,REG_DWORD,,,,0,"Range(0, 1)",Equals(0),Important,Azure Local Member Server (domain joined),DefenderAntivirus,"Run Get-ItemProperty ""HKLM:\SOFTWARE\Policies\Microsoft\Windows Defender\SpyNet"" -Name ""LocalSettingOverrideSpynetReporting""",Registry,NA,NA,WNDF-AV-000008,SC-18(4),Allowing local overrides lets individual machines opt out of cloud-based threat intelligence sharing.,Func:L / Sec:L - Administrative enforcement setting; minimal operational impact.,Warning Allowed
MpCloudBlockLevel,,,Select cloud protection level,Sets the aggressiveness of cloud-based blocking. Higher levels increase detection but may cause more false positives.,HKLM:\SOFTWARE\Policies\Microsoft\Windows Defender\MpEngine,MpCloudBlockLevel,REG_DWORD,,,,2,"OneOf(Equals(0),Equals(1),Equals(2),Equals(4),Equals(6))","OneOf(Equals(2),Equals(4),Equals(6))",Critical,Azure Local Member Server (domain joined),DefenderAntivirus,"Run Get-ItemProperty ""HKLM:\SOFTWARE\Policies\Microsoft\Windows Defender\MpEngine"" -Name ""MpCloudBlockLevel""",Registry,NA,NA,WNDF-AV-000073,SC-18(4),Lowering the cloud block level reduces detection of emerging threats from cloud intelligence.,Func:L / Sec:M - Higher levels may cause false positives; balance with workload requirements.,Warning Allowed
OobeEnableRtpAndSigUpdate,,,Configure real-time protection and Security Intelligence Updates during OOBE,"Enables real-time protection and signature updates during the Out of Box Experience (OOBE), ensuring protection from first boot.",HKLM:\SOFTWARE\Policies\Microsoft\Windows Defender\Real-Time Protection,OobeEnableRtpAndSigUpdate,REG_DWORD,,,,1,"Range(0, 1)",Equals(1),Critical,Azure Local Member Server (domain joined),DefenderAntivirus,"Run Get-ItemProperty ""HKLM:\SOFTWARE\Policies\Microsoft\Windows Defender\Real-Time Protection"" -Name ""OobeEnableRtpAndSigUpdate""",Registry,18.10.42.10.1,10.1 (IG1),WNDF-AV-000065,SI-3,"Disabling leaves the system unprotected during initial setup, creating a window of vulnerability.",Func:L / Sec:L - Only affects initial deployment; production servers are past OOBE.,Warning Allowed
PlatformRing,,,Select the channel for Microsoft Defender monthly platform updates,"Controls the update ring for the Defender platform, determining how quickly platform updates are received.",HKLM:\SOFTWARE\Policies\Microsoft\Windows Defender,PlatformRing,REG_DWORD,,,,5,"OneOf(Equals(2),Equals(3),Equals(4),Equals(5),Equals(6))","OneOf(Equals(5),Equals(6))",Critical,Azure Local Member Server (domain joined),DefenderAntivirus,"Run Get-ItemProperty ""HKLM:\SOFTWARE\Policies\Microsoft\Windows Defender"" -Name ""PlatformRing""",Registry,NA,NA,NA,"SI-2, SI-3",Changing to a slower ring delays platform updates and new feature availability.,Func:L / Sec:L - Update ring selection is an operational choice.,Warning Allowed
PUAProtection,,,Configure detection for potentially unwanted applications,Enables detection and blocking of Potentially Unwanted Applications (PUA) such as adware and bundleware.,HKLM:\SOFTWARE\Policies\Microsoft\Windows Defender,PUAProtection,REG_DWORD,,,,1,"OneOf(Equals(0),Equals(1),Equals(2))",Equals(1),Critical,Azure Local Member Server (domain joined),DefenderAntivirus,"Run Get-ItemProperty ""HKLM:\SOFTWARE\Policies\Microsoft\Windows Defender"" -Name ""PUAProtection""",Registry,18.10.42.16,10.1 (IG1),WNDF-AV-000001,SI-3,Disabling allows PUA software to install without detection or blocking.,Func:L / Sec:L - PUA is less relevant on servers but provides defense-in-depth.,Warning Allowed
QuickScanIncludeExclusions,,,Scan excluded files and directories during quick scans,"Controls whether quick scans also scan files in exclusion paths, providing additional coverage.",HKLM:\SOFTWARE\Policies\Microsoft\Windows Defender\Scan,QuickScanIncludeExclusions,REG_DWORD,,,,1,"Range(0, 1)",Equals(1),Important,Azure Local Member Server (domain joined),DefenderAntivirus,"Run Get-ItemProperty ""HKLM:\SOFTWARE\Policies\Microsoft\Windows Defender\Scan"" -Name ""QuickScanIncludeExclusions""",Registry,18.10.42.13.1,10.1 (IG1),WNDF-AV-000007,SI-3,Excluding these paths from quick scans reduces scan coverage.,Func:L / Sec:L - Quick scan scope adjustment; full scans still cover all paths.,Warning Allowed
SchedulerRandomizationTime,,,Configure scheduled task times randomization window,Sets the randomization window (in hours) for scheduled scan start times to avoid all machines scanning simultaneously.,HKLM:\SOFTWARE\Policies\Microsoft\Windows Defender,SchedulerRandomizationTime,REG_DWORD,,,,4,"Range(0, 23)","Range(1, 4)",Important,Azure Local Member Server (domain joined),DefenderAntivirus,"Run Get-ItemProperty ""HKLM:\SOFTWARE\Policies\Microsoft\Windows Defender"" -Name ""SchedulerRandomizationTime""",Registry,NA,NA,WNDF-AV-000026,SI-3,"No randomization causes all machines to scan at the same time, potentially causing resource spikes.",Func:L / Sec:L - Performance optimization; no security impact.,Warning Allowed
SignaturesRing,,,Select the channel for Microsoft Defender daily security intelligence updates,Controls the update ring for signature/security intelligence updates.,HKLM:\SOFTWARE\Policies\Microsoft\Windows Defender,SignaturesRing,REG_DWORD,,,,5,"OneOf(Equals(4),Equals(5))",Equals(5),Critical,Azure Local Member Server (domain joined),DefenderAntivirus,"Run Get-ItemProperty ""HKLM:\SOFTWARE\Policies\Microsoft\Windows Defender"" -Name ""SignaturesRing""",Registry,NA,NA,WNDF-AV-000013,SC-18(3),"Slower ring delays signature updates, increasing the window of exposure to newly identified threats.",Func:L / Sec:L - Update ring selection; production typically uses stable ring.,Warning Allowed
SpynetReporting,,,Join Microsoft MAPS,Controls Microsoft MAPS (cloud protection) membership level. Advanced membership provides enhanced cloud-based protection.,HKLM:\SOFTWARE\Policies\Microsoft\Windows Defender\SpyNet,SpynetReporting,REG_DWORD,,,,2,"Range(0, 2)",Equals(2),Critical,Azure Local Member Server (domain joined),DefenderAntivirus,"Run Get-ItemProperty ""HKLM:\SOFTWARE\Policies\Microsoft\Windows Defender\Spynet"" -Name ""SpynetReporting""",Registry,NA,NA,WNDF-AV-000010,SC-18(4),"Disabling MAPS removes cloud-based threat intelligence, relying only on local signatures.",Func:L / Sec:M - Cloud intelligence significantly improves detection; required for Block at First Seen.,Warning Allowed
SubmitSamplesConsent,,,Send file samples when further analysis is required,Controls automatic sample submission to Microsoft for cloud analysis. Safe samples (no PII) are sent by default.,HKLM:\SOFTWARE\Policies\Microsoft\Windows Defender\SpyNet,SubmitSamplesConsent,REG_DWORD,,,,1,"Range(0, 3)","OneOf(Equals(1),Equals(3))",Critical,Azure Local Member Server (domain joined),DefenderAntivirus,"Run Get-ItemProperty ""HKLM:\SOFTWARE\Policies\Microsoft\Windows Defender\Spynet"" -Name ""SubmitSamplesConsent""",Registry,NA,NA,WNDF-AV-000011,SC-18(4),Disabling prevents cloud-based deep analysis of suspicious files.,Func:L / Sec:L - Required for full cloud protection; disconnected environments cannot use this.,Warning Allowed
ConfigureSystemGuardLaunch,61156130-85d1-4609-9cd5-01351a0ca7c3,AZ-WIN-202247,Secured-Core SystemGuard (DRTM),Enables System Guard Secure Launch (DRTM) to protect boot from firmware attacks.,HKLM:\SOFTWARE\Policies\Microsoft\Windows\DeviceGuard,ConfigureSystemGuardLaunch,REG_DWORD,./Vendor/MSFT/Policy,Config/DeviceGuard/ConfigureSystemGuardLaunch,Integer,1,"Range(0, 2)",Equals(1),Critical,Azure Local Member Server (domain joined),SecuredCore,,SecuredCore,NA,NA,WN25-CC-000010,"SI-7, SC-39","Without DRTM, firmware attacks can compromise the security chain before OS loads.",Low - Enables hardware-based root of trust (DRTM); no application compatibility impact,Warning Allowed
EnableVirtualizationBasedSecurity,202b60aa-5854-458d-a315-f394c7660df8,AZ-WIN-202245,Secured-Core Virtualization Based Security (VBS),Enables Virtualization Based Security (VBS) to isolate critical OS components.,HKLM:\SOFTWARE\Policies\Microsoft\Windows\DeviceGuard,EnableVirtualizationBasedSecurity,REG_DWORD,./Vendor/MSFT/Policy,Config/DeviceGuard/EnableVirtualizationBasedSecurity,Integer,1,"Range(0, 1)",Equals(1),Critical,Azure Local Member Server (domain joined),SecuredCore,,SecuredCore,NA,NA,WN25-CC-000020,"SC-39, SI-7",Disabling VBS removes memory isolation for credentials and code integrity.,Low - Enables Virtualization Based Security; foundational for Credential Guard and HVCI with minimal operational risk,Warning Allowed
HypervisorEnforcedCodeIntegrity,3783b34c-f774-4034-99f0-3e53874d559e,AZ-WIN-202246,Secured-Core Hypervisor-protected Code Integrity (HVCI),Enables Hypervisor-protected Code Integrity (HVCI) for kernel-mode code signing.,HKLM:\SOFTWARE\Policies\Microsoft\Windows\DeviceGuard,HypervisorEnforcedCodeIntegrity,REG_DWORD,./Vendor/MSFT/Policy,Config/VirtualizationBasedTechnology/HypervisorEnforcedCodeIntegrity,Integer,2,"Range(0, 2)","Range(1, 2)",Critical,Azure Local Member Server (domain joined),SecuredCore,,SecuredCore,NA,NA,WN25-CC-000030,"SI-7, CM-14","Disabling HVCI allows unsigned kernel drivers, increasing rootkit exposure.",Low - Enforces kernel-mode code integrity via hypervisor; may block unsigned/incompatible drivers,Warning Allowed
BootDMAProtection,1b954f4b-ac61-478a-8ad9-75f953a6e76a,AZ-WIN-202250,Kernel Direct Memory Access (DMA) Protection,,,,,./Vendor/MSFT/DeviceStatus,DMA/BootDMAProtection,Integer,,,Equals(1),Critical,Azure Local Member Server (domain joined),SecuredCore,,SecuredCore,,,,,,,
HypervisorEnforcedCodeIntegrityStatus,3783b34c-f774-4034-99f0-3e53874d559e,AZ-WIN-202246,Hypervisor-protected Code Integrity (HVCI),,,,,./Vendor/MSFT/DeviceStatus,DeviceGuard/HVCIStatus,Integer,,,Equals(0),Critical,Azure Local Member Server (domain joined),SecuredCore,,SecuredCore,,,,,,,
SecureBootState,16281d26-36b2-49a7-8592-974bfce3f975,AZ-WIN-202248,Secure boot state,,,,,./Vendor/MSFT/DeviceStatus,SecureBootState,Integer,,,Equals(1),Critical,Azure Local Member Server (domain joined),SecuredCore,,SecuredCore,,,,,,,
SystemGuardStatus,61156130-85d1-4609-9cd5-01351a0ca7c3,AZ-WIN-202247,SystemGuard (DRTM),,,,,./Vendor/MSFT/DeviceStatus,DeviceGuard/SystemGuardStatus,Integer,,,Equals(0),Critical,Azure Local Member Server (domain joined),SecuredCore,,SecuredCore,,,,,,,
TPMVersion,e0780d07-8f0c-4b4a-a4a1-1237f7d2e6d0,AZ-WIN-202249,Trusted Platform Module (TPM) version >2.0,,,,,./Vendor/MSFT/DeviceStatus,TPM/SpecificationVersion,String,,,Pattern('2\.0'),Critical,Azure Local Member Server (domain joined),SecuredCore,,SecuredCore,,,,,,,
VirtualizationBasedSecurityStatus,202b60aa-5854-458d-a315-f394c7660df8,AZ-WIN-202245,Virtualization Based Security (VBS),,,,,./Vendor/MSFT/DeviceStatus,DeviceGuard/VirtualizationBasedSecurityStatus,Integer,,,Equals(0),Critical,Azure Local Member Server (domain joined),SecuredCore,,SecuredCore,,,,,,,
AfdDisableAddressSharing,,,System Services Afd DisableAddressSharing,Configures 'System Services Afd DisableAddressSharing' per security baseline requirements to enforce organizational security policy.,HKLM:\SYSTEM\CurrentControlSet\Services\Afd\Parameters,DisableAddressSharing,REG_DWORD,,,,1,"Range(0, 1)",Equals(1),Critical,Azure Local Member Server (domain joined),SecuritySettings,"Get-ItemProperty ""HKLM:\SYSTEM\CurrentControlSet\Services\Afd\Parameters"" -Name ""DisableAddressSharing""",Registry,NA,NA,NA,"CM-6, CM-7","Hardens the Ancillary Function Driver (AFD) by disabling socket address sharing, reducing local socket-hijacking opportunities.",Func:M / Sec:H — Network stack setting; affects socket sharing behavior,Warning Allowed
AllowAnonymousSIDOrNameTranslation,16f2e42a-e89d-43a3-b904-cb4d312a8e4a,CCE-10024-8,Network access: Allow anonymous SID/Name translation,"Controls the 'Network access: Allow anonymous SID/Name translation' right, limiting it to authorized accounts to reduce attack surface.",,,,./Vendor/MSFT/Policy,Config/LocalPoliciesSecurityOptions/NetworkAccess_AllowAnonymousSIDOrNameTranslation,Integer,0,"Range(0, 1)",Equals(0),Warning,Azure Local Member Server (domain joined),SecuritySettings,secedit /export /cfg $env:TEMP\secpol.cfg /quiet; (Select-String 'LSAAnonymousNameLookup' $env:TEMP\secpol.cfg).Line,Security Policy,2.3.10.1,Not Mapped,NA,"AC-14, AC-17, AC-2, AC-3, AC-6, SC-7","Disables anonymous SID-to-name translation, preventing unauthenticated callers from mapping SIDs to account names for reconnaissance. Re-enabling translation hands unauthenticated callers a SID-to-name enumeration surface for reconnaissance.",Func:L / Sec:H — Anonymous access control; changing exposes enumeration surface,Warning Allowed
AllowCustomSSPAPIntoLSASS,,,Allow Custom SSPs and APs to be loaded into LSASS,Controls loading of custom Security Support Providers into LSASS.,HKLM:\SOFTWARE\Policies\Microsoft\Windows\System,AllowCustomSSPsAPs,REG_DWORD,,,,1,"Range(0, 1)",Equals(1),Critical,Azure Local Member Server (domain joined),SecuritySettings,"Get-ItemProperty ""HKLM:\SOFTWARE\Policies\Microsoft\Windows\System"" -Name ""AllowCustomSSPsAPs""",Registry,2.3.11.1,6.8 (IG3),WN25-SO-000110,"SC-8, SC-8(1)","Restricts loading of custom security packages into LSASS, reducing the chance of malicious authentication packages harvesting credentials. Allowing custom packages back into LSASS reopens a path for malicious authentication packages to harvest credentials.",Func:M / Sec:H — LSA process protection; changing may affect credential providers,Warning Allowed
AllowedToFormatAndEjectRemovableMedia,01f87552-0d92-477a-91f6-1beb5b0c8b0e,CCE-37701-0,Devices: Allowed to format and eject removable media,Configures 'Devices: Allowed to format and eject removable media' per security baseline requirements to enforce organizational security policy.,HKLM:\SOFTWARE\Microsoft\Windows NT\CurrentVersion\Winlogon,AllocateDASD,REG_SZ,./Vendor/MSFT/Policy,Config/LocalPoliciesSecurityOptions/Devices_AllowedToFormatAndEjectRemovableMedia,String,0,"Range(0, 1)","OneOf(Equals('0'), Equals(''))",Warning,Azure Local Member Server (domain joined),SecuritySettings,Get-ItemProperty 'HKLM:\SOFTWARE\Microsoft\Windows NT\CurrentVersion\Winlogon' -Name 'AllocateDASD',Security Options,NA,NA,NA,"AC-2, AC-6","Restricts which users may format and eject removable media interactively, limiting console-side data-handling to authorized roles. Widening the allowed set lets unauthorized console users format or eject media holding system data.",Func:L / Sec:L — Removable-media policy; no cluster service dependency,Warning Allowed
AllowICMPRedirectOverrideOSPF,403670e7-8c1b-4c09-81f8-9c2f3c3ebe30,AZ-WIN-73503,Allow ICMP redirects to override OSPF generated routes,Configures 'Allow ICMP redirects to override OSPF generated routes' per security baseline requirements to enforce organizational security policy.,HKLM:\SYSTEM\CurrentControlSet\Services\Tcpip\Parameters,EnableICMPRedirect,REG_DWORD,,,,0,"Range(0, 1)",Equals(0),Informational,Azure Local Member Server (domain joined),SecuritySettings,"Get-ItemProperty ""HKLM:\SYSTEM\CurrentControlSet\Services\Tcpip\Parameters"" -Name ""EnableICMPRedirect""",Registry,18.5.4,"4.1 (IG1, IG2, IG3)",WN25-CC-000050,CM-6,"Legacy MSS network/kernel hardening '(EnableICMPRedirect) Allow ICMP redirects to override OSPF generated routes'. Tightens older TCP/IP and DLL-search behaviors (source routing, NetBIOS name release, DLL search order) to the recommended safer values. Reverting to the legacy values re-enables ICMP-redirect route injection and related TCP/IP spoofing weaknesses.",Func:L / Sec:M — Network protocol setting; standard hardening,Warning Allowed
AllowLocalSystemNULLSessionFallback,0b2803c7-33ac-4407-80f0-f09940bbe940,CCE-37035-3,Network security: Allow LocalSystem NULL session fallback,Configures 'Network security: Allow LocalSystem NULL session fallback' per security baseline requirements to enforce organizational security policy.,HKLM:\SYSTEM\CurrentControlSet\Control\Lsa\MSV1_0,AllowNullSessionFallback,REG_DWORD,./Vendor/MSFT/Policy,Config/LocalPoliciesSecurityOptions/NetworkSecurity_AllowLocalSystemNULLSessionFallback,Integer,0,"Range(0, 1)","OneOf(Equals(0), Equals(null))",Critical,Azure Local Member Server (domain joined),SecuritySettings,Get-ItemProperty 'HKLM:\SYSTEM\CurrentControlSet\Control\Lsa\MSV1_0' -Name 'AllowNullSessionFallback',Security Options,2.3.11.2,Not Mapped,WN25-SO-000270,CM-6,"Disables NULL-session fallback for the LocalSystem account (set to 0), so LocalSystem can no longer fall back to unauthenticated null-credential NTLM sessions. This removes an anonymous authentication path that could be used for credential-less enumeration or relay. Re-enabling fallback restores that anonymous NTLM path for credential-less enumeration or relay.",Func:L / Sec:H — NULL session fallback; changing exposes anonymous access surface,Warning Allowed
AllowLocalSystemToUseComputerIdentityForNTLM,e7d5034f-5652-4180-90c8-c49130acb3c6,CCE-38341-4,Network security: Allow Local System to use computer identity for NTLM,Configures 'Network security: Allow Local System to use computer identity for NTLM' per security baseline requirements to enforce organizational security policy.,HKLM:\SYSTEM\CurrentControlSet\Control\Lsa,UseMachineId,REG_DWORD,./Vendor/MSFT/Policy,Config/LocalPoliciesSecurityOptions/NetworkSecurity_AllowLocalSystemToUseComputerIdentityForNTLM,Integer,1,"Range(0, 1)",Equals(1),Critical,Azure Local Member Server (domain joined),SecuritySettings,Get-ItemProperty 'HKLM:\SYSTEM\CurrentControlSet\Control\Lsa' -Name 'UseMachineId',Security Options,2.3.11.1,Not Mapped,WN25-SO-000260,CM-6,"Configures whether Local System uses the computer identity for NTLM, ensuring consistent, expected service authentication behavior. Disabling it lets LocalSystem fall back to anonymous outbound NTLM, weakening service authentication assurance.",Func:H / Sec:H — Authentication protocol change may break inter-node cluster auth,Warning Allowed
AllowPKU2UAuthenticationAllowOnlineID,8ad78d25-6140-4899-9565-e053ce7d9a66,CCE-38047-7,Network Security: Allow PKU2U authentication requests to this computer to use online identities,Configures 'Network Security: Allow PKU2U authentication requests to this computer to use online identities' per security baseline requirements to enforce organizational security policy.,HKLM:\SYSTEM\CurrentControlSet\Control\Lsa\pku2u,AllowOnlineID,REG_DWORD,,,,1,"Range(0, 1)",Equals(1),Warning,Azure Local Member Server (domain joined),SecuritySettings,"Get-ItemProperty ""HKLM:\SYSTEM\CurrentControlSet\Control\Lsa\pku2u"" -Name ""AllowOnlineID""",Registry,2.3.11.3,"4.1 (IG1, IG2, IG3)",WN25-SO-000280,CM-6,"Allows this computer to accept PKU2U authentication requests that use online identities (the baseline sets AllowOnlineID to 1). Although STIG/CIS historically disable PKU2U, this baseline intentionally enables it because failover clustering relies on PKU2U for node-to-node authentication using Microsoft-trusted online identities. Setting it to 0 would confine authentication to domain/AD identities and can break cluster node communication and other online-identity peer logons.","Func:Critical / Sec:H — PKU2U is required by Cluster, and additionally for AD-less deployments; disabling breaks cluster authentication",Blocked
AllowSystemToBeShutDownWithoutHavingToLogOn,fa4d7c0b-987e-47f6-bf8b-f38f49e7c00b,CCE-36788-8,Shutdown: Allow system to be shut down without having to log on,Configures 'Shutdown: Allow system to be shut down without having to log on' per security baseline requirements to enforce organizational security policy.,HKLM:\SOFTWARE\Microsoft\Windows\CurrentVersion\Policies\System,ShutdownWithoutLogon,REG_DWORD,./Vendor/MSFT/Policy,Config/LocalPoliciesSecurityOptions/Shutdown_AllowSystemToBeShutDownWithoutHavingToLogOn,Integer,0,"Range(0, 1)","OneOf(Equals(0), Equals(null))",Warning,Azure Local Member Server (domain joined),SecuritySettings,Get-ItemProperty 'HKLM:\SOFTWARE\Microsoft\Windows\CurrentVersion\Policies\System' -Name 'ShutdownWithoutLogon',Security Options,2.3.13.1,Not Mapped,NA,"AC-2, AC-6, CM-6","Controls whether the host can be shut down from the logon screen without authenticating, limiting unauthenticated denial-of-availability at the console. Enabling shutdown-without-logon lets anyone at the console power off the host, an unauthenticated availability risk.",Func:L / Sec:L — Console-shutdown policy; no cluster functional impact,Warning Allowed
AllowUIAccessApplicationsToPromptForElevation,467c29d0-b1be-4113-937c-65583cedf2f0,CCE-36863-9,User Account Control: Allow UIAccess applications to prompt for elevation without using the secure desktop,Configures 'User Account Control: Allow UIAccess applications to prompt for elevation without using the secure desktop' per security baseline requirements to enforce organizational security policy.,HKLM:\SOFTWARE\Microsoft\Windows\CurrentVersion\Policies\System,EnableUIADesktopToggle,REG_DWORD,./Vendor/MSFT/Policy,Config/LocalPoliciesSecurityOptions/UserAccountControl_AllowUIAccessApplicationsToPromptForElevation,Integer,0,"Range(0, 1)",Equals(0),Critical,Azure Local Member Server (domain joined),SecuritySettings,Get-ItemProperty 'HKLM:\SOFTWARE\Microsoft\Windows\CurrentVersion\Policies\System' -Name 'EnableUIADesktopToggle',Security Options,2.3.17.2,Not Mapped,WN25-SO-000390,SC-3,"User Account Control control 'User Account Control: Allow UIAccess applications to prompt for elevation without using the secure desktop'. Maintains admin-approval elevation, secure-desktop prompting, installer detection, or token filtering that constrains silent privilege elevation by malware. Relaxing it allows UIAccess apps to prompt off the secure desktop, weakening protection against elevation spoofing.",Func:L / Sec:M — UAC elevation prompt behavior; no cluster functional impact,Warning Allowed
AppCompatTurnOffProgramInventory,c1557cd3-5d47-42af-b4e0-993ec42cd697,AZ-WIN-73543,Turn off Inventory Collector,Configures 'Turn off Inventory Collector' per security baseline requirements to enforce organizational security policy.,HKLM:\SOFTWARE\Policies\Microsoft\Windows\AppCompat,DisableInventory,REG_DWORD,,,,1,"Range(0, 1)",Equals(1),Informational,Azure Local Member Server (domain joined),SecuritySettings,"Get-ItemProperty ""HKLM:\SOFTWARE\Policies\Microsoft\Windows\AppCompat"" -Name ""DisableInventory""",Registry,NA,NA,WN25-CC-000200,CM-7,"Disables the Application Inventory Collector, stopping background inventory data collection and transmission. Re-enabling the collector resumes background inventory collection and outbound transmission of installed-software data.",Func:L / Sec:L — Inventory-telemetry policy; no cluster functional impact,Warning Allowed
AppInstallerExperimentalFeatures,TBD,TBD,Enable App Installer Experimental Features,Prevents App Installer from enabling experimental features that may introduce untested or insecure functionality.,HKLM:\SOFTWARE\Policies\Microsoft\Windows\AppInstaller,EnableExperimentalFeatures,REG_DWORD,,,,0,"Range(0, 1)",Equals(0),Important,Azure Local Member Server (domain joined),SecuritySettings,"Get-ItemProperty ""HKLM:\SOFTWARE\Policies\Microsoft\Windows\AppInstaller"" -Name ""EnableExperimentalFeatures""",Registry,18.10.18.2,"4.8 (IG2, IG3)",NA,"CM-6, CM-7","Disables App Installer experimental features, preventing use of unsupported, less-vetted installation behaviors. Re-enabling experimental features permits unsupported, less-vetted install behaviors as a software-delivery vector.",Func:L / Sec:M — Application installation policy; standard hardening,Warning Allowed
AppInstallerHashOverridesBypasses,TBD,TBD,Enable App Installer Hash Override,"Prevents App Installer from bypassing hash validation checks, ensuring package integrity verification.",HKLM:\SOFTWARE\Policies\Microsoft\Windows\AppInstaller,EnableHashOverride,REG_DWORD,,,,0,"Range(0, 1)",Equals(0),Critical,Azure Local Member Server (domain joined),SecuritySettings,"Get-ItemProperty ""HKLM:\SOFTWARE\Policies\Microsoft\Windows\AppInstaller"" -Name ""EnableHashOverride""",Registry,18.10.18.3,"4.8 (IG2, IG3)",NA,"CM-6, SI-7","App Installer hardening 'Enable App Installer Hash Override'. The baseline disables experimental/override/protocol features that allow unsigned, unscanned, or protocol-launched package installs, reducing a software-delivery vector for malware. Enabling the override permits unsigned or unscanned package installs, widening the software-delivery attack surface.",Func:L / Sec:M — Application installation policy; standard hardening,Warning Allowed
AppInstallerLocalMalwareScanOverride,TBD,TBD,Enable App Installer Local Archive Malware Scan Override,Prevents App Installer from bypassing local archive malware scans.,HKLM:\SOFTWARE\Policies\Microsoft\Windows\AppInstaller,EnableLocalArchiveMalwareScanOverride,REG_DWORD,,,,0,"Range(0, 1)",Equals(0),Important,Azure Local Member Server (domain joined),SecuritySettings,"Get-ItemProperty ""HKLM:\SOFTWARE\Policies\Microsoft\Windows\AppInstaller"" -Name ""EnableLocalArchiveMalwareScanOverride""",Registry,18.10.18.4,"4.8 (IG2, IG3)",NA,"CM-6, SI-3","App Installer hardening 'Enable App Installer Local Archive Malware Scan Override'. The baseline disables experimental/override/protocol features that allow unsigned, unscanned, or protocol-launched package installs, reducing a software-delivery vector for malware. Enabling the override lets local archive packages install without malware scanning.",Func:L / Sec:M — Application installation policy; standard hardening,Warning Allowed
AppInstallerMSAppinstallerProtocol,TBD,TBD,Enable App Installer ms-appinstaller protocol,"Disables the ms-appinstaller protocol handler, preventing direct app installation from web links.",HKLM:\SOFTWARE\Policies\Microsoft\Windows\AppInstaller,EnableMSAppInstallerProtocol,REG_DWORD,,,,0,"Range(0, 1)",Equals(0),Important,Azure Local Member Server (domain joined),SecuritySettings,"Get-ItemProperty ""HKLM:\SOFTWARE\Policies\Microsoft\Windows\AppInstaller"" -Name ""EnableMSAppInstallerProtocol""",Registry,18.10.18.5,"4.8 (IG2, IG3)",NA,"CM-6, CM-7","App Installer hardening 'Enable App Installer ms-appinstaller protocol'. The baseline disables experimental/override/protocol features that allow unsigned, unscanned, or protocol-launched package installs, reducing a software-delivery vector for malware. Re-enabling the ms-appinstaller protocol restores a remote, protocol-launched package-install vector.",Func:L / Sec:M — Application installation policy; standard hardening,Warning Allowed
AppInstallerMSStoreCertValidationBypass,TBD,TBD,Enable App Installer Microsoft Store Source Certificate Validation Bypass,Prevents bypassing certificate pinning validation for Microsoft Store sources in App Installer.,HKLM:\SOFTWARE\Policies\Microsoft\Windows\AppInstaller,EnableBypassCertificatePinningForMicrosoftStore,REG_DWORD,,,,0,"Range(0, 1)",Equals(0),Critical,Azure Local Member Server (domain joined),SecuritySettings,"Get-ItemProperty ""HKLM:\SOFTWARE\Policies\Microsoft\Windows\AppInstaller"" -Name ""EnableBypassCertificatePinningForMicrosoftStore""",Registry,18.10.18.6,"4.8 (IG2, IG3)",NA,"SC-12, SI-7","App Installer hardening 'Enable App Installer Microsoft Store Source Certificate Validation Bypass'. The baseline disables experimental/override/protocol features that allow unsigned, unscanned, or protocol-launched package installs, reducing a software-delivery vector for malware. Enabling the bypass skips Store source certificate validation, allowing spoofed package sources.",Func:L / Sec:M — Application installation policy; standard hardening,Warning Allowed
ApplicationIdentityStartupType,,,Application Identity,Configures 'Application Identity' per security baseline requirements to enforce organizational security policy.,HKLM:\SYSTEM\CurrentControlSet\Services\AppIDSvc,Start,REG_DWORD,,,,2,"Range(0, 3)",Equals(2),Informational,Azure Local Member Server (domain joined),SecuritySettings,"Get-ItemProperty ""HKLM:\SYSTEM\CurrentControlSet\Services\AppIDSvc"" -Name ""Start""",Registry,NA,NA,NA,CM-6,Sets the Application Identity (AppID) service to support AppLocker enforcement of application allow-listing. Disabling or not auto-starting AppID stops AppLocker from enforcing application allow-listing.,Func:L / Sec:L — AppLocker identity service; verify if AppLocker policies are in use,Warning Allowed
AppMgmtMSIAllowUserControl,5d42c180-4350-49ec-9bb6-e51e1258022c,CCE-36400-0,Allow user control over installs,Configures 'Allow user control over installs' per security baseline requirements to enforce organizational security policy.,HKLM:\SOFTWARE\Policies\Microsoft\Windows\Installer,EnableUserControl,REG_DWORD,./Vendor/MSFT/Policy,Config/ApplicationManagement/MSIAllowUserControlOverInstall,Integer,0,"Range(0, 1)","OneOf(Equals(0), Equals(null))",Critical,Azure Local Member Server (domain joined),SecuritySettings,Get-ItemProperty 'HKLM:\SOFTWARE\Policies\Microsoft\Windows\Installer' -Name 'EnableUserControl',Registry,18.10.82.1,Not Mapped,WN25-CC-000420,CM-11(2),"Disables user control over Windows Installer options, preventing standard users from overriding install-time security settings. Enabling user control lets standard users override install-time security settings.",Func:L / Sec:M — Application installation policy; standard hardening,Warning Allowed
AppMgmtMSIAlwaysInstallWithElevatedPrivileges,2eda113a-0fb7-446c-856a-83e010d36671,CCE-37490-0,Always install with elevated privileges,Configures 'Always install with elevated privileges' per security baseline requirements to enforce organizational security policy.,HKLM:\SOFTWARE\Policies\Microsoft\Windows\Installer,AlwaysInstallElevated,REG_DWORD,./Vendor/MSFT/Policy,Config/ApplicationManagement/MSIAlwaysInstallWithElevatedPrivileges,Integer,0,"Range(0, 1)","OneOf(Equals(0), Equals(null))",Warning,Azure Local Member Server (domain joined),SecuritySettings,Get-ItemProperty 'HKLM:\SOFTWARE\Policies\Microsoft\Windows\Installer' -Name 'AlwaysInstallElevated',Registry,18.10.82.2,Not Mapped,WN25-CC-000430,CM-11(2),"Ensures Windows Installer does NOT run packages with elevated privileges for standard users, closing a well-known local privilege-escalation vector. Enabling AlwaysInstallElevated reopens that local privilege-escalation vector for standard users.",Func:L / Sec:M — Application installation policy; standard hardening,Warning Allowed
AppRuntimeAllowMicrosoftAccountsToBeOptional,de7af76f-e469-4a4e-94fd-99f0cccd54b6,CCE-38354-7,Allow Microsoft accounts to be optional,"This policy determines whether Microsoft accounts are optional for sign-in and app usage. When enabled, users can choose to use local accounts instead of being forced to use Microsoft accounts. If disabled, Microsoft accounts may be required for certain features or apps.",HKLM:\SOFTWARE\Microsoft\Windows\CurrentVersion\Policies\System,MSAOptional,REG_DWORD,,,,1,"Range(0, 1)",Equals(1),Warning,Azure Local Member Server (domain joined),SecuritySettings,"Get-ItemProperty ""HKLM:\SOFTWARE\Microsoft\Windows\CurrentVersion\Policies\System"" -Name ""MSAOptional""",Registry,18.10.6.1,"5.6 (IG2, IG3)",NA,AC-2,"Allows Microsoft Store apps to treat a consumer Microsoft account as optional (value 1), so users can authenticate with managed organizational identities instead of being forced onto a consumer Microsoft account. Setting it to 0 forces apps onto consumer Microsoft accounts instead of managed organizational identities.",Func:L / Sec:L — Microsoft-account policy; no cluster functional impact,Warning Allowed
AttachmentsPreserveZoneInfo,TBD,TBD,Do not preserve zone information in file attachments,Preserves zone information (Mark of the Web) in file attachments to enable downstream security checks.,HKLM:\SOFTWARE\Microsoft\Windows\CurrentVersion\Policies\Attachments,SaveZoneInformation,REG_DWORD,,,,2,"Range(1, 2)",Equals(2),Important,Azure Local Member Server (domain joined),SecuritySettings,"Get-ItemProperty ""HKLM:\SOFTWARE\Microsoft\Windows\CurrentVersion\Policies\Attachments"" -Name ""SaveZoneInformation""",Registry,19.7.5.1,"10.5 (IG2, IG3)",WN25-UC-000010,CM-6,"Preserves Mark-of-the-Web zone information on downloaded attachments (baseline does NOT discard it), so SmartScreen/Office protected-view can act on web-origin files. Discarding zone information blinds SmartScreen and Office protected-view to web-origin files.",Func:L / Sec:M — File-origin tagging policy; no cluster functional impact,Warning Allowed
AuditAccountLockout,103de8e8-643e-4b0e-b4a4-a85830239a53,CCE-37133-6,Audit Account Lockout,Configures auditing for Account Lockout events to enable detection and investigation of security-relevant activities.,,,,./Vendor/MSFT/Policy,Config/Audit/AccountLogonLogoff_AuditAccountLockout,Integer,2,"Range(0, 3)","OneOf(Equals(2), Equals(3))",Critical,Azure Local Member Server (domain joined),SecuritySettings,auditpol /get /subcategory:'Account Lockout',Audit Policy,17.5.1,"8.5 (IG2, IG3)",WN25-AU-000150,"AC-2(4), AU-12","Generates Windows Security audit events for 'Account Lockout'. These records support detection, threat hunting, and post-incident investigation; without them the corresponding activity leaves no native audit trail.",Func:M / Sec:M — Lockout policy; aggressive settings may lock out service accounts,Warning Allowed
AuditAuthenticationPolicyChange,42db0bec-e47f-49f6-a0af-59798f0feefe,CCE-38327-3,Audit Authentication Policy Change,Configures auditing for Authentication Policy Change events to enable detection and investigation of security-relevant activities.,,,,./Vendor/MSFT/Policy,Config/Audit/PolicyChange_AuditAuthenticationPolicyChange,Integer,1,"Range(0, 3)","OneOf(Equals(1), Equals(3))",Warning,Azure Local Member Server (domain joined),SecuritySettings,auditpol /get /subcategory:'Authentication Policy Change',Audit Policy,17.7.2,"8.5 (IG2, IG3)",WN25-AU-000280,"AC-6(9), AU-12","Generates Windows Security audit events for 'Authentication Policy Change'. These records support detection, threat hunting, and post-incident investigation; without them the corresponding activity leaves no native audit trail.","Func:L / Sec:L — Audit/logging setting; no functional impact, reduces visibility if disabled",Warning Allowed
AuditAuthorizationPolicyChange,ca5d1a59-f141-441d-a57e-6f8bdf078ff3,CCE-36320-0,Audit Authorization Policy Change,Configures auditing for Authorization Policy Change events to enable detection and investigation of security-relevant activities.,,,,./Vendor/MSFT/Policy,Config/Audit/PolicyChange_AuditAuthorizationPolicyChange,Integer,1,"Range(0, 3)","OneOf(Equals(1), Equals(3))",Warning,Azure Local Member Server (domain joined),SecuritySettings,auditpol /get /subcategory:'Authorization Policy Change',Audit Policy,17.7.3,"8.5 (IG2, IG3)",WN25-AU-000281,"AC-6(9), AU-12","Generates Windows Security audit events for 'Authorization Policy Change'. These records support detection, threat hunting, and post-incident investigation; without them the corresponding activity leaves no native audit trail.","Func:L / Sec:L — Audit/logging setting; no functional impact, reduces visibility if disabled",Warning Allowed
AuditBackupAndRestorePrivilege,,,Audit the use of Backup and Restore privilege,Configures 'Audit the use of Backup and Restore privilege' per security baseline requirements to enforce organizational security policy.,HKLM:\SYSTEM\CurrentControlSet\Control\Lsa,FullPrivilegeAuditing,REG_BINARY,./Vendor/MSFT/Policy,Config/LocalPoliciesSecurityOptions/Audit_AuditTheUseOfBackupAndRestoreprivilege,Binary,MDA=,"OneOf(Equals('MDA='), Equals('MQ=='))","OneOf(Equals('MDA='),Equals('AA=='))",Critical,Azure Local Member Server (domain joined),SecuritySettings,Get-ItemProperty 'HKLM:\SYSTEM\CurrentControlSet\Control\Lsa' -Name 'FullPrivilegeAuditing',Security Options,NA,NA,NA,"AC-6, AU-12, AU-2, CP-9","Generates Windows Security audit events for 'the use of Backup and Restore privilege'. These records support detection, threat hunting, and post-incident investigation; without them the corresponding activity leaves no native audit trail.","Func:L / Sec:L — Audit/logging setting; no functional impact, reduces visibility if disabled",Warning Allowed
AuditClientDoesNotSupportEncryption,,,Audit client does not support encryption,Configures 'Audit client does not support encryption' per security baseline requirements to enforce organizational security policy.,HKLM:\SOFTWARE\Policies\Microsoft\Windows\LanmanServer,AuditClientDoesNotSupportEncryption,REG_DWORD,,,,1,"Range(0, 1)",Equals(1),Critical,Azure Local Member Server (domain joined),SecuritySettings,"Get-ItemProperty ""HKLM:\SOFTWARE\Policies\Microsoft\Windows\LanmanServer"" -Name ""AuditClientDoesNotSupportEncryption""",Registry,18.6.7.1,"8.5 (IG2, IG3)",NA,"AU-12, AU-2, SC-13, SC-28","Generates Windows Security audit events for 'client does not support encryption'. These records support detection, threat hunting, and post-incident investigation; without them the corresponding activity leaves no native audit trail.","Func:L / Sec:L — Audit/logging setting; no functional impact, reduces visibility if disabled",Warning Allowed
AuditClientDoesNotSupportSigning,,,Audit client does not support signing,Configures 'Audit client does not support signing' per security baseline requirements to enforce organizational security policy.,HKLM:\SOFTWARE\Policies\Microsoft\Windows\LanmanServer,AuditClientDoesNotSupportSigning,REG_DWORD,,,,1,"Range(0, 1)",Equals(1),Critical,Azure Local Member Server (domain joined),SecuritySettings,"Get-ItemProperty ""HKLM:\SOFTWARE\Policies\Microsoft\Windows\LanmanServer"" -Name ""AuditClientDoesNotSupportSigning""",Registry,18.6.7.2,"8.5 (IG2, IG3)",NA,"AU-12, AU-2","Generates Windows Security audit events for 'client does not support signing'. These records support detection, threat hunting, and post-incident investigation; without them the corresponding activity leaves no native audit trail.","Func:L / Sec:L — Audit/logging setting; no functional impact, reduces visibility if disabled",Warning Allowed
AuditCredentialValidation,4f8fd732-facf-4184-a29c-61fdd40db89d,CCE-37741-6,Audit Credential Validation,Configures auditing for Credential Validation events to enable detection and investigation of security-relevant activities.,,,,./Vendor/MSFT/Policy,Config/Audit/AccountLogon_AuditCredentialValidation,Integer,3,"Range(0, 3)",Equals(3),Critical,Azure Local Member Server (domain joined),SecuritySettings,auditpol /get /subcategory:'Credential Validation',Audit Policy,17.1.1,"8.5 (IG2, IG3)",WN25-AU-000070,AU-12,"Generates Windows Security audit events for 'Credential Validation'. These records support detection, threat hunting, and post-incident investigation; without them the corresponding activity leaves no native audit trail.","Func:L / Sec:L — Audit/logging setting; no functional impact, reduces visibility if disabled",Warning Allowed
AuditDetailedFileShare,04212107-de72-4eb7-a427-1876b5604a98,AZ-WIN-00100,Audit Detailed File Share,Configures auditing for Detailed File Share events to enable detection and investigation of security-relevant activities.,,,,./Vendor/MSFT/Policy,Config/Audit/ObjectAccess_AuditDetailedFileShare,Integer,2,"Range(0, 3)","OneOf(Equals(2), Equals(3))",Critical,Azure Local Member Server (domain joined),SecuritySettings,auditpol /get /subcategory:'Detailed File Share',Audit Policy,17.6.1,"8.5 (IG2, IG3)",NA,"AU-12, AU-2","Generates Windows Security audit events for 'Detailed File Share'. These records support detection, threat hunting, and post-incident investigation; without them the corresponding activity leaves no native audit trail.","Func:L / Sec:L — Audit/logging setting; no functional impact, reduces visibility if disabled",Warning Allowed
AuditFileShare,1926dc04-79ea-4a6e-9e35-892c27876bf5,AZ-WIN-00102,Audit File Share,Configures auditing for File Share events to enable detection and investigation of security-relevant activities.,,,,./Vendor/MSFT/Policy,Config/Audit/ObjectAccess_AuditFileShare,Integer,3,"Range(0, 3)",Equals(3),Critical,Azure Local Member Server (domain joined),SecuritySettings,auditpol /get /subcategory:'File Share',Audit Policy,17.6.2,"8.5 (IG2, IG3)",NA,"AU-12, AU-2","Generates Windows Security audit events for 'File Share'. These records support detection, threat hunting, and post-incident investigation; without them the corresponding activity leaves no native audit trail.","Func:L / Sec:L — Audit/logging setting; no functional impact, reduces visibility if disabled",Warning Allowed
AuditFilteringPlatformConnection,10191095-e6fa-47d3-aa8e-d58b36241f2a,AZ-WIN-00104,Audit Filtering Platform Connection,Configures auditing of connections allowed or blocked by the Windows Filtering Platform (WFP). Useful for tracking network connection attempts.,,,,./Vendor/MSFT/Policy,Config/Audit/ObjectAccess_AuditFilteringPlatformConnection,Integer,2,"Range(0, 3)",Equals(2),Informational,Azure Local Member Server (domain joined),SecuritySettings,auditpol /get /subcategory:'Filtering Platform Connection',Audit Policy,17.5.1,"8.5 (IG2, IG3)",NA,AU-3,"Generates Windows Security audit events for 'Filtering Platform Connection'. These records support detection, threat hunting, and post-incident investigation; without them the corresponding activity leaves no native audit trail.","Func:L / Sec:L — Audit/logging setting; no functional impact, reduces visibility if disabled",Warning Allowed
AuditFilteringPlatformPacketDrop,3dab02aa-72b8-46b6-844f-695554bf59dd,AZ-WIN-00105,Audit Filtering Platform Packet Drop,Configures auditing of packets dropped by the Windows Filtering Platform (WFP). Helps identify blocked traffic and potential intrusion attempts.,,,,./Vendor/MSFT/Policy,Config/Audit/ObjectAccess_AuditFilteringPlatformPacketDrop,Integer,2,"Range(0, 3)",Equals(2),Informational,Azure Local Member Server (domain joined),SecuritySettings,auditpol /get /subcategory:'Filtering Platform Packet Drop',Audit Policy,17.5.2,"8.5 (IG2, IG3)",NA,AU-3,"Generates Windows Security audit events for 'Filtering Platform Packet Drop'. These records support detection, threat hunting, and post-incident investigation; without them the corresponding activity leaves no native audit trail.","Func:L / Sec:L — Audit/logging setting; no functional impact, reduces visibility if disabled",Warning Allowed
AuditGroupMembership,babda20b-1bc0-4204-9745-0cd584dcbb2b,AZ-WIN-00026,Audit Group Membership,Configures auditing for Group Membership events to enable detection and investigation of security-relevant activities.,,,,./Vendor/MSFT/Policy,Config/Audit/AccountLogonLogoff_AuditGroupMembership,Integer,1,"Range(0, 1)",Equals(1),Informational,Azure Local Member Server (domain joined),SecuritySettings,auditpol /get /subcategory:'Group Membership',Audit Policy,17.5.2,"8.5 (IG2, IG3)",WN25-AU-000170,AU-12,"Generates Windows Security audit events for 'Group Membership'. These records support detection, threat hunting, and post-incident investigation; without them the corresponding activity leaves no native audit trail.","Func:L / Sec:L — Audit/logging setting; no functional impact, reduces visibility if disabled",Warning Allowed
AuditInsecureGuestLogonServer,,,Audit Insecure guest logon (Lanman Server),Configures 'Audit Insecure guest logon' per security baseline requirements to enforce organizational security policy.,HKLM:\SOFTWARE\Policies\Microsoft\Windows\LanmanServer,AuditInsecureGuestLogon,REG_DWORD,,,,1,"Range(0, 1)",Equals(1),Critical,Azure Local Member Server (domain joined),SecuritySettings,"Get-ItemProperty ""HKLM:\SOFTWARE\Policies\Microsoft\Windows\LanmanServer"" -Name ""AuditInsecureGuestLogon""",Registry,18.6.7.3,"8.5 (IG2, IG3)",NA,"AC-2, AC-6, AC-7, AU-12, AU-2","Generates Windows Security audit events for 'Insecure guest logon (Lanman Server)'. These records support detection, threat hunting, and post-incident investigation; without them the corresponding activity leaves no native audit trail.","Func:L / Sec:L — Audit/logging setting; no functional impact, reduces visibility if disabled",Warning Allowed
AuditInsecureGuestLogonWorkstation,,,Audit Insecure guest logon (Lanman Workstation),Configures 'Audit Insecure guest logon' on the Lanman Workstation (SMB client) side. Enables auditing when the SMB client connects using insecure guest authentication.,HKLM:\SOFTWARE\Policies\Microsoft\Windows\LanmanWorkstation,AuditInsecureGuestLogon,REG_DWORD,,,,1,"Range(0, 1)",Equals(1),Critical,Azure Local Member Server (domain joined),SecuritySettings,"Get-ItemProperty ""HKLM:\SOFTWARE\Policies\Microsoft\Windows\LanmanWorkstation"" -Name ""AuditInsecureGuestLogon""",Registry,18.6.8.1,"8.5 (IG2, IG3)",NA,"AC-2, AC-6, AC-7, AU-12, AU-2","Generates Windows Security audit events for 'Insecure guest logon (Lanman Workstation)'. These records support detection, threat hunting, and post-incident investigation; without them the corresponding activity leaves no native audit trail.","Func:L / Sec:L — Audit/logging setting; no functional impact, reduces visibility if disabled",Warning Allowed
AuditIPsecDriver,5c532b76-16c0-4a8c-ac67-015b93f458dc,CCE-37853-9,Audit IPsec Driver,Configures auditing for IPsec Driver events to enable detection and investigation of security-relevant activities.,,,,./Vendor/MSFT/Policy,Config/Audit/System_AuditIPsecDriver,Integer,3,"Range(0, 3)",Equals(3),Warning,Azure Local Member Server (domain joined),SecuritySettings,auditpol /get /subcategory:'Ipsec Driver',Audit Policy,17.9.1,"8.5 (IG2, IG3)",WN25-AU-000320,"AC-6(9), AU-12","Generates Windows Security audit events for 'IPsec Driver'. These records support detection, threat hunting, and post-incident investigation; without them the corresponding activity leaves no native audit trail.","Func:L / Sec:L — Audit/logging setting; no functional impact, reduces visibility if disabled",Warning Allowed
AuditLogoff,e1174067-f117-4d7f-9584-fd93eedd566f,CCE-38237-4,Audit Logoff,Configures auditing for Logoff events to enable detection and investigation of security-relevant activities.,,,,./Vendor/MSFT/Policy,Config/Audit/AccountLogonLogoff_AuditLogoff,Integer,1,"Range(0, 1)",Equals(1),Warning,Azure Local Member Server (domain joined),SecuritySettings,auditpol /get /subcategory:'Logoff',Audit Policy,17.5.3,"8.5 (IG2, IG3)",NA,"AU-12, AU-2","Generates Windows Security audit events for 'Logoff'. These records support detection, threat hunting, and post-incident investigation; without them the corresponding activity leaves no native audit trail.","Func:L / Sec:L — Audit/logging setting; no functional impact, reduces visibility if disabled",Warning Allowed
AuditLogon,5b5ac074-b108-4acf-aeca-5baabc276538,CCE-38036-0,Audit Logon,Configures auditing for Logon events to enable detection and investigation of security-relevant activities.,,,,./Vendor/MSFT/Policy,Config/Audit/AccountLogonLogoff_AuditLogon,Integer,3,"Range(0, 3)",Equals(3),Critical,Azure Local Member Server (domain joined),SecuritySettings,auditpol /get /subcategory:'Logon',Audit Policy,17.5.4,"8.5 (IG2, IG3)",NA,"AC-7, AU-12, AU-2","Generates Windows Security audit events for 'Logon'. These records support detection, threat hunting, and post-incident investigation; without them the corresponding activity leaves no native audit trail.","Func:L / Sec:L — Audit/logging setting; no functional impact, reduces visibility if disabled",Warning Allowed
AuditMPSSVCRuleLevelPolicyChange,f6c7cdd1-b504-4e9e-a272-1aa2f441daa3,AZ-WIN-00111,Audit MPSSVC Rule-Level Policy Change,Configures auditing for MPSSVC Rule-Level Policy Change events to enable detection and investigation of security-relevant activities.,,,,./Vendor/MSFT/Policy,Config/Audit/PolicyChange_AuditMPSSVCRuleLevelPolicyChange,Integer,3,"Range(0, 3)",Equals(3),Warning,Azure Local Member Server (domain joined),SecuritySettings,auditpol /get /subcategory:'MPSSVC Rule-Level Policy Change',Audit Policy,17.7.4,"8.5 (IG2, IG3)",NA,"AU-12, AU-2","Generates Windows Security audit events for 'MPSSVC Rule-Level Policy Change'. These records support detection, threat hunting, and post-incident investigation; without them the corresponding activity leaves no native audit trail.","Func:L / Sec:L — Audit/logging setting; no functional impact, reduces visibility if disabled",Warning Allowed
AuditOtherLogonLogoffEvents,fa518c7b-96bc-45e6-8fee-2c99186a010d,CCE-36322-6,Audit Other Logon/Logoff Events,Configures auditing for Other Logon/Logoff Events events to enable detection and investigation of security-relevant activities.,,,,./Vendor/MSFT/Policy,Config/Audit/AccountLogonLogoff_AuditOtherLogonLogoffEvents,Integer,3,"Range(0, 3)",Equals(3),Warning,Azure Local Member Server (domain joined),SecuritySettings,auditpol /get /subcategory:'Other Logon/Logoff Events',Audit Policy,17.5.5,"8.5 (IG2, IG3)",NA,"AC-7, AU-12, AU-2","Generates Windows Security audit events for 'Other Logon/Logoff Events'. These records support detection, threat hunting, and post-incident investigation; without them the corresponding activity leaves no native audit trail.","Func:L / Sec:L — Audit/logging setting; no functional impact, reduces visibility if disabled",Warning Allowed
AuditOtherObjectAccessEvents,acd96120-83a4-44a9-9e62-127012287e49,AZ-WIN-00113,Audit Other Object Access Events,Configures auditing for Other Object Access Events events to enable detection and investigation of security-relevant activities.,,,,./Vendor/MSFT/Policy,Config/Audit/ObjectAccess_AuditOtherObjectAccessEvents,Integer,3,"Range(0, 3)",Equals(3),Informational,Azure Local Member Server (domain joined),SecuritySettings,auditpol /get /subcategory:'Other Object Access Events',Audit Policy,17.6.3,"8.5 (IG2, IG3)",WN25-AU-000220,AU-12,"Generates Windows Security audit events for 'Other Object Access Events'. These records support detection, threat hunting, and post-incident investigation; without them the corresponding activity leaves no native audit trail.","Func:L / Sec:L — Audit/logging setting; no functional impact, reduces visibility if disabled",Warning Allowed
AuditOtherPolicyChangeEvents,88b87546-b3c8-434f-9cc6-01e117033296,AZ-WIN-00114,Audit Other Policy Change Events,Configures auditing for Other Policy Change Events to enable detection and investigation of security-relevant activities.,,,,./Vendor/MSFT/Policy,Config/Audit/PolicyChange_AuditOtherPolicyChangeEvents,Integer,2,"Range(0, 3)","OneOf(Equals(2), Equals(3))",Warning,Azure Local Member Server (domain joined),SecuritySettings,auditpol /get /subcategory:'Other Policy Change Events',Audit Policy,17.7.5,"8.5 (IG2, IG3)",WN25-AU-000090,"AC-6(9), AU-12","Generates Windows Security audit events for 'Other Policy Change Events'. These records support detection, threat hunting, and post-incident investigation; without them the corresponding activity leaves no native audit trail.","Func:L / Sec:L — Audit/logging setting; no functional impact, reduces visibility if disabled",Warning Allowed
AuditOtherSystemEvents,3f78e74e-1601-4bcc-b2c0-5408642d4b81,CCE-38030-3,Audit Other System Events,Configures auditing for Other System Events events to enable detection and investigation of security-relevant activities.,,,,./Vendor/MSFT/Policy,Config/Audit/System_AuditOtherSystemEvents,Integer,3,"Range(0, 3)",Equals(3),Warning,Azure Local Member Server (domain joined),SecuritySettings,auditpol /get /subcategory:'Other System Events',Audit Policy,17.9.2,"8.5 (IG2, IG3)",WN25-AU-000340,"AC-6(9), AU-12","Generates Windows Security audit events for 'Other System Events'. These records support detection, threat hunting, and post-incident investigation; without them the corresponding activity leaves no native audit trail.","Func:L / Sec:L — Audit/logging setting; no functional impact, reduces visibility if disabled",Warning Allowed
AuditPnPExternalDevice,5046d960-670d-4fef-973a-cf242a97147e,AZ-WIN-00182,Audit Plug and Play Events,Configures auditing for Plug and Play Events to enable detection and investigation of security-relevant activities.,,,,./Vendor/MSFT/Policy,Config/Audit/DetailedTracking_AuditPNPActivity,Integer,1,"Range(0, 1)",Equals(1),Critical,Azure Local Member Server (domain joined),SecuritySettings,auditpol /get /subcategory:'Plug and Play Events',Audit Policy,17.3.1,"8.5 (IG2, IG3)",WN25-AU-000130,AU-12,"Generates Windows Security audit events for 'Plug and Play Events'. These records support detection, threat hunting, and post-incident investigation; without them the corresponding activity leaves no native audit trail.","Func:L / Sec:L — Audit/logging setting; no functional impact, reduces visibility if disabled",Warning Allowed
AuditPolicyChange,d5db6e13-eef5-45ac-a8f3-18a0b1fcd8f9,CCE-38028-7,Audit Policy Change,Configures auditing for Policy Change events to enable detection and investigation of security-relevant activities.,,,,./Vendor/MSFT/Policy,Config/Audit/PolicyChange_AuditPolicyChange,Integer,1,"Range(0, 1)",Equals(1),Warning,Azure Local Member Server (domain joined),SecuritySettings,auditpol /get /subcategory:'Audit Policy Change',Audit Policy,17.7.1,"8.5 (IG2, IG3)",NA,"AU-12, AU-2","Generates Windows Security audit events for 'Policy Change'. These records support detection, threat hunting, and post-incident investigation; without them the corresponding activity leaves no native audit trail.","Func:L / Sec:L — Audit/logging setting; no functional impact, reduces visibility if disabled",Warning Allowed
AuditProcessCreatedOrStarted,6b3dc518-61f4-4a47-920c-0411674596a0,CCE-36059-4,Audit Process Creation,Configures auditing for Process Creation events to enable detection and investigation of security-relevant activities.,,,,./Vendor/MSFT/Policy,Config/Audit/DetailedTracking_AuditProcessCreation,Integer,1,"Range(0, 1)",Equals(1),Warning,Azure Local Member Server (domain joined),SecuritySettings,auditpol /get /subcategory:'Process Creation',Audit Policy,17.3.2,"8.5 (IG2, IG3)",WN25-AU-000140,"AC-6(9), AU-12","Generates Windows Security audit events for 'Process Creation'. These records support detection, threat hunting, and post-incident investigation; without them the corresponding activity leaves no native audit trail.","Func:L / Sec:L — Audit/logging setting; no functional impact, reduces visibility if disabled",Warning Allowed
AuditRemovableStorage,b88b1d85-5f3c-4235-91ab-6d8b5e767311,CCE-37617-8,Audit Removable Storage,Configures auditing for Removable Storage events to enable detection and investigation of security-relevant activities.,,,,./Vendor/MSFT/Policy,Config/Audit/ObjectAccess_AuditRemovableStorage,Integer,3,"Range(0, 3)",Equals(3),Critical,Azure Local Member Server (domain joined),SecuritySettings,auditpol /get /subcategory:'Removable Storage',Audit Policy,17.6.4,"8.5 (IG2, IG3)",WN25-AU-000240,AU-12,"Generates Windows Security audit events for 'Removable Storage'. These records support detection, threat hunting, and post-incident investigation; without them the corresponding activity leaves no native audit trail.","Func:L / Sec:L — Audit/logging setting; no functional impact, reduces visibility if disabled",Warning Allowed
AuditSecurityGroupManagement,515db7da-c244-445b-b093-cf3c09ad8970,CCE-38034-5,Audit Security Group Management,Configures auditing for Security Group Management events to enable detection and investigation of security-relevant activities.,,,,./Vendor/MSFT/Policy,Config/Audit/AccountManagement_AuditSecurityGroupManagement,Integer,1,"Range(0, 3)","OneOf(Equals(1), Equals(3))",Critical,Azure Local Member Server (domain joined),SecuritySettings,auditpol /get /subcategory:'Security Group Management',Audit Policy,17.2.5,"8.5 (IG2, IG3)",WN25-AU-000100,"AC-2(4), AU-12","Generates Windows Security audit events for 'Security Group Management'. These records support detection, threat hunting, and post-incident investigation; without them the corresponding activity leaves no native audit trail.","Func:L / Sec:L — Audit/logging setting; no functional impact, reduces visibility if disabled",Warning Allowed
AuditSecurityStateChange,761f9127-3d19-44af-87a2-09b10b21ecf2,CCE-38114-5,Audit Security State Change,Configures auditing for Security State Change events to enable detection and investigation of security-relevant activities.,,,,./Vendor/MSFT/Policy,Config/Audit/System_AuditSecurityStateChange,Integer,1,"Range(0, 3)","OneOf(Equals(1), Equals(3))",Warning,Azure Local Member Server (domain joined),SecuritySettings,auditpol /get /subcategory:'Security State Change',Audit Policy,17.9.3,"8.5 (IG2, IG3)",WN25-AU-000360,"AC-6(9), AU-12","Generates Windows Security audit events for 'Security State Change'. These records support detection, threat hunting, and post-incident investigation; without them the corresponding activity leaves no native audit trail.","Func:L / Sec:L — Audit/logging setting; no functional impact, reduces visibility if disabled",Warning Allowed
AuditSecuritySystemExtension,8042f614-f21e-4dca-ba3f-c8b25523b6b2,CCE-36144-4,Audit Security System Extension,Configures auditing for Security System Extension events to enable detection and investigation of security-relevant activities.,,,,./Vendor/MSFT/Policy,Config/Audit/System_AuditSecuritySystemExtension,Integer,1,"Range(0, 3)","OneOf(Equals(1), Equals(3))",Warning,Azure Local Member Server (domain joined),SecuritySettings,auditpol /get /subcategory:'Security System Extension',Audit Policy,17.9.4,"8.5 (IG2, IG3)",WN25-AU-000370,"AC-6(9), AU-12","Generates Windows Security audit events for 'Security System Extension'. These records support detection, threat hunting, and post-incident investigation; without them the corresponding activity leaves no native audit trail.","Func:L / Sec:L — Audit/logging setting; no functional impact, reduces visibility if disabled",Warning Allowed
AuditSensitivePrivilegeUse,aa426f30-e6ff-4c6a-9d59-2ef82a504157,CCE-36267-3,Audit Sensitive Privilege Use,Configures auditing for Sensitive Privilege Use events to enable detection and investigation of security-relevant activities.,,,,./Vendor/MSFT/Policy,Config/Audit/PrivilegeUse_AuditSensitivePrivilegeUse,Integer,3,"Range(0, 3)",Equals(3),Critical,Azure Local Member Server (domain joined),SecuritySettings,auditpol /get /subcategory:'Sensitive Privilege Use',Audit Policy,17.8.1,"8.5 (IG2, IG3)",WN25-AU-000300,"AC-6(9), AU-12, MA-3(5)","Generates Windows Security audit events for 'Sensitive Privilege Use'. These records support detection, threat hunting, and post-incident investigation; without them the corresponding activity leaves no native audit trail.","Func:L / Sec:L — Audit/logging setting; no functional impact, reduces visibility if disabled",Warning Allowed
AuditServerDoesNotSupportEncryption,,,Audit server does not support encryption,Configures 'Audit server does not support encryption' per security baseline requirements to enforce organizational security policy.,HKLM:\SOFTWARE\Policies\Microsoft\Windows\LanmanWorkstation,AuditServerDoesNotSupportEncryption,REG_DWORD,,,,1,"Range(0, 1)",Equals(1),Warning,Azure Local Member Server (domain joined),SecuritySettings,"Get-ItemProperty ""HKLM:\SOFTWARE\Policies\Microsoft\Windows\LanmanWorkstation"" -Name ""AuditServerDoesNotSupportEncryption""",Registry,18.6.8.2,"8.5 (IG2, IG3)",NA,"AU-12, AU-2, SC-13, SC-28","Generates Windows Security audit events for 'server does not support encryption'. These records support detection, threat hunting, and post-incident investigation; without them the corresponding activity leaves no native audit trail.","Func:L / Sec:L — Audit/logging setting; no functional impact, reduces visibility if disabled",Warning Allowed
AuditServerDoesNotSupportSigning,,,Audit server does not support signing,Configures 'Audit server does not support signing' per security baseline requirements to enforce organizational security policy.,HKLM:\SOFTWARE\Policies\Microsoft\Windows\LanmanWorkstation,AuditServerDoesNotSupportSigning,REG_DWORD,,,,1,"Range(0, 1)",Equals(1),Warning,Azure Local Member Server (domain joined),SecuritySettings,"Get-ItemProperty ""HKLM:\SOFTWARE\Policies\Microsoft\Windows\LanmanWorkstation"" -Name ""AuditServerDoesNotSupportSigning""",Registry,18.6.8.3,"8.5 (IG2, IG3)",NA,"AU-12, AU-2","Generates Windows Security audit events for 'server does not support signing'. These records support detection, threat hunting, and post-incident investigation; without them the corresponding activity leaves no native audit trail.","Func:L / Sec:L — Audit/logging setting; no functional impact, reduces visibility if disabled",Warning Allowed
AuditSettingsIncludeCmdLine,1648f727-644b-4454-a472-b1a803342e8a,CCE-36925-6,Include command line in process creation events,Configures 'Include command line in process creation events' per security baseline requirements to enforce organizational security policy.,HKLM:\SOFTWARE\Microsoft\Windows\CurrentVersion\Policies\System\Audit,ProcessCreationIncludeCmdLine_Enabled,REG_DWORD,,,,1,"Range(0, 1)",Equals(1),Critical,Azure Local Member Server (domain joined),SecuritySettings,"Get-ItemProperty ""HKLM:\SOFTWARE\Microsoft\Windows\CurrentVersion\Policies\System\Audit"" -Name ""ProcessCreationIncludeCmdLine_Enabled""",Registry,18.9.3.1,"8.8 (IG2, IG3)",WN25-CC-000090,AU-3(1),"Records full process command lines in 4688 process-creation events, materially improving detection and investigation of malicious execution. Disabling command-line capture removes a key detection signal for malicious execution.","Func:L / Sec:L — Audit/logging setting; no functional impact, reduces visibility if disabled",Warning Allowed
AuditSpecialLogon,8ee0776b-3b84-47bf-9594-e14e29fcc8ff,CCE-36266-5,Audit Special Logon,Configures auditing for Special Logon events to enable detection and investigation of security-relevant activities.,,,,./Vendor/MSFT/Policy,Config/Audit/AccountLogonLogoff_AuditSpecialLogon,Integer,1,"Range(0, 1)",Equals(1),Warning,Azure Local Member Server (domain joined),SecuritySettings,auditpol /get /subcategory:'Special Logon',Audit Policy,17.5.6,"8.5 (IG2, IG3)",WN25-AU-000210,AU-12,"Generates Windows Security audit events for 'Special Logon'. These records support detection, threat hunting, and post-incident investigation; without them the corresponding activity leaves no native audit trail.","Func:L / Sec:L — Audit/logging setting; no functional impact, reduces visibility if disabled",Warning Allowed
AuditSystemIntegrity,d5056b06-4651-4698-b5d2-83e6b092e471,CCE-37132-8,Audit System Integrity,Configures auditing for System Integrity events to enable detection and investigation of security-relevant activities.,,,,./Vendor/MSFT/Policy,Config/Audit/System_AuditSystemIntegrity,Integer,3,"Range(0, 3)",Equals(3),Critical,Azure Local Member Server (domain joined),SecuritySettings,auditpol /get /subcategory:'System Integrity',Audit Policy,17.9.5,"8.5 (IG2, IG3)",WN25-AU-000380,"AC-6(9), AU-12","Generates Windows Security audit events for 'System Integrity'. These records support detection, threat hunting, and post-incident investigation; without them the corresponding activity leaves no native audit trail.","Func:L / Sec:L — Audit/logging setting; no functional impact, reduces visibility if disabled",Warning Allowed
AuditUserAccountManagement,7e4d9fe1-eb3f-49ac-bb5b-d417df7e6d6c,CCE-37856-2,Audit User Account Management,Configures auditing for User Account Management events to enable detection and investigation of security-relevant activities.,,,,./Vendor/MSFT/Policy,Config/Audit/AccountManagement_AuditUserAccountManagement,Integer,3,"Range(0, 3)",Equals(3),Critical,Azure Local Member Server (domain joined),SecuritySettings,auditpol/get/subcategory:'User Account Management',Audit Policy,17.2.6,"8.5 (IG2, IG3)",WN25-AU-000110,"AC-2(4), AU-12","Generates Windows Security audit events for 'User Account Management'. These records support detection, threat hunting, and post-incident investigation; without them the corresponding activity leaves no native audit trail.","Func:L / Sec:L — Audit/logging setting; no functional impact, reduces visibility if disabled",Warning Allowed
AutoplayDisallowAutoplayForNonVolumeDevices,420cf8af-038e-4d06-89a4-aa8bfaec0191,CCE-37636-8,Disallow Autoplay for non-volume devices,Configures 'Disallow Autoplay for non-volume devices' per security baseline requirements to enforce organizational security policy.,HKLM:\SOFTWARE\Policies\Microsoft\Windows\Explorer,NoAutoplayfornonVolume,REG_DWORD,,,,1,"Range(0, 1)",Equals(1),Critical,Azure Local Member Server (domain joined),SecuritySettings,"Get-ItemProperty ""HKLM:\SOFTWARE\Policies\Microsoft\Windows\Explorer"" -Name ""NoAutoplayfornonVolume""",Registry,18.10.8.1,"10.3 (IG1, IG2, IG3)",WN25-CC-000210,CM-7(2),"AutoPlay/AutoRun control 'Disallow Autoplay for non-volume devices'. The baseline disables automatic execution from removable and network media, preventing a classic auto-execution vector for malicious USB/optical/network content. Re-enabling AutoPlay restores automatic execution from removable, optical, or network media.",Func:L / Sec:L — Autoplay/autorun policy; low cluster impact,Warning Allowed
AutoplaySetDefaultAutoRunBehavior,7869ddef-04ab-4cc5-90f2-5e6fd1540cba,CCE-38217-6,Set the default behavior for AutoRun,Configures 'Set the default behavior for AutoRun' per security baseline requirements to enforce organizational security policy.,HKLM:\SOFTWARE\Microsoft\Windows\CurrentVersion\Policies\Explorer,NoAutorun,REG_DWORD,,,,1,"Range(0, 1)",Equals(1),Critical,Azure Local Member Server (domain joined),SecuritySettings,"Get-ItemProperty ""HKLM:\SOFTWARE\Microsoft\Windows\CurrentVersion\Policies\Explorer"" -Name ""NoAutorun""",Registry,18.10.8.2,"10.3 (IG1, IG2, IG3)",WN25-CC-000220,CM-7(2),"AutoPlay/AutoRun control 'Set the default behavior for AutoRun'. The baseline disables automatic execution from removable and network media, preventing a classic auto-execution vector for malicious USB/optical/network content. Relaxing the default AutoRun behavior re-enables automatic execution from attached media.",Func:L / Sec:L — Autoplay/autorun policy; low cluster impact,Warning Allowed
AutoplayTurnOffAutoPlay,d0f025af-b24b-49ab-9b75-60f485ed5407,CCE-36875-3,Turn off Autoplay,Configures 'Turn off Autoplay' per security baseline requirements to enforce organizational security policy.,HKLM:\SOFTWARE\Microsoft\Windows\CurrentVersion\Policies\Explorer,NoDriveTypeAutoRun,REG_DWORD,,,,255,"OneOf(Equals(181), Equals(255))",Equals(255),Critical,Azure Local Member Server (domain joined),SecuritySettings,"Get-ItemProperty ""HKLM:\SOFTWARE\Microsoft\Windows\CurrentVersion\Policies\Explorer"" -Name ""NoDriveTypeAutoRun""",Registry,18.10.8.3,"10.3 (IG1, IG2, IG3)",WN25-CC-000230,CM-7(2),"AutoPlay/AutoRun control 'Turn off Autoplay'. The baseline disables automatic execution from removable and network media, preventing a classic auto-execution vector for malicious USB/optical/network content. Turning AutoPlay back on restores the auto-execution vector for malicious USB, optical, or network content.",Func:L / Sec:L — Explorer UI policy; low cluster impact,Warning Allowed
BehaviorOfTheElevationPromptForAdministrators,fc8a4401-ff7a-4a6d-add4-758acce6b76c,CCE-37029-6,User Account Control: Behavior of the elevation prompt for administrators in Admin Approval Mode,Configures 'User Account Control: Behavior of the elevation prompt for administrators in Admin Approval Mode' per security baseline requirements to enforce organizational security policy.,HKLM:\SOFTWARE\Microsoft\Windows\CurrentVersion\Policies\System,ConsentPromptBehaviorAdmin,REG_DWORD,./Vendor/MSFT/Policy,Config/LocalPoliciesSecurityOptions/UserAccountControl_BehaviorOfTheElevationPromptForAdministrators,Integer,2,"Range(0, 5)","Range(1, 2)",Critical,Azure Local Member Server (domain joined),SecuritySettings,Get-ItemProperty 'HKLM:\SOFTWARE\Microsoft\Windows\CurrentVersion\Policies\System' -Name 'ConsentPromptBehaviorAdmin',Security Options,2.3.17.2,Not Mapped,WN25-SO-000400,SC-3,"User Account Control control 'User Account Control: Behavior of the elevation prompt for administrators in Admin Approval Mode'. Maintains admin-approval elevation, secure-desktop prompting, installer detection, or token filtering that constrains silent privilege elevation by malware. Weakening the admin elevation prompt allows silent or non-secure-desktop elevation that malware can abuse.",Func:L / Sec:M — UAC elevation prompt behavior; no cluster functional impact,Warning Allowed
BehaviorOfTheElevationPromptForStandardUsers,ea132d56-9c29-4d2a-bc92-fc81f616e540,CCE-36864-7,User Account Control: Behavior of the elevation prompt for standard users,Configures 'User Account Control: Behavior of the elevation prompt for standard users' per security baseline requirements to enforce organizational security policy.,HKLM:\SOFTWARE\Microsoft\Windows\CurrentVersion\Policies\System,ConsentPromptBehaviorUser,REG_DWORD,./Vendor/MSFT/Policy,Config/LocalPoliciesSecurityOptions/UserAccountControl_BehaviorOfTheElevationPromptForStandardUsers,Integer,0,"Range(0, 1)",Equals(0),Critical,Azure Local Member Server (domain joined),SecuritySettings,Get-ItemProperty 'HKLM:\SOFTWARE\Microsoft\Windows\CurrentVersion\Policies\System' -Name 'ConsentPromptBehaviorUser',Security Options,2.3.17.3,Not Mapped,WN25-SO-000410,SC-11,"User Account Control control 'User Account Control: Behavior of the elevation prompt for standard users'. Maintains admin-approval elevation, secure-desktop prompting, installer detection, or token filtering that constrains silent privilege elevation by malware. Allowing standard users to elevate rather than deny opens an unintended privilege-escalation path.",Func:L / Sec:M — UAC elevation prompt behavior; no cluster functional impact,Warning Allowed
BitlockerEncryptionXtsFdv,,,Choose drive encryption method and cipher strength MethodWithXtsFdv,Specifies the encryption algorithm and cipher strength for BitLocker-protected fixed data volumes. XTS-AES 256-bit is recommended.,HKLM:\SOFTWARE\Policies\Microsoft\FVE,EncryptionMethodWithXtsFdv,REG_DWORD,,,,7,"Range(, 7)",Equals(7),Warning,Azure Local Member Server (domain joined),SecuritySettings,"Get-ItemProperty ""HKLM:\SOFTWARE\Policies\Microsoft\FVE"" -Name ""EncryptionMethodWithXtsFdv""",Registry,NA,"3.11 (IG1, IG2, IG3)",NA,SC-28,Azure Local applies 'Choose drive encryption method and cipher strength MethodWithXtsFdv' (EncryptionMethodWithXtsFdv = 7) as part of the in-box security baseline. The setting is already in effect; deviating from the configured value relaxes the hardened behavior for this control. Validate the operational need before changing it on a clustered node.,"Func:L / Sec:L — Drive-encryption policy; affects BitLocker provisioning, not cluster runtime",Warning Allowed
BitlockerEncryptionXtsOs,,,Choose drive encryption method and cipher strength MethodWithXtsOs,Specifies the encryption algorithm and cipher strength for BitLocker-protected operating system drives. XTS-AES 256-bit is recommended.,HKLM:\SOFTWARE\Policies\Microsoft\FVE,EncryptionMethodWithXtsOs,REG_DWORD,,,,7,"Range(, 7)",Equals(7),Warning,Azure Local Member Server (domain joined),SecuritySettings,"Get-ItemProperty ""HKLM:\SOFTWARE\Policies\Microsoft\FVE"" -Name ""EncryptionMethodWithXtsOs""",Registry,NA,"3.11 (IG1, IG2, IG3)",NA,SC-28,Azure Local applies 'Choose drive encryption method and cipher strength MethodWithXtsOs' (EncryptionMethodWithXtsOs = 7) as part of the in-box security baseline. The setting is already in effect; deviating from the configured value relaxes the hardened behavior for this control. Validate the operational need before changing it on a clustered node.,"Func:L / Sec:L — Drive-encryption policy; affects BitLocker provisioning, not cluster runtime",Warning Allowed
BitlockerEncryptionXtsRdv,,,Choose drive encryption method and cipher strength MethodWithXtsRdv,Specifies the encryption algorithm and cipher strength for BitLocker-protected removable data volumes. XTS-AES 256-bit is recommended.,HKLM:\SOFTWARE\Policies\Microsoft\FVE,EncryptionMethodWithXtsRdv,REG_DWORD,,,,7,"Range(, 7)",Equals(7),Warning,Azure Local Member Server (domain joined),SecuritySettings,"Get-ItemProperty ""HKLM:\SOFTWARE\Policies\Microsoft\FVE"" -Name ""EncryptionMethodWithXtsRdv""",Registry,NA,"3.11 (IG1, IG2, IG3)",NA,SC-28,Azure Local applies 'Choose drive encryption method and cipher strength MethodWithXtsRdv' (EncryptionMethodWithXtsRdv = 7) as part of the in-box security baseline. The setting is already in effect; deviating from the configured value relaxes the hardened behavior for this control. Validate the operational need before changing it on a clustered node.,"Func:L / Sec:L — Drive-encryption policy; affects BitLocker provisioning, not cluster runtime",Warning Allowed
BitlockerFDVADBackup,,,Choose how BitLocker-protected fixed drives can be recovered FDVActiveDirectoryBackup,Controls whether BitLocker recovery information for fixed data volumes is backed up to Active Directory Domain Services.,HKLM:\SOFTWARE\Policies\Microsoft\FVE,FDVActiveDirectoryBackup,REG_DWORD,,,,1,"Range(0, 1)",Equals(1),Warning,Azure Local Member Server (domain joined),SecuritySettings,"Get-ItemProperty ""HKLM:\SOFTWARE\Policies\Microsoft\FVE"" -Name ""FDVActiveDirectoryBackup""",Registry,NA,"3.11 (IG1, IG2, IG3)",NA,SC-28,Azure Local applies 'Choose how BitLocker-protected fixed drives can be recovered FDVActiveDirectoryBackup' (FDVActiveDirectoryBackup = 1) as part of the in-box security baseline. The setting is already in effect; deviating from the configured value relaxes the hardened behavior for this control. Validate the operational need before changing it on a clustered node.,"Func:L / Sec:L — Drive-encryption policy; affects BitLocker provisioning, not cluster runtime",Warning Allowed
BitlockerFDVADInfoToStore,,,Choose how BitLocker-protected fixed drives can be recovered FDVActiveDirectoryInfoToStore,"Specifies what BitLocker recovery information is stored in AD DS for fixed data volumes (recovery passwords, key packages, or both).",HKLM:\SOFTWARE\Policies\Microsoft\FVE,FDVActiveDirectoryInfoToStore,REG_DWORD,,,,1,"Range(0, 1)",Equals(1),Warning,Azure Local Member Server (domain joined),SecuritySettings,"Get-ItemProperty ""HKLM:\SOFTWARE\Policies\Microsoft\FVE"" -Name ""FDVActiveDirectoryInfoToStore""",Registry,NA,"3.11 (IG1, IG2, IG3)",NA,SC-28,Azure Local applies 'Choose how BitLocker-protected fixed drives can be recovered FDVActiveDirectoryInfoToStore' (FDVActiveDirectoryInfoToStore = 1) as part of the in-box security baseline. The setting is already in effect; deviating from the configured value relaxes the hardened behavior for this control. Validate the operational need before changing it on a clustered node.,"Func:L / Sec:L — Drive-encryption policy; affects BitLocker provisioning, not cluster runtime",Warning Allowed
BitlockerFDVHideRecoveryPage,,,Choose how BitLocker-protected fixed drives can be recovered FDVHideRecoveryPage,Controls whether the BitLocker recovery options are shown in the BitLocker setup wizard for fixed data volumes.,HKLM:\SOFTWARE\Policies\Microsoft\FVE,FDVHideRecoveryPage,REG_DWORD,,,,0,"Range(0, 1)",Equals(0),Warning,Azure Local Member Server (domain joined),SecuritySettings,"Get-ItemProperty ""HKLM:\SOFTWARE\Policies\Microsoft\FVE"" -Name ""FDVHideRecoveryPage""",Registry,NA,"3.11 (IG1, IG2, IG3)",NA,SC-28,Azure Local applies 'Choose how BitLocker-protected fixed drives can be recovered FDVHideRecoveryPage' (FDVHideRecoveryPage = 0) as part of the in-box security baseline. The setting is already in effect; deviating from the configured value relaxes the hardened behavior for this control. Validate the operational need before changing it on a clustered node.,"Func:L / Sec:L — Drive-encryption policy; affects BitLocker provisioning, not cluster runtime",Warning Allowed
BitlockerFDVManageDRA,,,Choose how BitLocker-protected fixed drives can be recovered FDVManageDRA,Controls whether a Data Recovery Agent (DRA) can be used to recover BitLocker-protected fixed data volumes.,HKLM:\SOFTWARE\Policies\Microsoft\FVE,FDVManageDRA,REG_DWORD,,,,1,"Range(0, 1)",Equals(1),Warning,Azure Local Member Server (domain joined),SecuritySettings,"Get-ItemProperty ""HKLM:\SOFTWARE\Policies\Microsoft\FVE"" -Name ""FDVManageDRA""",Registry,NA,"3.11 (IG1, IG2, IG3)",NA,SC-28,Azure Local applies 'Choose how BitLocker-protected fixed drives can be recovered FDVManageDRA' (FDVManageDRA = 1) as part of the in-box security baseline. The setting is already in effect; deviating from the configured value relaxes the hardened behavior for this control. Validate the operational need before changing it on a clustered node.,"Func:L / Sec:L — Drive-encryption policy; affects BitLocker provisioning, not cluster runtime",Warning Allowed
BitlockerFDVRecovery,,,Choose how BitLocker-protected fixed drives can be recovered FDVRecovery,"Configures recovery options available for BitLocker-protected fixed data volumes, including recovery passwords and recovery keys.",HKLM:\SOFTWARE\Policies\Microsoft\FVE,FDVRecovery,REG_DWORD,,,,1,"Range(0, 1)",Equals(1),Warning,Azure Local Member Server (domain joined),SecuritySettings,"Get-ItemProperty ""HKLM:\SOFTWARE\Policies\Microsoft\FVE"" -Name ""FDVRecovery""",Registry,NA,"3.11 (IG1, IG2, IG3)",NA,SC-28,Azure Local applies 'Choose how BitLocker-protected fixed drives can be recovered FDVRecovery' (FDVRecovery = 1) as part of the in-box security baseline. The setting is already in effect; deviating from the configured value relaxes the hardened behavior for this control. Validate the operational need before changing it on a clustered node.,"Func:L / Sec:L — Drive-encryption policy; affects BitLocker provisioning, not cluster runtime",Warning Allowed
BitlockerFDVRecoveryKey,,,Choose how BitLocker-protected fixed drives can be recovered FDVRecoveryKey,"Controls whether users are allowed, required, or not allowed to generate a 256-bit recovery key for fixed data volumes.",HKLM:\SOFTWARE\Policies\Microsoft\FVE,FDVRecoveryKey,REG_DWORD,,,,2,"Range(0, 2)",Equals(2),Warning,Azure Local Member Server (domain joined),SecuritySettings,"Get-ItemProperty ""HKLM:\SOFTWARE\Policies\Microsoft\FVE"" -Name ""FDVRecoveryKey""",Registry,NA,"3.11 (IG1, IG2, IG3)",NA,SC-28,Azure Local applies 'Choose how BitLocker-protected fixed drives can be recovered FDVRecoveryKey' (FDVRecoveryKey = 2) as part of the in-box security baseline. The setting is already in effect; deviating from the configured value relaxes the hardened behavior for this control. Validate the operational need before changing it on a clustered node.,"Func:L / Sec:L — Drive-encryption policy; affects BitLocker provisioning, not cluster runtime",Warning Allowed
BitlockerFDVRecoveryPassword,,,Choose how BitLocker-protected fixed drives can be recovered FDVRecoveryPassword,"Controls whether users are allowed, required, or not allowed to generate a 48-digit recovery password for fixed data volumes.",HKLM:\SOFTWARE\Policies\Microsoft\FVE,FDVRecoveryPassword,REG_DWORD,,,,2,"Range(0, 2)",Equals(2),Warning,Azure Local Member Server (domain joined),SecuritySettings,"Get-ItemProperty ""HKLM:\SOFTWARE\Policies\Microsoft\FVE"" -Name ""FDVRecoveryPassword""",Registry,NA,"3.11 (IG1, IG2, IG3)",NA,SC-28,Azure Local applies 'Choose how BitLocker-protected fixed drives can be recovered FDVRecoveryPassword' (FDVRecoveryPassword = 2) as part of the in-box security baseline. The setting is already in effect; deviating from the configured value relaxes the hardened behavior for this control. Validate the operational need before changing it on a clustered node.,Func:L / Sec:M — Password policy; no direct cluster functional impact,Warning Allowed
BitlockerFDVRequireADBackup,,,Choose how BitLocker-protected operating system drives can be recovered FDVRequireActiveDirectoryBackup,Requires BitLocker recovery information for fixed data volumes to be successfully backed up to AD DS before encryption can proceed.,HKLM:\SOFTWARE\Policies\Microsoft\FVE,FDVRequireActiveDirectoryBackup,REG_DWORD,,,,0,"Range(0, 1)",Equals(0),Warning,Azure Local Member Server (domain joined),SecuritySettings,"Get-ItemProperty ""HKLM:\SOFTWARE\Policies\Microsoft\FVE"" -Name ""FDVRequireActiveDirectoryBackup""",Registry,NA,"3.11 (IG1, IG2, IG3)",NA,SC-28,Azure Local applies 'Choose how BitLocker-protected operating system drives can be recovered FDVRequireActiveDirectoryBackup' (FDVRequireActiveDirectoryBackup = 0) as part of the in-box security baseline. The setting is already in effect; deviating from the configured value relaxes the hardened behavior for this control. Validate the operational need before changing it on a clustered node.,"Func:L / Sec:L — Drive-encryption policy; affects BitLocker provisioning, not cluster runtime",Warning Allowed
BitlockerOSADBackup,,,Choose how BitLocker-protected operating system drives can be recovered OSActiveDirectoryBackup,Controls whether BitLocker recovery information for operating system drives is backed up to Active Directory Domain Services.,HKLM:\SOFTWARE\Policies\Microsoft\FVE,OSActiveDirectoryBackup,REG_DWORD,,,,1,"Range(0, 1)",Equals(1),Warning,Azure Local Member Server (domain joined),SecuritySettings,"Get-ItemProperty ""HKLM:\SOFTWARE\Policies\Microsoft\FVE"" -Name ""OSActiveDirectoryBackup""",Registry,NA,"3.11 (IG1, IG2, IG3)",NA,SC-28,Azure Local applies 'Choose how BitLocker-protected operating system drives can be recovered OSActiveDirectoryBackup' (OSActiveDirectoryBackup = 1) as part of the in-box security baseline. The setting is already in effect; deviating from the configured value relaxes the hardened behavior for this control. Validate the operational need before changing it on a clustered node.,"Func:L / Sec:L — Drive-encryption policy; affects BitLocker provisioning, not cluster runtime",Warning Allowed
BitlockerOSADInfoToStore,,,Choose how BitLocker-protected operating system drives can be recovered OSActiveDirectoryInfoToStore,"Specifies what BitLocker recovery information is stored in AD DS for OS drives (recovery passwords, key packages, or both).",HKLM:\SOFTWARE\Policies\Microsoft\FVE,OSActiveDirectoryInfoToStore,REG_DWORD,,,,1,"Range(0, 1)",Equals(1),Warning,Azure Local Member Server (domain joined),SecuritySettings,"Get-ItemProperty ""HKLM:\SOFTWARE\Policies\Microsoft\FVE"" -Name ""OSActiveDirectoryInfoToStore""",Registry,NA,"3.11 (IG1, IG2, IG3)",NA,SC-28,Azure Local applies 'Choose how BitLocker-protected operating system drives can be recovered OSActiveDirectoryInfoToStore' (OSActiveDirectoryInfoToStore = 1) as part of the in-box security baseline. The setting is already in effect; deviating from the configured value relaxes the hardened behavior for this control. Validate the operational need before changing it on a clustered node.,"Func:L / Sec:L — Drive-encryption policy; affects BitLocker provisioning, not cluster runtime",Warning Allowed
BitlockerOSHideRecoveryPage,,,Choose how BitLocker-protected operating system drives can be recovered OSHideRecoveryPage,Controls whether the BitLocker recovery options are shown in the BitLocker setup wizard for operating system drives.,HKLM:\SOFTWARE\Policies\Microsoft\FVE,OSHideRecoveryPage,REG_DWORD,,,,0,"Range(0, 1)",Equals(0),Warning,Azure Local Member Server (domain joined),SecuritySettings,"Get-ItemProperty ""HKLM:\SOFTWARE\Policies\Microsoft\FVE"" -Name ""OSHideRecoveryPage""",Registry,NA,"3.11 (IG1, IG2, IG3)",NA,SC-28,Azure Local applies 'Choose how BitLocker-protected operating system drives can be recovered OSHideRecoveryPage' (OSHideRecoveryPage = 0) as part of the in-box security baseline. The setting is already in effect; deviating from the configured value relaxes the hardened behavior for this control. Validate the operational need before changing it on a clustered node.,"Func:L / Sec:L — Drive-encryption policy; affects BitLocker provisioning, not cluster runtime",Warning Allowed
BitlockerOSManageDRA,,,Choose how BitLocker-protected operating system drives can be recovered OSManageDRA,Controls whether a Data Recovery Agent (DRA) can be used to recover BitLocker-protected operating system drives.,HKLM:\SOFTWARE\Policies\Microsoft\FVE,OSManageDRA,REG_DWORD,,,,1,"Range(0, 1)",Equals(1),Warning,Azure Local Member Server (domain joined),SecuritySettings,"Get-ItemProperty ""HKLM:\SOFTWARE\Policies\Microsoft\FVE"" -Name ""OSManageDRA""",Registry,NA,"3.11 (IG1, IG2, IG3)",NA,SC-28,Azure Local applies 'Choose how BitLocker-protected operating system drives can be recovered OSManageDRA' (OSManageDRA = 1) as part of the in-box security baseline. The setting is already in effect; deviating from the configured value relaxes the hardened behavior for this control. Validate the operational need before changing it on a clustered node.,"Func:L / Sec:L — Drive-encryption policy; affects BitLocker provisioning, not cluster runtime",Warning Allowed
BitlockerOSRecovery,,,Choose how BitLocker-protected operating system drives can be recovered OSRecovery,Configures recovery options available for BitLocker-protected operating system drives.,HKLM:\SOFTWARE\Policies\Microsoft\FVE,OSRecovery,REG_DWORD,,,,1,"Range(0, 1)",Equals(1),Warning,Azure Local Member Server (domain joined),SecuritySettings,"Get-ItemProperty ""HKLM:\SOFTWARE\Policies\Microsoft\FVE"" -Name ""OSRecovery""",Registry,NA,"3.11 (IG1, IG2, IG3)",NA,SC-28,Azure Local applies 'Choose how BitLocker-protected operating system drives can be recovered OSRecovery' (OSRecovery = 1) as part of the in-box security baseline. The setting is already in effect; deviating from the configured value relaxes the hardened behavior for this control. Validate the operational need before changing it on a clustered node.,"Func:L / Sec:L — Drive-encryption policy; affects BitLocker provisioning, not cluster runtime",Warning Allowed
BitlockerOSRecoveryKey,,,Choose how BitLocker-protected operating system drives can be recovered OSRecoveryKey,"Controls whether users are allowed, required, or not allowed to generate a 256-bit recovery key for OS drives.",HKLM:\SOFTWARE\Policies\Microsoft\FVE,OSRecoveryKey,REG_DWORD,,,,2,"Range(0, 2)",Equals(2),Warning,Azure Local Member Server (domain joined),SecuritySettings,"Get-ItemProperty ""HKLM:\SOFTWARE\Policies\Microsoft\FVE"" -Name ""OSRecoveryKey""",Registry,NA,"3.11 (IG1, IG2, IG3)",NA,SC-28,Azure Local applies 'Choose how BitLocker-protected operating system drives can be recovered OSRecoveryKey' (OSRecoveryKey = 2) as part of the in-box security baseline. The setting is already in effect; deviating from the configured value relaxes the hardened behavior for this control. Validate the operational need before changing it on a clustered node.,"Func:L / Sec:L — Drive-encryption policy; affects BitLocker provisioning, not cluster runtime",Warning Allowed
BitlockerOSRecoveryPassword,,,Choose how BitLocker-protected operating system drives can be recovered OSRecoveryPassword,"Controls whether users are allowed, required, or not allowed to generate a 48-digit recovery password for OS drives.",HKLM:\SOFTWARE\Policies\Microsoft\FVE,OSRecoveryPassword,REG_DWORD,,,,2,"Range(0, 2)",Equals(2),Warning,Azure Local Member Server (domain joined),SecuritySettings,"Get-ItemProperty ""HKLM:\SOFTWARE\Policies\Microsoft\FVE"" -Name ""OSRecoveryPassword""",Registry,NA,"3.11 (IG1, IG2, IG3)",NA,SC-28,Azure Local applies 'Choose how BitLocker-protected operating system drives can be recovered OSRecoveryPassword' (OSRecoveryPassword = 2) as part of the in-box security baseline. The setting is already in effect; deviating from the configured value relaxes the hardened behavior for this control. Validate the operational need before changing it on a clustered node.,Func:L / Sec:M — Password policy; no direct cluster functional impact,Warning Allowed
BitlockerOSRequireADBackup,,,Choose how BitLocker-protected operating system drives can be recovered OSRequireActiveDirectoryBackup,Requires BitLocker recovery information for OS drives to be successfully backed up to AD DS before encryption can proceed.,HKLM:\SOFTWARE\Policies\Microsoft\FVE,OSRequireActiveDirectoryBackup,REG_DWORD,,,,0,"Range(0, 1)",Equals(0),Warning,Azure Local Member Server (domain joined),SecuritySettings,"Get-ItemProperty ""HKLM:\SOFTWARE\Policies\Microsoft\FVE"" -Name ""OSRequireActiveDirectoryBackup""",Registry,NA,"3.11 (IG1, IG2, IG3)",NA,SC-28,Azure Local applies 'Choose how BitLocker-protected operating system drives can be recovered OSRequireActiveDirectoryBackup' (OSRequireActiveDirectoryBackup = 0) as part of the in-box security baseline. The setting is already in effect; deviating from the configured value relaxes the hardened behavior for this control. Validate the operational need before changing it on a clustered node.,"Func:L / Sec:L — Drive-encryption policy; affects BitLocker provisioning, not cluster runtime",Warning Allowed
BlockConsumerMicrosoftAccounts,a15a5700-6efb-46af-bf52-1b1104f2aa20,AZ-WIN-20198,Block all consumer Microsoft account user authentication,Configures 'Block all consumer Microsoft account user authentication' per security baseline requirements to enforce organizational security policy.,HKLM:\SOFTWARE\Policies\Microsoft\MicrosoftAccount,DisableUserAuth,REG_DWORD,,,,1,"Range(0, 1)",Equals(1),Critical,Azure Local Member Server (domain joined),SecuritySettings,"Get-ItemProperty ""HKLM:\SOFTWARE\Policies\Microsoft\MicrosoftAccount"" -Name ""DisableUserAuth""",Registry,18.10.41.1,"5.6 (IG2, IG3)",NA,AC-2,"Blocks consumer Microsoft-account authentication, keeping host authentication within managed organizational identities. Unblocking consumer accounts lets unmanaged Microsoft-account identities authenticate to the host.",Func:L / Sec:M — Logon/session behavior; no direct cluster impact,Warning Allowed
BlockNetbiosDiscovery,,,Block NetBIOS-based discovery for domain controller location,Configures 'Block NetBIOS-based discovery for domain controller location' per security baseline requirements to enforce organizational security policy.,HKLM:\SOFTWARE\Policies\Microsoft\Netlogon\Parameters,BlockNetbiosDiscovery,REG_DWORD,,,,1,"Range(0, 1)",Equals(1),Important,Azure Local Member Server (domain joined),SecuritySettings,"Get-ItemProperty ""HKLM:\SOFTWARE\Policies\Microsoft\Netlogon\Parameters"" -Name ""BlockNetbiosDiscovery""",Registry,18.9.31.1.1,"4.8 (IG2, IG3)",NA,CM-6,"Blocks NetBIOS-based domain-controller discovery, forcing secure DNS-based locator and reducing spoofed-DC exposure. Re-allowing NetBIOS discovery reintroduces spoofed-DC exposure over broadcast name resolution.",Func:L / Sec:M — Name-resolution hardening; verify no legacy NetBIOS dependency,Warning Allowed
BlockNTLM,,,Block NTLM (LM NTLM NTLMv2),Configures 'Block NTLM (LM NTLM NTLMv2)' per security baseline requirements to enforce organizational security policy.,HKLM:\SOFTWARE\Policies\Microsoft\Windows\LanmanWorkstation,BlockNTLM,REG_DWORD,,,,0,"Range(0, 1)","Range(0, 1)",Important,Azure Local Member Server (domain joined),SecuritySettings,"Get-ItemProperty ""HKLM:\SOFTWARE\Policies\Microsoft\Windows\LanmanWorkstation"" -Name ""BlockNTLM""",Registry,2.3.11.6,"3.10 (IG2, IG3)",NA,"AC-2, IA-2","NTLM-blocking control 'Block NTLM (LM NTLM NTLMv2)'. Constrains or blocks NTLM so Kerberos is preferred, reducing NTLM relay and credential-replay exposure; exception lists scope where NTLM remains permitted. Relaxing the block restores broad NTLM use and its relay and credential-replay exposure.",Func:H / Sec:H — Authentication protocol change may break inter-node cluster auth,Warning Allowed
BlockNTLMServerExceptionList,,,Block NTLM Server Exception List,Configures 'Block NTLM Server Exception List' per security baseline requirements to enforce organizational security policy.,HKLM:\SOFTWARE\Policies\Microsoft\Windows\LanmanWorkstation,BlockNTLMServerExceptionList,REG_MULTI_SZ,,,,'',"OneOf(Equals(''), Equals(null), AllOf(Pattern('^[\w\.\-\*]+(,[\w\.\-\*]+)*$')))","OneOf(Equals(''), Equals(null))",Informational,Azure Local Member Server (domain joined),SecuritySettings,"Get-ItemProperty ""HKLM:\SOFTWARE\Policies\Microsoft\Windows\LanmanWorkstation"" -Name ""BlockNTLMServerExceptionList""",Registry,NA,NA,NA,"AC-2, IA-2","NTLM-blocking control 'Block NTLM Server Exception List'. Constrains or blocks NTLM so Kerberos is preferred, reducing NTLM relay and credential-replay exposure; exception lists scope where NTLM remains permitted. Broadening the exception list widens where NTLM remains permitted, expanding relay exposure.",Func:H / Sec:H — Authentication protocol change may break inter-node cluster auth,Warning Allowed
ClearVirtualMemoryPageFile,7470f80e-a3d3-4ca9-84e8-7a97a317b2e1,AZ-WIN-00181,Shutdown: Clear virtual memory pagefile,Configures 'Shutdown: Clear virtual memory pagefile' per security baseline requirements to enforce organizational security policy.,HKLM:\SOFTWARE\Policies\Microsoft\Windows\System,ClearPageFileAtShutdown,REG_DWORD,./Vendor/MSFT/Policy,Config/LocalPoliciesSecurityOptions/Shutdown_ClearVirtualMemoryPageFile,Integer,0,"Range(0, 1)","OneOf(Equals(0), Equals(null))",Critical,Azure Local Member Server (domain joined),SecuritySettings,Get-ItemProperty 'HKLM:\SOFTWARE\Policies\Microsoft\Windows\System' -Name 'ClearPageFileAtShutdown',Security Options,NA,NA,NA,"AC-6, CM-6, SC-4, SC-28, SI-16","Clears the pagefile at shutdown, reducing the chance that sensitive in-memory data persists on disk for offline recovery. Disabling pagefile clearing leaves residual in-memory data on disk recoverable offline.",Func:L / Sec:M — Logon/session behavior; no direct cluster impact,Warning Allowed
CLFSAuthenticationChecking,,,Enable / disable CLFS logfile authentication,Enables CLFS logfile authentication to protect against elevation of privilege attacks via manipulated Common Log File System log files (CVE-2024-49138).,HKLM:\SYSTEM\CurrentControlSet\Policies,ClfsAuthenticationChecking,REG_DWORD,,,,1,"Range(0, 1)",Equals(1),Important,Azure Local Member Server (domain joined),SecuritySettings,Get-ItemProperty 'HKLM:\SYSTEM\CurrentControlSet\Policies' -Name 'ClfsAuthenticationChecking',Registry,18.9.17.1,NA,NA,"SI-16, CM-6","Enables Common Log File System logfile authentication, mitigating CLFS log-tampering exploited for local privilege escalation. Disabling the check reopens CLFS log-tampering paths used for local privilege escalation.",Func:L / Sec: M — Enables authentication check on CLFS log files; no compatibility impact expected.,Warning Allowed
ConfigureDNSClientNETBIOS,,,Configure NetBIOS settings,Configures 'Configure NetBIOS settings' per security baseline requirements to enforce organizational security policy.,HKLM:\SOFTWARE\Policies\Microsoft\Windows NT\DNSClient,EnableNetbios,REG_DWORD,,,,0,"Range(0, 1)",Equals(0),Important,Azure Local Member Server (domain joined),SecuritySettings,"Get-ItemProperty ""HKLM:\SOFTWARE\Policies\Microsoft\Windows NT\DNSClient"" -Name ""EnableNetbios""",Registry,18.6.4.2,"4.8 (IG2, IG3)",NA,CM-6,"Disables NetBIOS over TCP/IP per the baseline, removing a legacy broadcast name service exploitable for spoofing and credential interception. Re-enabling NetBIOS over TCP/IP restores a broadcast name service exploitable for spoofing and credential interception.",Func:L / Sec:M — Network protocol setting; standard hardening,Warning Allowed
ConfigureKernelShadowStacksLaunch,,,Turn On Virtualization Based Security | KernelShadowStackLaunch,Configures 'Turn On Virtualization Based Security | KernelShadowStackLaunch' per security baseline requirements to enforce organizational security policy.,HKLM:\SOFTWARE\Policies\Microsoft\Windows\DeviceGuard,ConfigureKernelShadowStacksLaunch,REG_DWORD,,,,2,"Range(0, 3)","Range(1, 2)",Warning,Azure Local Member Server (domain joined),SecuritySettings,"Get-ItemProperty ""HKLM:\SOFTWARE\Policies\Microsoft\Windows\DeviceGuard"" -Name ""ConfigureKernelShadowStacksLaunch""",Registry,18.9.5.1,"10.5 (IG2, IG3)",NA,CM-6,"Enables Virtualization-Based Security / hardware-enforced stack protection (Kernel Shadow Stacks), mitigating return-oriented-programming exploitation in the kernel. Disabling shadow stacks removes hardware-enforced protection against kernel return-oriented-programming exploitation.","Func:L / Sec:L — Audit /loggingMode/: only in block mode has functional impact, reduces visibility if disabled",Warning Allowed
ConfigureSMBV1ClientDriver,21ce3152-2257-4fa8-a9f9-93c19a91fe2c,AZ-WIN-00150,Configure SMB v1 client driver,Configures SMB protocol setting 'Configure SMB v1 client driver' to harden file sharing against interception and exploitation.,HKLM:\SYSTEM\CurrentControlSet\Services\MrxSmb10,Start,REG_DWORD,,,,4,"Range(0, 4)",Equals(4),Critical,Azure Local Member Server (domain joined),SecuritySettings,"Get-ItemProperty ""HKLM:\SYSTEM\CurrentControlSet\Services\MrxSmb10"" -Name ""Start""",Registry,18.4.2,"4.8 (IG2, IG3)",NA,"AC-17, CM-6, SC-8, SI-7","Disables the SMBv1 client driver, removing an obsolete protocol with known wormable weaknesses and no modern integrity/encryption parity. Re-enabling the SMBv1 client driver restores an obsolete, wormable protocol lacking modern integrity and encryption.",Func:M / Sec:M — SMB config change may affect storage or file sharing operations,Warning Allowed
ConfigureSMBV1Server,a002b800-92a4-45cb-bbee-76c91739ddff,AZ-WIN-00175,Disable SMB v1 server,Configures SMB protocol setting 'Disable SMB v1 server' to harden file sharing against interception and exploitation.,HKLM:\SYSTEM\CurrentControlSet\Services\LanmanServer\Parameters,SMB1,REG_DWORD,,,,0,"Range(0, 1)","OneOf(Equals(0), Equals(null))",Critical,Azure Local Member Server (domain joined),SecuritySettings,"Get-ItemProperty ""HKLM:\SYSTEM\CurrentControlSet\Services\LanmanServer\Parameters"" -Name ""SMB1""",Registry,18.4.3,"4.8 (IG2, IG3)",NA,"AC-17, SC-8","Removes the SMBv1 dependency, eliminating an obsolete protocol with known wormable weaknesses (e.g., EternalBlue-class exposure). SMBv1 has no signing or encryption parity with modern dialects. Restoring the SMBv1 server reintroduces EternalBlue-class exposure and unsigned, unencrypted file sharing.",Func:M / Sec:M — SMB config change may affect storage or file sharing operations,Warning Allowed
CredDelegationNonExportable,feb86a88-2259-4ba0-b68e-2dbb7a43b4ce,AZ-WIN-20199,Remote host allows delegation of non-exportable credentials,Configures 'Remote host allows delegation of non-exportable credentials' per security baseline requirements to enforce organizational security policy.,HKLM:\SOFTWARE\Policies\Microsoft\Windows\CredentialsDelegation,AllowProtectedCreds,REG_DWORD,,,,1,"Range(0, 1)",Equals(1),Critical,Azure Local Member Server (domain joined),SecuritySettings,"Get-ItemProperty ""HKLM:\SOFTWARE\Policies\Microsoft\Windows\CredentialsDelegation"" -Name ""AllowProtectedCreds""",Registry,18.9.4.2,Not Mapped,WN25-CC-000100,CM-6,"Credential-delegation control 'Remote host allows delegation of non-exportable credentials'. Governs how credentials are delegated over CredSSP/RDP, limiting exposure of reusable secrets to remote hosts. Allowing exportable delegation exposes reusable credentials to remote hosts over CredSSP/RDP.",Func:Critical / Sec:H — CredSSP compatibility with Credential Guard; breaks remote orchestration,Blocked
CredentialProvidersAllowPINLogon,37e5e1d9-b9d2-454b-bf3f-124682309155,CCE-37528-7,Turn on convenience PIN sign-in,Configures 'Turn on convenience PIN sign-in' per security baseline requirements to enforce organizational security policy.,HKLM:\SOFTWARE\Policies\Microsoft\Windows\System,AllowDomainPINLogon,REG_DWORD,,,,0,"Range(0, 1)","OneOf(Equals(0), Equals(null))",Warning,Azure Local Member Server (domain joined),SecuritySettings,"Get-ItemProperty ""HKLM:\SOFTWARE\Policies\Microsoft\Windows\System"" -Name ""AllowDomainPINLogon""",Registry,18.9.29.6,"4.8 (IG2, IG3)",NA,CM-6,"Logon/lock-screen exposure control 'Turn on convenience PIN sign-in'. Reduces information disclosed at the lock screen or sign-in (usernames, account details, UI surfaces) that aids targeting or unattended-console abuse. Re-enabling convenience PIN sign-in adds another lock-screen sign-in surface.",Func:L / Sec:M — Logon security policy; no direct cluster impact,Warning Allowed
CredentialsUIDisablePasswordReveal,be3a95af-edc4-4252-a1c0-6c74f3b5b8a7,CCE-37534-5,Do not display the password reveal button,Configures 'Do not display the password reveal button' per security baseline requirements to enforce organizational security policy.,HKLM:\SOFTWARE\Policies\Microsoft\Windows\CredUI,DisablePasswordReveal,REG_DWORD,,,,1,"Range(0, 1)",Equals(1),Warning,Azure Local Member Server (domain joined),SecuritySettings,"Get-ItemProperty ""HKLM:\SOFTWARE\Policies\Microsoft\Windows\CredUI"" -Name ""DisablePasswordReveal""",Registry,18.10.15.1,Not Mapped,NA,IA-5,"Hides the password reveal button, reducing shoulder-surfing exposure of typed credentials. Showing the reveal button reintroduces shoulder-surfing exposure of typed credentials.",Func:L / Sec:M — Password policy; no direct cluster functional impact,Warning Allowed
CredentialsUIEnumerateAdministrators,e6eab28a-1dc8-4fb5-b88b-4e10f239e67c,CCE-36512-2,Enumerate administrator accounts on elevation,Configures 'Enumerate administrator accounts on elevation' per security baseline requirements to enforce organizational security policy.,HKLM:\SOFTWARE\Microsoft\Windows\CurrentVersion\Policies\CredUI,EnumerateAdministrators,REG_DWORD,,,,0,"Range(0, 1)","OneOf(Equals(0), Equals(null))",Warning,Azure Local Member Server (domain joined),SecuritySettings,"Get-ItemProperty ""HKLM:\SOFTWARE\Microsoft\Windows\CurrentVersion\Policies\CredUI"" -Name ""EnumerateAdministrators""",Registry,18.10.15.2,Not Mapped,WN25-CC-000240,SC-3,"Prevents enumeration of administrator accounts at the UAC elevation prompt, removing a hint that aids targeting of privileged accounts. Enabling administrator enumeration exposes privileged account names at the elevation prompt.","Func:L / Sec:L — UAC enumeration policy; UI-only, no cluster impact",Warning Allowed
CredSspAllowEncryptionOracle,20670f2c-01b1-4f5b-9dff-023c697babdb,AZ-WIN-201910,Encryption Oracle Remediation for CredSSP protocol,Configures 'Encryption Oracle Remediation for CredSSP protocol' per security baseline requirements to enforce organizational security policy.,HKLM:\SOFTWARE\Microsoft\Windows\CurrentVersion\Policies\System\CredSSP\Parameters,AllowEncryptionOracle,REG_DWORD,,,,0,"Range(0, 1)",Equals(0),Critical,Azure Local Member Server (domain joined),SecuritySettings,"Get-ItemProperty ""HKLM:\SOFTWARE\Microsoft\Windows\CurrentVersion\Policies\System\CredSSP\Parameters"" -Name ""AllowEncryptionOracle""",Registry,18.9.4.1,"10.5 (IG2, IG3)",NA,"SC-13, SC-28","Credential-delegation control 'Encryption Oracle Remediation for CredSSP protocol'. Governs how credentials are delegated over CredSSP/RDP, limiting exposure of reusable secrets to remote hosts. Relaxing it increases reusable-credential exposure during CredSSP/RDP delegation.",Func:Critical / Sec:H — Required for CredSSP patching policy; wrong value breaks inter-node auth,Blocked
CryptographyAllowedKerberosEncryptionTypes,979ae5a3-dba6-47b1-9644-7e74ed6d7eae,CCE-37755-6,Network Security: Configure encryption types allowed for Kerberos,Configures 'Network Security: Configure encryption types allowed for Kerberos' per security baseline requirements to enforce organizational security policy.,HKLM:\SOFTWARE\Microsoft\Windows\CurrentVersion\Policies\System\Kerberos\Parameters,SupportedEncryptionTypes,REG_DWORD,,,,2147483640,"OneOf(Equals(8), Equals(16), Equals(24), Equals(2147483624), Equals(2147483632), Equals(2147483640))","OneOf(Equals(2147483624), Equals(2147483632), Equals(2147483640))",Critical,Azure Local Member Server (domain joined),SecuritySettings,"Get-ItemProperty ""HKLM:\SOFTWARE\Microsoft\Windows\CurrentVersion\Policies\System\Kerberos\Parameters"" -Name ""SupportedEncryptionTypes""",Registry,2.3.11.4,"3.10 (IG2, IG3)",WN25-SO-000290,IA-7,"Configures the encryption types Kerberos may use, restricting to AES and excluding legacy DES/RC4 where set. Removing weak ciphers strengthens ticket confidentiality and resists offline cracking. Re-admitting DES/RC4 weakens Kerberos ticket confidentiality and eases offline cracking.",Func:H / Sec:H — Kerberos config affects cluster service tickets and inter-node auth,Warning Allowed
CryptographyEccCurve,,,SSL Cryptography EccCurves,Configures 'SSL Cryptography EccCurves' per security baseline requirements to enforce organizational security policy.,HKLM:\SOFTWARE\Policies\Microsoft\Cryptography\Configuration\SSL\00010002,EccCurves,REG_MULTI_SZ,,,,"NistP256,NistP384","ContainsAtMost('curve25519','NistP256','NistP384')","ContainsAtMost('NistP256','NistP384')",Critical,Azure Local Member Server (domain joined),SecuritySettings,"Get-ItemProperty ""HKLM:\SOFTWARE\Policies\Microsoft\Cryptography\Configuration\SSL\00010002"" -Name ""EccCurves""",Registry,NA,NA,NA,CM-6,"Cryptographic configuration 'SSL Cryptography EccCurves'. Constrains cipher suites, ECC curves, or key-protection so only strong, approved algorithms are used, resisting weak-cipher downgrade and key misuse. Permitting additional curves allows weaker negotiated cryptography susceptible to downgrade.",Func:M / Sec:H — Cryptography policy; may affect inter-node secure communications,Warning Allowed
CryptographyForceStrongKeyProtection,a07ccc0e-fc6a-48d7-a46c-9c7d464c5439,AZ-WIN-73699,System Cryptography: Force strong key protection for user keys stored on the computer,Configures 'System Cryptography: Force strong key protection for user keys stored on the computer' per security baseline requirements to enforce organizational security policy.,HKLM:\SOFTWARE\Policies\Microsoft\Cryptography,ForceKeyProtection,REG_DWORD,./Vendor/MSFT/Policy,Config/Cryptography/ConfigureSystemCryptographyForceStrongKeyProtection,Integer,2,"Range(1, 2)",Equals(2),Important,Azure Local Member Server (domain joined),SecuritySettings,Get-ItemProperty 'HKLM:\SOFTWARE\Policies\Microsoft\Cryptography' -Name 'ForceKeyProtection',Registry,NA,NA,WN25-SO-000350,IA-5(2),"Cryptographic configuration 'System Cryptography: Force strong key protection for user keys stored on the computer'. Constrains cipher suites, ECC curves, or key-protection so only strong, approved algorithms are used, resisting weak-cipher downgrade and key misuse. Disabling strong key protection lets user private keys be used without per-use password protection.",Func:M / Sec:H — Cryptography policy; may affect inter-node secure communications,Warning Allowed
CryptographySSLCipherSuites,51173f6a-ecfa-49b3-9c4b-a1c51ec90cd4,AZ-WIN-00153,SSL Cryptography Cipher suites,Configures 'SSL Cryptography Cipher suites' per security baseline requirements to enforce organizational security policy.,HKLM:\SOFTWARE\Policies\Microsoft\Cryptography\Configuration\SSL\00010002,Functions,REG_SZ,,,,"TLS_AES_128_GCM_SHA256,TLS_AES_256_GCM_SHA384,TLS_ECDHE_ECDSA_WITH_AES_128_GCM_SHA256,TLS_ECDHE_ECDSA_WITH_AES_256_GCM_SHA384,TLS_ECDHE_RSA_WITH_AES_128_GCM_SHA256,TLS_ECDHE_RSA_WITH_AES_256_GCM_SHA384,TLS_ECDHE_ECDSA_WITH_AES_128_CBC_SHA256,TLS_ECDHE_ECDSA_WITH_AES_256_CBC_SHA384,TLS_ECDHE_RSA_WITH_AES_128_CBC_SHA256,TLS_ECDHE_RSA_WITH_AES_256_CBC_SHA384","ContainsAtMost('TLS_AES_256_GCM_SHA384','TLS_AES_128_GCM_SHA256','TLS_ECDHE_ECDSA_WITH_AES_256_GCM_SHA384','TLS_ECDHE_ECDSA_WITH_AES_128_GCM_SHA256','TLS_ECDHE_RSA_WITH_AES_256_GCM_SHA384','TLS_ECDHE_RSA_WITH_AES_128_GCM_SHA256','TLS_ECDHE_ECDSA_WITH_AES_256_CBC_SHA384','TLS_ECDHE_ECDSA_WITH_AES_128_CBC_SHA256','TLS_ECDHE_RSA_WITH_AES_256_CBC_SHA384','TLS_ECDHE_RSA_WITH_AES_128_CBC_SHA256','TLS_ECDHE_ECDSA_WITH_AES_256_CBC_SHA','TLS_ECDHE_ECDSA_WITH_AES_128_CBC_SHA','TLS_ECDHE_RSA_WITH_AES_256_CBC_SHA','TLS_ECDHE_RSA_WITH_AES_128_CBC_SHA','TLS_RSA_WITH_AES_256_GCM_SHA384','TLS_RSA_WITH_AES_128_GCM_SHA256','TLS_RSA_WITH_AES_256_CBC_SHA256','TLS_RSA_WITH_AES_128_CBC_SHA256','TLS_RSA_WITH_AES_256_CBC_SHA','TLS_RSA_WITH_AES_128_CBC_SHA','TLS_RSA_WITH_NULL_SHA256','TLS_RSA_WITH_NULL_SHA','TLS_PSK_WITH_AES_256_GCM_SHA384','TLS_PSK_WITH_AES_128_GCM_SHA256','TLS_PSK_WITH_AES_256_CBC_SHA384','TLS_PSK_WITH_AES_128_CBC_SHA256','TLS_PSK_WITH_NULL_SHA384','TLS_PSK_WITH_NULL_SHA256')","ContainsAtMost('TLS_AES_128_GCM_SHA256','TLS_AES_256_GCM_SHA384','TLS_ECDHE_ECDSA_WITH_AES_128_GCM_SHA256','TLS_ECDHE_ECDSA_WITH_AES_256_GCM_SHA384','TLS_ECDHE_RSA_WITH_AES_128_GCM_SHA256','TLS_ECDHE_RSA_WITH_AES_256_GCM_SHA384','TLS_ECDHE_ECDSA_WITH_AES_128_CBC_SHA256','TLS_ECDHE_ECDSA_WITH_AES_256_CBC_SHA384','TLS_ECDHE_RSA_WITH_AES_128_CBC_SHA256','TLS_ECDHE_RSA_WITH_AES_256_CBC_SHA384')",Critical,Azure Local Member Server (domain joined),SecuritySettings,"Get-ItemProperty ""HKLM:\SOFTWARE\Policies\Microsoft\Cryptography\Configuration\SSL\00010002"" -Name ""Functions""",Registry,NA,NA,NA,CM-6,"Cryptographic configuration 'SSL Cryptography Cipher suites'. Constrains cipher suites, ECC curves, or key-protection so only strong, approved algorithms are used, resisting weak-cipher downgrade and key misuse. Loosening the suite list re-admits weak ciphers vulnerable to downgrade and interception.",Func:H / Sec:H — TLS/cipher changes may break WinRM HTTPS and inter-node encrypted traffic,Warning Allowed
DenyAnonymousSAMAndShareEnum,87822480-3af9-4cf1-b0d2-93ceb957b129,CCE-36077-6,Network access: Do not allow anonymous enumeration of SAM accounts and shares,Configures 'Network access: Do not allow anonymous enumeration of SAM accounts and shares' per security baseline requirements to enforce organizational security policy.,HKLM:\SYSTEM\CurrentControlSet\Control\Lsa,RestrictAnonymous,REG_DWORD,./Vendor/MSFT/Policy,Config/LocalPoliciesSecurityOptions/NetworkAccess_DoNotAllowAnonymousEnumerationOfSamAccountsAndShares,Integer,1,"Range(0, 1)",Equals(1),Critical,Azure Local Member Server (domain joined),SecuritySettings,Get-ItemProperty 'HKLM:\SYSTEM\CurrentControlSet\Control\Lsa' -Name 'RestrictAnonymous',Security Options,2.3.10.3,Not Mapped,WN25-SO-000230,SC-4,Blocks anonymous (null-session) enumeration of SAM accounts and shares. Anonymous enumeration leaks usernames and shares to unauthenticated attackers for reconnaissance and password-spray targeting. Allowing anonymous enumeration leaks usernames and shares to unauthenticated attackers for password-spray targeting.,Func:L / Sec:H — Anonymous access control; changing exposes enumeration surface,Warning Allowed
DenyStoredCredsForNetAuth,,,Network access: Do not allow storage of passwords and credentials for network authentication,"Prevents the Credential Manager from storing passwords and credentials for future network authentication, reducing credential theft risk.",HKLM:\SYSTEM\CurrentControlSet\Control\Lsa,DisableDomainCreds,REG_DWORD,,,,0,"Range(0, 1)",Equals(0),Critical,Azure Local Member Server (domain joined),SecuritySettings,"Get-ItemProperty ""HKLM:\SYSTEM\CurrentControlSet\Control\Lsa"" -Name ""DisableDomainCreds""",Registry,2.3.10.4,"3.11 (IG1, IG2, IG3)",NA,IA-5,Azure Local applies 'Network access: Do not allow storage of passwords and credentials for network authentication' (DisableDomainCreds = 0) as part of the in-box security baseline. The setting is already in effect; deviating from the configured value relaxes the hardened behavior for this control. Validate the operational need before changing it on a clustered node.,Func:M / Sec:H — Credential caching; affects CredSSP/remote management,Blocked
DeviceGuardLsaCfgFlags,b451ab64-5d99-4067-821e-382403a98aba,AZ-WIN-73515,Turn on CredentialGuard,Configures 'Turn on CredentialGuard' per security baseline requirements to enforce organizational security policy.,HKLM:\SOFTWARE\Policies\Microsoft\Windows\System,LsaCfgFlags,REG_DWORD,,,,2,"Range(0, 2)","Range(1, 2)",Critical,Azure Local Member Server (domain joined),SecuritySettings,Get-ItemProperty 'HKLM:\SOFTWARE\Policies\Microsoft\Windows\System' -Name 'LsaCfgFlags',Registry,18.9.5.5,"10.5 (IG2, IG3)",WN25-MS-000140,CM-6,"Enables Credential Guard (VBS-isolated LSA), storing derived domain credentials in a hardware-isolated container that prevents pass-the-hash/ticket theft from a compromised OS. Disabling Credential Guard removes VBS isolation, re-exposing derived credentials to pass-the-hash and ticket theft.",Func:L / Sec:L — Toggle: CredentialGuard — Tested and offered via Enable/Disable-AzsSecurity,Blocked
DeviceGuardRequireMicrosoftSignedBootChain,,,Secured-Core Require MicrosoftSignedBootChain,Configures 'Secured-Core Require MicrosoftSignedBootChain' per security baseline requirements to enforce organizational security policy.,HKLM:\SYSTEM\CurrentControlSet\Control\DeviceGuard,RequireMicrosoftSignedBootChain,REG_DWORD,,,,1,"Range(0, 2)","Range(1, 2)",Critical,Azure Local Member Server (domain joined),SecuritySettings,"Get-ItemProperty ""HKLM:\SYSTEM\CurrentControlSet\Control\DeviceGuard"" -Name ""RequireMicrosoftSignedBootChain""",SecuredCore,NA,NA,NA,"CM-6, SI-7","Requires a Microsoft-signed UEFI Secure Boot chain as a Virtualization-Based Security prerequisite (1 enforces while the platform emits a Secure-Boot-compatible TCG log, 2 gates release of the VSM master key). Anchors the hardware root of trust for VBS, HVCI, and Credential Guard; 0 removes the requirement entirely.",Func:L / Sec:H — VBS related settings — we do not support VBS disablement,Blocked
DeviceGuardRequirePlatformSecurityFeatures,a12cd14a-b749-408f-9d0e-1f90ace8c183,AZ-WIN-73513,"Secured-Core Require Platform Security (Secure Boot, DMA)","Configures '""Secured-Core Require Platform Security (Secure Boot, DMA)""' per security baseline requirements to enforce organizational security policy.",HKLM:\SOFTWARE\Policies\Microsoft\Windows\DeviceGuard,RequirePlatformSecurityFeatures,REG_DWORD,./Vendor/MSFT/Policy,Config/DeviceGuard/RequirePlatformSecurityFeatures,Integer,1,"OneOf(Equals(1), Equals(3))","OneOf(Equals(1), Equals(3))",Critical,Azure Local Member Server (domain joined),SecuritySettings,"Get-ItemProperty ""HKLM:\SOFTWARE\Policies\Microsoft\Windows\DeviceGuard"" -Name ""RequirePlatformSecurityFeatures""",SecuredCore,18.9.5.2,"10.5 (IG2, IG3)",WN25-CC-000110,CM-6,"Requires platform security features before Virtualization-Based Security activates: Secure Boot (1), or Secure Boot with DMA protection (3). This establishes the hardware root of trust that VBS, HVCI, and Credential Guard depend on, and value 3 additionally blocks malicious DMA-capable peripherals from reading protected memory. A lower or cleared value lets VBS run without verified platform protections, weakening the isolation those features provide.",Func:L / Sec:H — VBS related settings — we do not support VBS disablement,Blocked
DeviceGuardRequireUEFIMemoryAttributesTable,,,Secured-Core Require UEFI Memory Attribute Table,Configures 'Secured-Core Require UEFI Memory Attribute Table' per security baseline requirements to enforce organizational security policy.,HKLM:\SOFTWARE\Policies\Microsoft\Windows\DeviceGuard,HVCIMATRequired,REG_DWORD,,,,1,"Range(0, 1)",Equals(1),Critical,Azure Local Member Server (domain joined),SecuritySettings,"Get-ItemProperty ""HKLM:\SOFTWARE\Policies\Microsoft\Windows\DeviceGuard"" -Name ""HVCIMATRequired""",SecuredCore,18.9.5.4,"10.5 (IG2, IG3)",NA,"SC-28, SI-16","Requires UEFI firmware to publish a Memory Attributes Table (value 1) so firmware runtime memory is marked non-executable or read-only. HVCI relies on the MAT to extend code-integrity and memory protections over firmware regions; without it HVCI cannot constrain firmware memory, leaving a gap that could be used to bypass kernel code integrity. Setting 0 permits HVCI to run on firmware lacking these guarantees.",Func:L / Sec:H — HVCI related setting - we do not toggle it.,Warning Allowed
DeviceInstallPreventMetadataNet,d11ed6f2-03ae-4deb-94d9-096b7e6789cb,AZ-WIN-202251,Prevent device metadata retrieval from the Internet,Configures 'Prevent device metadata retrieval from the Internet' per security baseline requirements to enforce organizational security policy.,HKLM:\SOFTWARE\Policies\Microsoft\Windows\Device Metadata,PreventDeviceMetadataFromNetwork,REG_DWORD,,,,1,"Range(0, 1)",Equals(1),Informational,Azure Local Member Server (domain joined),SecuritySettings,"Get-ItemProperty ""HKLM:\SOFTWARE\Policies\Microsoft\Windows\Device Metadata"" -Name ""PreventDeviceMetadataFromNetwork""",Registry,18.9.7.2,"10.5 (IG2, IG3)",NA,CM-6,"Prevents automatic device-metadata retrieval from the Internet, reducing unsolicited outbound connections during device installation. Allowing metadata retrieval restores unsolicited outbound connections during device installation.","Func:L / Sec:L — Device-metadata policy; offline impact only, no cluster impact",Warning Allowed
DeviceLockAccountLockoutPolicy,,,Account lockout policy,"Configures account lockout duration, threshold, observation window, and admin lockout to mitigate brute-force and password spraying attacks against local accounts.",,,,./Vendor/MSFT/Policy,Config/DeviceLock/AccountLockoutPolicy,String,"AccountLockoutDuration:15, AccountLockoutThreshold:3, ResetAccountLockoutCounterAfter:15","AllOf(Pattern('ResetAccountLockoutCounterAfter:[1][5-9]|[2-9]\d|[1-9]\d{2,}'), Pattern('AccountLockoutDuration:[1][5-9]|[2-9]\d|[1-9]\d{2,}'), Pattern('AccountLockoutThreshold:[1-3]'))","AllOf(Pattern('ResetAccountLockoutCounterAfter:[1][5-9]|[2-9]\d|[1-9]\d{2,}'), Pattern('AccountLockoutDuration:[1][5-9]|[2-9]\d|[1-9]\d{2,}'), Pattern('AccountLockoutThreshold:[1-3]'))",Critical,Azure Local Member Server (domain joined),SecuritySettings,net accounts | Select-String 'Lockout threshold',Security Policy,1.2.1,"4.10 (IG2, IG3)",WN25-AC-000010,AC-7,"Account-policy control 'Account lockout policy' (baseline value: AccountLockoutDuration:15, AccountLockoutThreshold:3, ResetAccountLockoutCounterAfter:15). Strengthens credential hygiene by constraining password lifetime, length, history, complexity, or lockout to resist guessing and reuse. Weakening the lockout thresholds eases online password-guessing against local accounts.",Func:M / Sec:M — Lockout policy; aggressive settings may lock out service accounts,Warning Allowed
DeviceLockAllowAdminLockout,TBD,TBD,Allow Administrator account Lockout,"Enables account lockout for the built-in Administrator account, preventing brute-force attacks against this high-privilege account.",,,,./Vendor/MSFT/Policy,Config/DeviceLock/AllowAdministratorLockout,Integer,1,"Range(0, 1)",Equals(1),Important,Azure Local Member Server (domain joined),SecuritySettings,secedit /export /cfg $env:TEMP\secpol.cfg /quiet; (Select-String 'AllowAdministratorLockout' $env:TEMP\secpol.cfg).Line,Security Policy,1.2.3,"5.2 (IG1, IG2, IG3)",NA,AC-7,"Account-policy control 'Allow Administrator account Lockout' (baseline value: 1). Strengthens credential hygiene by constraining password lifetime, length, history, complexity, or lockout to resist guessing and reuse. Disabling administrator lockout exempts the admin account from lockout, easing unthrottled password-guessing against it.",Func:M / Sec:M — Lockout policy; aggressive settings may lock out service accounts,Warning Allowed
DeviceLockClearTextPassword,adb052b7-c17e-4b8c-86b8-d81b6a89af20,CCE-36286-3,Store passwords using reversible encryption,"Determines whether the OS stores passwords using reversible encryption. This is essentially equivalent to storing passwords in plaintext and is only required for certain legacy protocols (e.g., CHAP, Digest Authentication).",,,,./Vendor/MSFT/Policy,Config/DeviceLock/ClearTextPassword,Integer,0,"Range(0, 1)",Equals(0),Critical,Azure Local Member Server (domain joined),SecuritySettings,secedit /export /cfg $env:TEMP\secpol.cfg /quiet; (Select-String 'ClearTextPassword' $env:TEMP\secpol.cfg).Line,Security Policy,1.1.7,"3.11 (IG2, IG3)",WN25-AC-000090,IA-5(1),"Account-policy control 'Store passwords using reversible encryption' (baseline value: 0). Strengthens credential hygiene by constraining password lifetime, length, history, complexity, or lockout to resist guessing and reuse. Enabling reversible encryption stores passwords in a recoverable form equivalent to plaintext.",Func:L / Sec:Critical — Enabling stores passwords in reversible encryption; unacceptable security exposure,Blocked
DeviceLockMaximumPasswordAge,d43b43ec-abd0-4420-ba8c-d4e53b057205,CCE-37167-4,Maximum password age,Configures 'Maximum password age' per security baseline requirements to enforce organizational security policy.,,,,./Vendor/MSFT/Policy,Config/DeviceLock/MaximumPasswordAge,Integer,42,"Range(1, 999)","Range(1, 60)",Critical,Azure Local Member Server (domain joined),SecuritySettings,net accounts | Select-String 'Maximum password age',Security Policy,1.1.2,"5.2 (IG1, IG2, IG3)",WN25-AC-000050,IA-5,"Account-policy control 'Maximum password age' (baseline value: 42). Strengthens credential hygiene by constraining password lifetime, length, history, complexity, or lockout to resist guessing and reuse. Raising or zeroing the maximum age lets passwords live indefinitely, extending the window for a compromised credential.",Func:L / Sec:M — Password policy; no direct cluster functional impact,Warning Allowed
DeviceLockMinimumPasswordAge,45bdfbf8-155f-41f8-b9cf-72f1ba26c5be,CCE-37073-4,Minimum password age,Configures 'Minimum password age' per security baseline requirements to enforce organizational security policy.,,,,./Vendor/MSFT/Policy,Config/DeviceLock/MinimumPasswordAge,Integer,1,"Range(1, 998)","Range(1, )",Critical,Azure Local Member Server (domain joined),SecuritySettings,net accounts | Select-String 'Minimum password age',Security Policy,1.1.3,"5.2 (IG1, IG2, IG3)",NA,IA-5,"Account-policy control 'Minimum password age' (baseline value: 1). Strengthens credential hygiene by constraining password lifetime, length, history, complexity, or lockout to resist guessing and reuse. Setting the minimum age to 0 lets users cycle through history immediately to reuse a favored password.",Func:L / Sec:M — Password policy; no direct cluster functional impact,Warning Allowed
DeviceLockMinimumPasswordLength,bc9d4fef-9e33-48fc-bcbd-b53e60caf4a2,CCE-36534-6,Minimum password length,Configures 'Minimum password length' per security baseline requirements to enforce organizational security policy.,,,,./Vendor/MSFT/Policy,Config/DeviceLock/MinimumPasswordLength,Integer,14,"Range(7, 99)","Range(14, )",Critical,Azure Local Member Server (domain joined),SecuritySettings,net accounts | Select-String 'Minimum password length',Security Policy,1.1.4,"5.2 (IG1, IG2, IG3)",NA,IA-5,"Account-policy control 'Minimum password length' (baseline value: 14). Strengthens credential hygiene by constraining password lifetime, length, history, complexity, or lockout to resist guessing and reuse. Lowering the minimum length weakens resistance to brute-force and password-guessing.",Func:L / Sec:M — Local account password length; baseline enforces 14-char minimum per STIG/CIS,Warning Allowed
DeviceLockPasswordComplexity,299d1595-5ab2-4ef5-b287-6477c0df5178,CCE-37063-5,Password must meet complexity requirements,Configures 'Password must meet complexity requirements' per security baseline requirements to enforce organizational security policy.,,,,./Vendor/MSFT/Policy,Config/DeviceLock/PasswordComplexity,Integer,1,"Range(0, 1)",Equals(1),Critical,Azure Local Member Server (domain joined),SecuritySettings,secedit /export /cfg $env:TEMP\secpol.cfg /quiet; (Select-String 'PasswordComplexity' $env:TEMP\secpol.cfg).Line,Security Policy,1.1.5,"5.2 (IG1, IG2, IG3)",NA,IA-5,"Account-policy control 'Password must meet complexity requirements' (baseline value: 1). Strengthens credential hygiene by constraining password lifetime, length, history, complexity, or lockout to resist guessing and reuse. Disabling complexity allows simple, easily guessed passwords.",Func:L / Sec:M — Password policy; no direct cluster functional impact,Warning Allowed
DeviceLockPasswordHistorySize,dad8097d-db46-4df3-9839-a8504e60c878,CCE-37166-6,Enforce password history,Configures 'Enforce password history' per security baseline requirements to enforce organizational security policy.,,,,./Vendor/MSFT/Policy,Config/DeviceLock/PasswordHistorySize,Integer,24,"Range(0, 24)",Equals(24),Critical,Azure Local Member Server (domain joined),SecuritySettings,net accounts | Select-String 'password history',Security Policy,1.1.1,"5.2 (IG1, IG2, IG3)",NA,IA-5,"Account-policy control 'Enforce password history' (baseline value: 24). Strengthens credential hygiene by constraining password lifetime, length, history, complexity, or lockout to resist guessing and reuse. Shrinking the history lets users quickly reuse recent passwords.",Func:L / Sec:M — Password policy; no direct cluster functional impact,Warning Allowed
DeviceLockPreventEnablingLockScreenCamera,e2c34f75-5111-412a-a7a6-c4e74c475833,CCE-38347-1,Prevent enabling lock screen camera,Configures 'Prevent enabling lock screen camera' per security baseline requirements to enforce organizational security policy.,HKLM:\SOFTWARE\Policies\Microsoft\Windows\Personalization,NoLockScreenCamera,REG_DWORD,,,,1,"Range(0, 1)",Equals(1),Important,Azure Local Member Server (domain joined),SecuritySettings,"Get-ItemProperty ""HKLM:\SOFTWARE\Policies\Microsoft\Windows\Personalization"" -Name ""NoLockScreenCamera""",Registry,18.1.1.1,Not Mapped,NA,CM-6,"Logon/lock-screen exposure control 'Prevent enabling lock screen camera'. Reduces information disclosed at the lock screen or sign-in (usernames, account details, UI surfaces) that aids targeting or unattended-console abuse. Allowing the lock-screen camera adds an unauthenticated UI surface at the console.",Func:L / Sec:L — Screen saver policy; low cluster impact,Warning Allowed
DeviceLockPreventLockScreenSlideShow,8a3693ab-3a35-45c0-ab90-0797c5ebb036,CCE-38348-9,Prevent enabling lock screen slide show,Configures 'Prevent enabling lock screen slide show' per security baseline requirements to enforce organizational security policy.,HKLM:\SOFTWARE\Policies\Microsoft\Windows\Personalization,NoLockScreenSlideshow,REG_DWORD,,,,1,"Range(0, 1)",Equals(1),Important,Azure Local Member Server (domain joined),SecuritySettings,"Get-ItemProperty ""HKLM:\SOFTWARE\Policies\Microsoft\Windows\Personalization"" -Name ""NoLockScreenSlideshow""",Registry,18.1.1.2,Not Mapped,WN25-CC-000010,CM-7,"Logon/lock-screen exposure control 'Prevent enabling lock screen slide show'. Reduces information disclosed at the lock screen or sign-in (usernames, account details, UI surfaces) that aids targeting or unattended-console abuse. Allowing the lock-screen slideshow adds unattended-console UI surface and possible information exposure.",Func:L / Sec:L — Screen saver policy; low cluster impact,Warning Allowed
DigitallyEncryptOrSignSecureChannelDataAlways,3b8a1eba-64e5-4117-b7bc-2cf5042de658,CCE-36142-8,Domain member: Digitally encrypt or sign secure channel data (always),Configures 'Domain member: Digitally encrypt or sign secure channel data (always)' per security baseline requirements to enforce organizational security policy.,HKLM:\SYSTEM\CurrentControlSet\Services\NetLogon\Parameters,RequireSignOrSeal,REG_DWORD,./Vendor/MSFT/Policy,Config/LocalPoliciesSecurityOptions/DomainMember_DigitallyEncryptOrSignSecureChannelDataAlways,Integer,1,"Range(0, 1)",Equals(1),Critical,Azure Local Member Server (domain joined),SecuritySettings,Get-ItemProperty 'HKLM:\SYSTEM\CurrentControlSet\Services\NetLogon\Parameters' -Name 'RequireSignOrSeal',Security Options,2.3.6.1,"3.10 (IG2, IG3)",WN25-SO-000060,"SC-8, SC-8(1)","Domain-member secure-channel control 'Domain member: Digitally encrypt or sign secure channel data (always)'. Protects the machine-account secure channel to the domain (signing/encryption, key strength, password rotation) against tampering and replay. Relaxing it lets the machine secure channel run unsigned or unencrypted, exposing it to tampering and replay.",Func:M / Sec:H — Secure channel signing/encryption; affects domain trust and DC communication,Warning Allowed
DigitallyEncryptSecureChannelDataWhenPossible,915714e9-c2ae-42af-a391-c289db580e08,CCE-37130-2,Domain member: Digitally encrypt secure channel data (when possible),Configures 'Domain member: Digitally encrypt secure channel data (when possible)' per security baseline requirements to enforce organizational security policy.,HKLM:\SYSTEM\CurrentControlSet\Services\NetLogon\Parameters,SealSecureChannel,REG_DWORD,./Vendor/MSFT/Policy,Config/LocalPoliciesSecurityOptions/DomainMember_DigitallyEncryptSecureChannelDataWhenPossible,Integer,1,"Range(0, 1)",Equals(1),Critical,Azure Local Member Server (domain joined),SecuritySettings,Get-ItemProperty 'HKLM:\SYSTEM\CurrentControlSet\Services\NetLogon\Parameters' -Name 'SealSecureChannel',Security Options,2.3.6.2,"3.10 (IG2, IG3)",WN25-SO-000070,"SC-8, SC-8(1)","Domain-member secure-channel control 'Domain member: Digitally encrypt secure channel data (when possible)'. Protects the machine-account secure channel to the domain (signing/encryption, key strength, password rotation) against tampering and replay. Disabling encryption-when-possible leaves more secure-channel traffic in the clear.",Func:M / Sec:H — Secure channel signing/encryption; affects domain trust and DC communication,Warning Allowed
DigitallySignCommunicationsAlwaysClient,41a8be7d-69bd-48f4-ae77-9568cf7b15d1,CCE-36325-9,Microsoft network client: Digitally sign communications (always),Configures 'Microsoft network client: Digitally sign communications (always)' per security baseline requirements to enforce organizational security policy.,HKLM:\SYSTEM\CurrentControlSet\Services\LanmanWorkstation\Parameters,RequireSecuritySignature,REG_DWORD,./Vendor/MSFT/Policy,Config/LocalPoliciesSecurityOptions/MicrosoftNetworkClient_DigitallySignCommunicationsAlways,Integer,1,"Range(0, 1)",Equals(1),Critical,Azure Local Member Server (domain joined),SecuritySettings,Get-ItemProperty 'HKLM:\SYSTEM\CurrentControlSet\Services\LanmanWorkstation\Parameters' -Name 'RequireSecuritySignature',Security Options,2.3.8.1,"3.10 (IG2, IG3)",WN25-SO-000160,"SC-8, SC-8(1)","Requires SMB packet signing on the network client (mandatory). Signing protects file-sharing sessions from tampering and man-in-the-middle relay; without it, SMB traffic can be altered or relayed.",Func:L / Sec:L — Toggle: SMBSigning — Tested and offered via Enable/Disable-AzsSecurity,Toggle Allowed
DigitallySignCommunicationsAlwaysServer,032b5976-1c4b-4c68-bc5d-0c65e35306b2,CCE-37864-6,Microsoft network server: Digitally sign communications (always),Configures 'Microsoft network server: Digitally sign communications (always)' per security baseline requirements to enforce organizational security policy.,HKLM:\SYSTEM\CurrentControlSet\Services\LanmanServer\Parameters,RequireSecuritySignature,REG_DWORD,./Vendor/MSFT/Policy,Config/LocalPoliciesSecurityOptions/MicrosoftNetworkServer_DigitallySignCommunicationsAlways,Integer,1,"Range(0, 1)",Equals(1),Critical,Azure Local Member Server (domain joined),SecuritySettings,Get-ItemProperty 'HKLM:\SYSTEM\CurrentControlSet\Services\LanmanServer\Parameters' -Name 'RequireSecuritySignature',Security Options,2.3.9.2,"3.10 (IG2, IG3)",WN25-SO-000160,"SC-8, SC-8(1)","Requires SMB packet signing on the network server (mandatory). Signing protects file-sharing sessions from tampering and man-in-the-middle relay; without it, SMB traffic can be altered or relayed.",Func:L / Sec:L — Toggle: SMBSigning — Tested and offered via Enable/Disable-AzsSecurity,Toggle Allowed
DigitallySignCommunicationsIfClientAgrees,b625a003-d015-436e-89fb-fb2dfe71ae0f,CCE-35988-5,Microsoft network server: Digitally sign communications (if client agrees),Configures 'Microsoft network server: Digitally sign communications (if client agrees)' per security baseline requirements to enforce organizational security policy.,HKLM:\SYSTEM\CurrentControlSet\Services\LanmanServer\Parameters,EnableSecuritySignature,REG_DWORD,./Vendor/MSFT/Policy,Config/LocalPoliciesSecurityOptions/MicrosoftNetworkServer_DigitallySignCommunicationsIfClientAgrees,Integer,1,"Range(0, 1)",Equals(1),Critical,Azure Local Member Server (domain joined),SecuritySettings,Get-ItemProperty 'HKLM:\SYSTEM\CurrentControlSet\Services\LanmanServer\Parameters' -Name 'EnableSecuritySignature',Security Options,2.3.8.1,"3.10 (IG2, IG3)",WN25-SO-000170,"SC-8, SC-8(1)","Requires SMB packet signing on the network client (when supported). Signing protects file-sharing sessions from tampering and man-in-the-middle relay; without it, SMB traffic can be altered or relayed.",Func:L / Sec:L — Toggle: SMBSigning — Tested and offered via Enable/Disable-AzsSecurity,Toggle Allowed
DigitallySignCommunicationsIfServerAgrees,342046f5-c7d3-46b7-96db-7e4be82542d3,CCE-36269-9,Microsoft network client: Digitally sign communications (if server agrees),Configures 'Microsoft network client: Digitally sign communications (if server agrees)' per security baseline requirements to enforce organizational security policy.,HKLM:\SYSTEM\CurrentControlSet\Services\LanmanWorkstation\Parameters,EnableSecuritySignature,REG_DWORD,./Vendor/MSFT/Policy,Config/LocalPoliciesSecurityOptions/MicrosoftNetworkClient_DigitallySignCommunicationsIfServerAgrees,Integer,1,"Range(0, 1)",Equals(1),Critical,Azure Local Member Server (domain joined),SecuritySettings,Get-ItemProperty 'HKLM:\SYSTEM\CurrentControlSet\Services\LanmanWorkstation\Parameters' -Name 'EnableSecuritySignature',Security Options,2.3.8.1,"3.10 (IG2, IG3)",WN25-SO-000170,"SC-8, SC-8(1)","Requires SMB packet signing on the network client (when supported). Signing protects file-sharing sessions from tampering and man-in-the-middle relay; without it, SMB traffic can be altered or relayed.",Func:L / Sec:L — Toggle: SMBSigning — Tested and offered via Enable/Disable-AzsSecurity,Toggle Allowed
DigitallySignSecureChannelDataWhenPossible,b399c529-eeec-48dd-92e5-f1b2e14f12c9,CCE-37222-7,Domain member: Digitally sign secure channel data (when possible),Configures 'Domain member: Digitally sign secure channel data (when possible)' per security baseline requirements to enforce organizational security policy.,HKLM:\SYSTEM\CurrentControlSet\Services\NetLogon\Parameters,SignSecureChannel,REG_DWORD,./Vendor/MSFT/Policy,Config/LocalPoliciesSecurityOptions/DomainMember_DigitallySignSecureChannelDataWhenPossible,Integer,1,"Range(0, 1)",Equals(1),Critical,Azure Local Member Server (domain joined),SecuritySettings,Get-ItemProperty 'HKLM:\SYSTEM\CurrentControlSet\Services\NetLogon\Parameters' -Name 'SignSecureChannel',Security Options,2.3.6.3,"3.10 (IG2, IG3)",WN25-SO-000080,"SC-8, SC-8(1)","Domain-member secure-channel control 'Domain member: Digitally sign secure channel data (when possible)'. Protects the machine-account secure channel to the domain (signing/encryption, key strength, password rotation) against tampering and replay. Disabling signing-when-possible leaves more secure-channel traffic unsigned and tamper-prone.",Func:M / Sec:H — Secure channel signing/encryption; affects domain trust and DC communication,Warning Allowed
DisableIEviaCOMAutomation,TBD,TBD,Disable Internet Explorer 11 Launch Via COM Automation,"Prevents Internet Explorer 11 from being launched via COM automation, blocking a common malware execution vector.",HKLM:\SOFTWARE\Policies\Microsoft\Internet Explorer\Main,DisableInternetExplorerLaunchViaCOM,REG_DWORD,,,,1,"Range(0, 1)",Equals(1),Warning,Azure Local Member Server (domain joined),SecuritySettings,"Get-ItemProperty ""HKLM:\SOFTWARE\Policies\Microsoft\Internet Explorer\Main"" -Name ""DisableInternetExplorerLaunchViaCOM""",Registry,18.10.82.3,"2.5 (IG2, IG3)",NA,"CM-6, CM-7","Blocks launching the legacy IE11 engine via COM automation, removing a deprecated, vulnerable browser engine surface. Re-allowing the IE11 COM engine restores a deprecated, vulnerable browser surface.",Func:L / Sec:L — Legacy-IE COM policy; no cluster functional impact,Warning Allowed
DisableLocalAccountPasswordChanges,cb4110e4-23c8-46ab-9202-497a70efd077,CCE-37508-9,Domain member: Disable machine account password changes,Configures 'Domain member: Disable machine account password changes' per security baseline requirements to enforce organizational security policy.,HKLM:\SYSTEM\CurrentControlSet\Services\NetLogon\Parameters,DisablePasswordChange,REG_DWORD,./Vendor/MSFT/Policy,Config/LocalPoliciesSecurityOptions/DomainMember_DisableMachineAccountPasswordChanges,Integer,0,"Range(0, 1)",Equals(0),Critical,Azure Local Member Server (domain joined),SecuritySettings,Get-ItemProperty 'HKLM:\SYSTEM\CurrentControlSet\Services\NetLogon\Parameters' -Name 'DisablePasswordChange',Security Options,2.3.6.4,"5.6 (IG2, IG3)",WN25-SO-000090,IA-3(1),"Domain-member secure-channel control 'Domain member: Disable machine account password changes'. Protects the machine-account secure channel to the domain (signing/encryption, key strength, password rotation) against tampering and replay. Disabling machine-account password changes freezes the secret, weakening secure-channel protection over time.",Func:L / Sec:M — Password policy; no direct cluster functional impact,Warning Allowed
DisableProxyAuthenticationSchemes,TBD,TBD,Disable HTTP proxy features: Disable proxy authentication,"Disables proxy authentication over loopback interfaces, preventing malicious actors from impersonating trusted services through the sign-in interface.",HKLM:\SOFTWARE\Microsoft\Windows\CurrentVersion\Internet Settings,DisableProxyAuthenticationSchemes,REG_DWORD,,,,256,"Range(0, 287)",Equals(256),Important,Azure Local Member Server (domain joined),SecuritySettings,"Get-ItemProperty ""HKLM:\SOFTWARE\Microsoft\Windows\CurrentVersion\Internet Settings"" -Name ""DisableProxyAuthenticationSchemes""",Registry,18.11.2,"4.8 (IG2, IG3)",NA,"CM-6, CM-7","Disables HTTP proxy authentication features per the baseline, constraining proxy-based authentication behavior to the approved posture. Re-enabling the proxy authentication schemes broadens proxy-based authentication beyond the approved posture.",Func:L / Sec:M — Proxy-auth policy; verify proxy client compatibility,Warning Allowed
DisableSMBv1Client,16394616-4a4d-4416-9985-b8a3251eb70c,AZ-WIN-00122,Disable SMB v1 client (remove dependency on LanmanWorkstation),Configures SMB protocol setting 'Disable SMB v1 client (remove dependency on LanmanWorkstation)' to harden file sharing against interception and exploitation.,HKLM:\SYSTEM\CurrentControlSet\Services\LanmanWorkstation,DependOnService,REG_MULTI_SZ,,,,"Bowser,MRxSmb20,NSI","ContainsAtMost('Bowser', 'MRxSmb20', 'NSI')","ContainsAtMost('Bowser', 'MRxSmb20', 'NSI')",Critical,Azure Local Member Server (domain joined),SecuritySettings,"Get-ItemProperty ""HKLM:\SYSTEM\CurrentControlSet\Services\LanmanWorkstation"" -Name ""DependOnService""",Registry,NA,NA,NA,"AC-17, SC-8","Removes the SMBv1 dependency, eliminating an obsolete protocol with known wormable weaknesses (e.g., EternalBlue-class exposure). SMBv1 has no signing or encryption parity with modern dialects. Restoring the SMBv1 client reintroduces an obsolete, wormable protocol lacking modern integrity and encryption.",Func:M / Sec:M — SMB config change may affect storage or file sharing operations,Warning Allowed
DisconnectClientsWhenLogonHoursExpire,32899900-6b73-4cdd-906d-702e00bae698,CCE-37972-7,Microsoft network server: Disconnect clients when logon hours expire,Configures 'Microsoft network server: Disconnect clients when logon hours expire' per security baseline requirements to enforce organizational security policy.,HKLM:\SYSTEM\CurrentControlSet\Services\LanmanServer\Parameters,EnableForcedLogOff,REG_DWORD,./Vendor/MSFT/Policy,Config/LocalPoliciesSecurityOptions/MicrosoftNetworkServer_DisconnectClientsWhenLogonHoursExpire,Integer,1,"Range(0, 1)",Equals(1),Critical,Azure Local Member Server (domain joined),SecuritySettings,Get-ItemProperty 'HKLM:\SYSTEM\CurrentControlSet\Services\LanmanServer\Parameters' -Name 'EnableForcedLogOff',Security Options,2.3.9.3,Not Mapped,NA,"AC-7, AU-12","Forcibly disconnects SMB sessions when logon hours expire, enforcing time-of-day access restrictions. Disabling forced disconnect lets sessions persist past permitted logon hours.",Func:L / Sec:M — Logon security policy; no direct cluster impact,Warning Allowed
DmaGuardDeviceEnumerationPolicy,33d91350-6972-40b9-a22b-77437fcf0a13,,Enumeration policy for external devices incompatible with Kernel DMA Protection,Configures 'Enumeration policy for external devices incompatible with Kernel DMA Protection' per security baseline requirements to enforce organizational security policy.,HKLM:\SOFTWARE\Policies\Microsoft\Windows\Kernel DMA Protection,DeviceEnumerationPolicy,REG_DWORD,./Vendor/MSFT/Policy,Config/DmaGuard/DeviceEnumerationPolicy,Integer,0,"Range(0, 2)","OneOf(Equals(0), Equals(1))",Critical,Azure Local Member Server (domain joined),SecuritySettings,Get-ItemProperty 'HKLM:\SOFTWARE\Policies\Microsoft\Windows\Kernel DMA Protection' -Name 'DeviceEnumerationPolicy',Registry,18.9.24.1,Not Mapped,NA,CM-6,"Blocks enumeration of DMA-capable external devices that are incompatible with Kernel DMA Protection, mitigating drive-by DMA (Thunderbolt-class) memory attacks. Relaxing the policy permits incompatible DMA devices, reopening drive-by DMA (Thunderbolt-class) memory attacks.",Func:M / Sec:H — DMA protection; changing reduces hardware security,Warning Allowed
DnsClientTurnOffMulticast,94276972-d64d-43bc-ae92-8b609f2d114b,AZ-WIN-00145,Turn off multicast name resolution,Configures 'Turn off multicast name resolution' per security baseline requirements to enforce organizational security policy.,HKLM:\SOFTWARE\Policies\Microsoft\Windows NT\DNSClient,EnableMulticast,REG_DWORD,,,,0,"Range(0, 1)",Equals(0),Warning,Azure Local Member Server (domain joined),SecuritySettings,"Get-ItemProperty ""HKLM:\SOFTWARE\Policies\Microsoft\Windows NT\DNSClient"" -Name ""EnableMulticast""",Registry,18.6.4.4,"4.8 (IG2, IG3)",NA,CM-6,Network name-resolution / connectivity control 'Turn off multicast name resolution'. Disabling legacy/broadcast resolution (LLMNR/NetBIOS) and ad-hoc bridging reduces spoofing and credential-interception vectors on the local network.,Func:L / Sec:L — Name-resolution hardening; verify no legacy LLMNR dependency,Warning Allowed
DODownloadMode,f1a63002-7ac3-11eb-9596-f5560b7cfdf8,AZ-WIN-93259,Delivery Optimization: Download Mode Methods,Configures 'Delivery Optimization: Download Mode Methods' per security baseline requirements to enforce organizational security policy.,HKLM:\SOFTWARE\Policies\Microsoft\Windows\DeliveryOptimization,DODownloadMode,REG_DWORD,,,,2,"OneOf(Equals(0), Equals(1), Equals(2), Equals(3), Equals(99), Equals(100))","OneOf(Equals(0), Equals(1), Equals(2), Equals(99), Equals(100))",Informational,Azure Local Member Server (domain joined),SecuritySettings,"Get-ItemProperty ""HKLM:\SOFTWARE\Policies\Microsoft\Windows\DeliveryOptimization"" -Name ""DODownloadMode""",Registry,NA,NA,WN25-CC-000260,CM-6,"Constrains Delivery Optimization download mode to the approved value, controlling peer-to-peer update sourcing and associated network exposure. Widening the download mode re-enables broader peer-to-peer update sourcing and its network exposure.","Func:L / Sec:L — Update-delivery policy; affects download source, not cluster services",Warning Allowed
DoNotAllowAnonymousEnumerationOfSAMAccounts,9503a7be-372f-4591-9dcd-f7de48b7f7e8,CCE-36316-8,Network access: Do not allow anonymous enumeration of SAM accounts,Configures 'Network access: Do not allow anonymous enumeration of SAM accounts' per security baseline requirements to enforce organizational security policy.,HKLM:\SYSTEM\CurrentControlSet\Control\Lsa,RestrictAnonymousSAM,REG_DWORD,./Vendor/MSFT/Policy,Config/LocalPoliciesSecurityOptions/NetworkAccess_DoNotAllowAnonymousEnumerationOfSAMAccounts,Integer,1,"Range(0, 1)","OneOf(Equals(1), Equals(null))",Critical,Azure Local Member Server (domain joined),SecuritySettings,Get-ItemProperty 'HKLM:\SYSTEM\CurrentControlSet\Control\Lsa' -Name 'RestrictAnonymousSAM',Security Options,2.3.10.2,Not Mapped,WN25-SO-000220,CM-6,Blocks anonymous (null-session) enumeration of SAM accounts and shares. Anonymous enumeration leaks usernames and shares to unauthenticated attackers for reconnaissance and password-spray targeting. Allowing anonymous enumeration leaks SAM account names to unauthenticated attackers for spray targeting.,Func:L / Sec:H — Anonymous access control; changing exposes enumeration surface,Warning Allowed
DoNotDisplayLastSignedIn,9e11215f-9b0b-4ca6-ad5b-d1a0c989af36,CCE-36056-0,Interactive logon: Do not display last user name,Configures 'Interactive logon: Do not display last user name' per security baseline requirements to enforce organizational security policy.,HKLM:\SOFTWARE\Microsoft\Windows\CurrentVersion\Policies\System,DontDisplayLastUserName,REG_DWORD,./Vendor/MSFT/Policy,Config/LocalPoliciesSecurityOptions/InteractiveLogon_DoNotDisplayLastSignedIn,Integer,1,"Range(0, 1)",Equals(1),Critical,Azure Local Member Server (domain joined),SecuritySettings,Get-ItemProperty 'HKLM:\SOFTWARE\Microsoft\Windows\CurrentVersion\Policies\System' -Name 'DontDisplayLastUserName',Security Options,2.3.7.2,"4.10 (IG2, IG3)",NA,"AC-7, AU-12","Logon/lock-screen exposure control 'Interactive logon: Do not display last user name'. Reduces information disclosed at the lock screen or sign-in (usernames, account details, UI surfaces) that aids targeting or unattended-console abuse. Displaying the last user name reveals a valid account name at the logon screen.",Func:L / Sec:M — Logon/session behavior; no direct cluster impact,Warning Allowed
DoNotRequireCTRLALTDEL,c2e85522-5e4f-4295-8111-5b2ab815af32,CCE-37637-6,Interactive logon: Do not require CTRL+ALT+DEL,Configures 'Interactive logon: Do not require CTRL+ALT+DEL' per security baseline requirements to enforce organizational security policy.,HKLM:\SOFTWARE\Microsoft\Windows\CurrentVersion\Policies\System,DisableCAD,REG_DWORD,./Vendor/MSFT/Policy,Config/LocalPoliciesSecurityOptions/InteractiveLogon_DoNotRequireCTRLALTDEL,Integer,0,"Range(0, 1)","OneOf(Equals(0), Equals(null))",Critical,Azure Local Member Server (domain joined),SecuritySettings,Get-ItemProperty 'HKLM:\SOFTWARE\Microsoft\Windows\CurrentVersion\Policies\System' -Name 'DisableCAD',Security Options,2.3.7.1,"4.10 (IG2, IG3)",NA,"AC-7, AU-12","Requires the secure attention sequence (CTRL+ALT+DEL) at logon (baseline does NOT relax this), defeating credential-harvesting fake logon screens. Removing the secure attention sequence requirement enables credential-harvesting fake logon screens.",Func:L / Sec:M — Logon/session behavior; no direct cluster impact,Warning Allowed
EnableAuthEpResolution,,CCE-37346-4,Enable RPC Endpoint Mapper Client Authentication,Configures 'Enable RPC Endpoint Mapper Client Authentication' per security baseline requirements to enforce organizational security policy.,HKLM:\SOFTWARE\Policies\Microsoft\Windows NT\Rpc,EnableAuthEpResolution,REG_DWORD,,,,1,"Range(0, 1)",Equals(1),Critical,Azure Local Member Server (domain joined),SecuritySettings,"Get-ItemProperty ""HKLM:\SOFTWARE\Policies\Microsoft\Windows NT\Rpc"" -Name ""EnableAuthEpResolution""",Registry,18.9.38.1,Not Mapped,NA,"IA-2, SC-8","Requires client authentication to the RPC Endpoint Mapper, reducing anonymous RPC endpoint discovery and abuse. Disabling endpoint-mapper authentication re-permits anonymous RPC endpoint discovery and abuse.",Func:L / Sec:M — Authentication policy; standard hardening,Warning Allowed
EnableAuthRateLimiter,,,Enable authentication rate limiter,Configures 'Enable authentication rate limiter' per security baseline requirements to enforce organizational security policy.,HKLM:\SOFTWARE\Policies\Microsoft\Windows\LanmanServer,EnableAuthRateLimiter,REG_DWORD,,,,1,"Range(0, 1)","OneOf(Equals(1), Equals(null))",Warning,Azure Local Member Server (domain joined),SecuritySettings,"Get-ItemProperty ""HKLM:\SOFTWARE\Policies\Microsoft\Windows\LanmanServer"" -Name ""EnableAuthRateLimiter""",Registry,18.6.7.4,Not Mapped,NA,CM-6,"Enables the SMB authentication rate limiter, slowing brute-force/password-spray attempts against the host. Disabling the rate limiter removes throttling against SMB brute-force and password-spray.",Func:L / Sec:M — Authentication policy; standard hardening,Warning Allowed
EnableAuthRateLimiterTimeout,,,Enable authentication rate limiter (Delay Timeout),Configures 'Enable authentication rate limiter (Delay Timeout)' per security baseline requirements to enforce organizational security policy.,HKLM:\SOFTWARE\Policies\Microsoft\Windows\LanmanServer,InvalidAuthenticationDelayTimeInMs,REG_DWORD,,,,2000,"Range(0, 5000)","Range(2000, 5000)",Informational,Azure Local Member Server (domain joined),SecuritySettings,"Get-ItemProperty ""HKLM:\SOFTWARE\Policies\Microsoft\Windows\LanmanServer"" -Name ""InvalidAuthenticationDelayTimeInMs""",Registry,18.6.7.7,Not Mapped,NA,AU-8,"Sets the SMB authentication rate-limiter delay, throttling repeated failed authentication attempts to blunt brute-force attacks. Reducing the delay to zero removes throttling of repeated failed SMB authentications.",Func:L / Sec:M — Authentication policy; standard hardening,Warning Allowed
EnableGuestAccountStatus,d3d9ac7b-8bcc-42e8-8752-29902eda04dd,CCE-37432-2,Accounts: Guest account status,Controls whether the built-in Guest account is enabled or disabled. The Guest account provides unauthenticated access and should always be disabled on servers.,,,,./Vendor/MSFT/Policy,Config/LocalPoliciesSecurityOptions/Accounts_EnableGuestAccountStatus,Integer,0,"Range(0, 1)",Equals(0),Critical,Azure Local Member Server (domain joined),SecuritySettings,Get-LocalUser -Name 'Guest' | Select-Object -ExpandProperty Enabled,Security Policy,2.3.1.1,"4.7 (IG1, IG2, IG3)",WN25-SO-000010,IA-8,"Disables the built-in Guest account, removing an unauthenticated/low-privilege foothold often used for anonymous access. Enabling the Guest account restores an unauthenticated low-privilege foothold.",Func:L / Sec:H — Guest account; enabling is a significant security risk,Warning Allowed
EnableMailslotsLanmanServer,,,Enable remote mailslots (Lanman Server),Configures 'Enable remote mailslots (Lanman Server)' per security baseline requirements to enforce organizational security policy.,HKLM:\SOFTWARE\Policies\Microsoft\Windows\Bowser,EnableMailslots,REG_DWORD,,,,0,"Range(0, 1)",Equals(0),Informational,Azure Local Member Server (domain joined),SecuritySettings,"Get-ItemProperty ""HKLM:\SOFTWARE\Policies\Microsoft\Windows\Bowser"" -Name ""EnableMailslots""",Registry,18.6.7.5,"4.8 (IG2, IG3)",NA,CM-6,"Disables remote mailslots 'Enable remote mailslots (Lanman Server)'. Removes a legacy, unauthenticated SMB datagram mechanism no longer needed and usable for spoofing/reconnaissance. Re-enabling server mailslots restores a legacy unauthenticated SMB datagram mechanism usable for spoofing.",Func:L / Sec:L — Legacy mailslot policy; verify no legacy browser/RPC dependency,Warning Allowed
EnableMailslotsLanmanWorkstation,,,Enable remote mailslots (Lanman Workstation),Configures 'Enable remote mailslots (Lanman Workstation)' per security baseline requirements to enforce organizational security policy.,HKLM:\SOFTWARE\Policies\Microsoft\Windows\NetworkProvider,EnableMailslots,REG_DWORD,,,,0,"Range(0, 1)",Equals(0),Informational,Azure Local Member Server (domain joined),SecuritySettings,"Get-ItemProperty ""HKLM:\SOFTWARE\Policies\Microsoft\Windows\NetworkProvider"" -Name ""EnableMailslots""",Registry,18.6.8.5,"4.8 (IG2, IG3)",NA,CM-6,"Disables remote mailslots 'Enable remote mailslots (Lanman Workstation)'. Removes a legacy, unauthenticated SMB datagram mechanism no longer needed and usable for spoofing/reconnaissance. Re-enabling workstation mailslots restores a legacy unauthenticated SMB datagram mechanism usable for spoofing.",Func:L / Sec:L — Legacy mailslot policy; verify no legacy browser/RPC dependency,Warning Allowed
EnableNTPServer,TBD,TBD,Enable Windows NTP Server,Disables the Windows NTP Server service on member servers to prevent unauthorized time source services.,HKLM:\SOFTWARE\Policies\Microsoft\W32Time\TimeProviders\NtpServer,Enabled,REG_DWORD,,,,0,"Range(0, 1)",Equals(0),Critical,Azure Local Member Server (domain joined),SecuritySettings,"Get-ItemProperty ""HKLM:\SOFTWARE\Policies\Microsoft\W32Time\TimeProviders\NtpServer"" -Name ""Enabled""",Registry,18.9.51.1,"8.4 (IG2, IG3)",NA,"AU-8, CM-6","Windows Time / NTP control 'Enable Windows NTP Server'. Maintains the configured time-sync posture; accurate, controlled time is required for Kerberos validity and reliable security-log correlation. Disabling the NTP server can disrupt dependent clients' time sync, degrading Kerberos and log correlation.",Func:L / Sec:L — Time synchronization; low cluster impact,Warning Allowed
EnableSEHOverwriteProtection,2f9a914c-e88c-401b-9c21-5ddb94b31b4a,AZ-WIN-202210,Enable Structured Exception Handling Overwrite Protection (SEHOP),Configures 'Enable Structured Exception Handling Overwrite Protection (SEHOP)' per security baseline requirements to enforce organizational security policy.,HKLM:\SYSTEM\CurrentControlSet\Control\Session Manager\kernel,DisableExceptionChainValidation,REG_DWORD,,,,0,"Range(0, 1)",Equals(0),Critical,Azure Local Member Server (domain joined),SecuritySettings,"Get-ItemProperty ""HKLM:\SYSTEM\CurrentControlSet\Control\Session Manager\kernel"" -Name ""DisableExceptionChainValidation""",Registry,18.4.5,"10.5 (IG2, IG3)",NA,CM-6,"Enables SEHOP, blocking the structured-exception-handler overwrite technique used in memory-corruption exploits. Disabling SEHOP reopens the structured-exception-handler overwrite technique used in memory-corruption exploits.",Func:L / Sec:H — Exploit mitigation; disabling reduces defense-in-depth,Warning Allowed
EncryptNTFSPagingFile,,,System Policies NtfsEncryptPagingFile,Configures 'System Policies NtfsEncryptPagingFile' per security baseline requirements to enforce organizational security policy.,HKLM:\SYSTEM\CurrentControlSet\Policies,NtfsEncryptPagingFile,REG_DWORD,,,,1,"Range(0, 1)",Equals(1),Important,Azure Local Member Server (domain joined),SecuritySettings,"Get-ItemProperty ""HKLM:\SYSTEM\CurrentControlSet\Policies"" -Name ""NtfsEncryptPagingFile""",Registry,NA,NA,NA,"SC-13, SC-28","Encrypts the NTFS paging file, reducing the chance that sensitive in-memory data paged to disk is recoverable offline. Disabling pagefile encryption leaves paged-out memory, including secrets, recoverable offline.","Func:L / Sec:M — Pagefile-encryption policy; minor I/O overhead, no cluster impact",Warning Allowed
EventLogChannelSecurityLogRetention,1b1dcdbf-d949-44da-b942-0fc2eb225985,CCE-37145-0,Security: Control Event Log behavior when the log file reaches its maximum size,Configures 'Security: Control Event Log behavior when the log file reaches its maximum size' to ensure sufficient log retention for security monitoring and forensic investigation.,HKLM:\SOFTWARE\Policies\Microsoft\Windows\EventLog\Security,Retention,REG_SZ,,,,0,"OneOf(Equals('0'), Equals('1'), Equals(null))","OneOf(Equals('0'), Equals(null))",Critical,Azure Local Member Server (domain joined),SecuritySettings,"Get-ItemProperty ""HKLM:\SOFTWARE\Policies\Microsoft\Windows\EventLog\Security"" -Name ""Retention""",Registry,18.10.26.2.1,"8.3 (IG1, IG2, IG3)",NA,"AU-12, AU-4",Event-log sizing/retention for 'Security: Control Event Log behavior when the log file reaches its maximum size' (baseline value: 0). Adequate capacity preserves security-relevant history for detection and investigation instead of overwriting it prematurely. Reducing retention or capacity risks overwriting security history before it can be reviewed.,"Func:L / Sec:L — Audit/logging setting; no functional impact, reduces visibility if disabled",Warning Allowed
EventLogChannelSetupLogMaxSize,5bfb71c2-897f-4ccb-b7d5-7181b1f2527a,CCE-37526-1,Setup: Specify the maximum log file size (KB),Configures 'Setup: Specify the maximum log file size (KB)' per security baseline requirements to enforce organizational security policy.,HKLM:\SOFTWARE\Policies\Microsoft\Windows\EventLog\Setup,MaxSize,REG_DWORD,,,,32768,"Range(64, 4194240)","Range(32768, )",Critical,Azure Local Member Server (domain joined),SecuritySettings,"Get-ItemProperty ""HKLM:\SOFTWARE\Policies\Microsoft\Windows\EventLog\Setup"" -Name ""MaxSize""",Registry,18.10.26.3.2,"8.3 (IG1, IG2, IG3)",NA,CM-6,"Event-log sizing/retention for 'Setup: Specify the maximum log file size (KB)' (baseline value: 32768). Adequate capacity preserves security-relevant history for detection and investigation instead of overwriting it prematurely. Shrinking the log size overwrites Setup history sooner, losing investigative record.","Func:L / Sec:L — Audit/logging setting; no functional impact, reduces visibility if disabled",Warning Allowed
EventLogChannelSetupLogRetention,31f0541c-879f-473d-bf6b-e0aef89f0b45,CCE-38276-2,Setup: Control Event Log behavior when the log file reaches its maximum size,Configures 'Setup: Control Event Log behavior when the log file reaches its maximum size' to ensure sufficient log retention for security monitoring and forensic investigation.,HKLM:\SOFTWARE\Policies\Microsoft\Windows\EventLog\Setup,Retention,REG_SZ,,,,0,"OneOf(Equals('0'), Equals('1'), Equals(null))","OneOf(Equals('0'), Equals(null))",Critical,Azure Local Member Server (domain joined),SecuritySettings,"Get-ItemProperty ""HKLM:\SOFTWARE\Policies\Microsoft\Windows\EventLog\Setup"" -Name ""Retention""",Registry,18.10.26.3.1,"8.3 (IG1, IG2, IG3)",NA,"AU-12, AU-4",Event-log sizing/retention for 'Setup: Control Event Log behavior when the log file reaches its maximum size' (baseline value: 0). Adequate capacity preserves security-relevant history for detection and investigation instead of overwriting it prematurely. Reducing retention overwrites Setup-log history before it can be reviewed.,"Func:L / Sec:L — Audit/logging setting; no functional impact, reduces visibility if disabled",Warning Allowed
EventLogChannelSystemLogRetention,8656ed1c-72e2-4d49-811b-aaec42521ae0,CCE-36160-0,System: Control Event Log behavior when the log file reaches its maximum size,Configures 'System: Control Event Log behavior when the log file reaches its maximum size' to ensure sufficient log retention for security monitoring and forensic investigation.,HKLM:\SOFTWARE\Policies\Microsoft\Windows\EventLog\System,Retention,REG_SZ,,,,0,"OneOf(Equals('0'), Equals('1'), Equals(null))","OneOf(Equals('0'), Equals(null))",Critical,Azure Local Member Server (domain joined),SecuritySettings,"Get-ItemProperty ""HKLM:\SOFTWARE\Policies\Microsoft\Windows\EventLog\System"" -Name ""Retention""",Registry,18.10.26.4.1,"8.3 (IG1, IG2, IG3)",NA,"AU-12, AU-4",Event-log sizing/retention for 'System: Control Event Log behavior when the log file reaches its maximum size' (baseline value: 0). Adequate capacity preserves security-relevant history for detection and investigation instead of overwriting it prematurely. Reducing retention overwrites System-log history before it can be reviewed.,"Func:L / Sec:L — Audit/logging setting; no functional impact, reduces visibility if disabled",Warning Allowed
EventLogMaxSizeApplication,e7e377d1-d6e0-4acc-a073-75b3243a646e,CCE-37948-7,Application: Specify the maximum log file size (KB),Configures 'Application: Specify the maximum log file size (KB)' per security baseline requirements to enforce organizational security policy.,HKLM:\SOFTWARE\Policies\Microsoft\Windows\EventLog\Application,MaxSize,REG_DWORD,,,,32768,"Range(64, 4194240)","Range(32768, )",Critical,Azure Local Member Server (domain joined),SecuritySettings,"Get-ItemProperty ""HKLM:\SOFTWARE\Policies\Microsoft\Windows\EventLog\Application"" -Name ""MaxSize""",Registry,18.10.26.1.2,"8.3 (IG1, IG2, IG3)",NA,CM-6,"Event-log sizing/retention for 'Application: Specify the maximum log file size (KB)' (baseline value: 32768). Adequate capacity preserves security-relevant history for detection and investigation instead of overwriting it prematurely. Shrinking the Application log overwrites history sooner, losing investigative record.","Func:L / Sec:L — Audit/logging setting; no functional impact, reduces visibility if disabled",Warning Allowed
EventLogMaxSizeSecurity,c139db2e-8dea-418e-bf7c-372ec0278e31,CCE-37695-4,Security: Specify the maximum log file size (KB),Configures 'Security: Specify the maximum log file size (KB)' per security baseline requirements to enforce organizational security policy.,HKLM:\SOFTWARE\Policies\Microsoft\Windows\EventLog\Security,MaxSize,REG_DWORD,,,,1048576,"Range(64, 4194240)","Range(1048576, )",Critical,Azure Local Member Server (domain joined),SecuritySettings,"Get-ItemProperty ""HKLM:\SOFTWARE\Policies\Microsoft\Windows\EventLog\Security"" -Name ""MaxSize""",Registry,18.10.26.2.2,"8.3 (IG1, IG2, IG3)",NA,CM-6,"Event-log sizing/retention for 'Security: Specify the maximum log file size (KB)' (baseline value: 1048576). Adequate capacity preserves security-relevant history for detection and investigation instead of overwriting it prematurely. Shrinking the Security log overwrites audit history sooner, undermining detection and investigation.","Func:L / Sec:L — Audit/logging setting; no functional impact, reduces visibility if disabled",Warning Allowed
EventLogMaxSizeSystem,3e20b64c-0356-4e95-ba4e-2ebd51e10bb9,CCE-36092-5,System: Specify the maximum log file size (KB),Configures 'System: Specify the maximum log file size (KB)' per security baseline requirements to enforce organizational security policy.,HKLM:\SOFTWARE\Policies\Microsoft\Windows\EventLog\System,MaxSize,REG_DWORD,,,,262144,"Range(64, 4194240)","Range(262144, )",Critical,Azure Local Member Server (domain joined),SecuritySettings,"Get-ItemProperty ""HKLM:\SOFTWARE\Policies\Microsoft\Windows\EventLog\System"" -Name ""MaxSize""",Registry,18.10.26.4.2,"8.3 (IG1, IG2, IG3)",NA,CM-6,"Event-log sizing/retention for 'System: Specify the maximum log file size (KB)' (baseline value: 262144). Adequate capacity preserves security-relevant history for detection and investigation instead of overwriting it prematurely. Shrinking the System log overwrites history sooner, losing investigative record.","Func:L / Sec:L — Audit/logging setting; no functional impact, reduces visibility if disabled",Warning Allowed
EventLogSecurityMaxSizeThreshold,ae110ac5-8387-464d-8790-e29ffce8f8d9,AZ-WIN-202212,Percentage threshold for the security event log at which the system will generate a warning,Configures 'Percentage threshold for the security event log at which the system will generate a warning' to ensure sufficient log retention for security monitoring and forensic investigation.,HKLM:\SYSTEM\CurrentControlSet\Services\Eventlog\Security,WarningLevel,REG_DWORD,,,,90,"Range(50, 90)","Range(50, 90)",Informational,Azure Local Member Server (domain joined),SecuritySettings,"Get-ItemProperty ""HKLM:\SYSTEM\CurrentControlSet\Services\Eventlog\Security"" -Name ""WarningLevel""",Registry,18.5.11,"8.3 (IG1, IG2, IG3)",NA,"AU-12, AU-4","Legacy MSS network/kernel hardening '(WarningLevel) Percentage threshold for the security event log at which the system will generate a warning'. Tightens older TCP/IP and DLL-search behaviors (source routing, NetBIOS name release, DLL search order) to the recommended safer values. Removing the warning threshold drops early notice that the Security log is nearing capacity.","Func:L / Sec:L — Audit/logging setting; no functional impact, reduces visibility if disabled",Warning Allowed
EventLogServiceControlEventLogBehavior,dec8589f-4e06-4a11-9c6c-2b1464f07075,CCE-37775-4,Application: Control Event Log behavior when the log file reaches its maximum size,Configures 'Application: Control Event Log behavior when the log file reaches its maximum size' to ensure sufficient log retention for security monitoring and forensic investigation.,HKLM:\SOFTWARE\Policies\Microsoft\Windows\EventLog\Application,Retention,REG_SZ,,,,0,"OneOf(Equals('0'), Equals('1'), Equals(null))","OneOf(Equals('0'), Equals(null))",Critical,Azure Local Member Server (domain joined),SecuritySettings,"Get-ItemProperty ""HKLM:\SOFTWARE\Policies\Microsoft\Windows\EventLog\Application"" -Name ""Retention""",Registry,18.10.26.1.1,"8.3 (IG1, IG2, IG3)",NA,"AU-12, AU-4",Event-log sizing/retention for 'Application: Control Event Log behavior when the log file reaches its maximum size' (baseline value: 0). Adequate capacity preserves security-relevant history for detection and investigation instead of overwriting it prematurely. Reducing retention overwrites Application-log history before it can be reviewed.,"Func:L / Sec:L — Audit/logging setting; no functional impact, reduces visibility if disabled",Warning Allowed
ExperienceDoNotShowFeedbackNotifications,596d3922-71a7-49ce-b34b-1f5e63ff03da,AZ-WIN-00140,Do not show feedback notifications,Configures 'Do not show feedback notifications' per security baseline requirements to enforce organizational security policy.,HKLM:\SOFTWARE\Policies\Microsoft\Windows\DataCollection,DoNotShowFeedbackNotifications,REG_DWORD,,,,1,"Range(0, 1)",Equals(1),Critical,Azure Local Member Server (domain joined),SecuritySettings,"Get-ItemProperty ""HKLM:\SOFTWARE\Policies\Microsoft\Windows\DataCollection"" -Name ""DoNotShowFeedbackNotifications""",Registry,18.10.16.3,Not Mapped,NA,CM-6,"Suppresses Windows feedback notifications, reducing prompts and associated off-host feedback transmission. Re-enabling feedback notifications restores prompts and off-host feedback transmission.",Func:L / Sec:L — UI/experience setting; low cluster impact,Warning Allowed
ExplorerHeapTermOnCorruption,a76d6552-cd22-4a2c-adc1-50f8705cad17,CCE-36660-9,Turn off heap termination on corruption,Configures 'Turn off heap termination on corruption' per security baseline requirements to enforce organizational security policy.,HKLM:\SOFTWARE\Policies\Microsoft\Windows\Explorer,NoHeapTerminationOnCorruption,REG_DWORD,,,,0,"Range(0, 1)","OneOf(Equals(0), Equals(null))",Critical,Azure Local Member Server (domain joined),SecuritySettings,"Get-ItemProperty ""HKLM:\SOFTWARE\Policies\Microsoft\Windows\Explorer"" -Name ""NoHeapTerminationOnCorruption""",Registry,18.10.29.4,"4.8 (IG2, IG3)",WN25-CC-000320,CM-6,"Keeps heap-termination-on-corruption enabled (baseline does NOT turn it off), so Explorer terminates on heap corruption rather than continuing in an exploitable state. Turning it off lets Explorer continue running after heap corruption in an exploitable state.",Func:L / Sec:L — Explorer UI policy; low cluster impact,Warning Allowed
ExplorerShellProtocolProtected,94cc076f-0e88-4398-ac29-d0dc7170303f,CCE-36809-2,Turn off shell protocol protected mode,Configures 'Turn off shell protocol protected mode' per security baseline requirements to enforce organizational security policy.,HKLM:\SOFTWARE\Microsoft\Windows\CurrentVersion\Policies\Explorer,PreXPSP2ShellProtocolBehavior,REG_DWORD,,,,0,"Range(0, 1)","OneOf(Equals(0), Equals(null))",Warning,Azure Local Member Server (domain joined),SecuritySettings,"Get-ItemProperty ""HKLM:\SOFTWARE\Microsoft\Windows\CurrentVersion\Policies\Explorer"" -Name ""PreXPSP2ShellProtocolBehavior""",Registry,18.10.29.5,"4.8 (IG2, IG3)",WN25-CC-000330,CM-6,"Keeps shell protocol protected mode enabled (baseline does NOT turn it off), restricting which file/protocol handlers can be invoked from the shell. Turning off protected mode widens which file and protocol handlers can be invoked from the shell.",Func:L / Sec:L — Explorer UI policy; low cluster impact,Warning Allowed
FirewallDomainProfileApplyLocalFirewallRules,5f2d95d3-8744-4029-85c9-0ba7ea191531,CCE-37860-4,Windows Firewall: Domain: Settings: Apply local firewall rules,Configures Windows Defender Firewall 'Windows Firewall: Domain: Settings: Apply local firewall rules' to enforce network security boundaries.,HKLM:\SOFTWARE\Policies\Microsoft\WindowsFirewall\DomainProfile,AllowLocalPolicyMerge,REG_DWORD,,,,1,"Range(0, 1)","OneOf(Equals(1), Equals(null))",Critical,Azure Local Member Server (domain joined),SecuritySettings,"Get-ItemProperty ""HKLM:\SOFTWARE\Policies\Microsoft\WindowsFirewall\DomainProfile"" -Name ""AllowLocalPolicyMerge""",Registry,9.3.4,"4.5 (IG1, IG2, IG3)",NA,SC-7,"Controls whether locally defined firewall rules merge with Group Policy rules for the Domain profile. The baseline keeps local merge enabled, preserving administrator-authored rules alongside policy. Disabling local-rule merge drops administrator-authored rules, potentially removing intended allowances or protections.",Func:Critical / Sec:H — Must allow local rule merge; Azure Local creates firewall rules locally that would be ignored if disabled,Blocked
FirewallDomainProfileDisplayNotification,d4cb5e92-f237-4f83-95fb-1dde6be6db1b,CCE-38041-0,Windows Firewall: Domain: Settings: Display a notification,Configures Windows Defender Firewall 'Windows Firewall: Domain: Settings: Display a notification' to enforce network security boundaries.,HKLM:\SOFTWARE\Policies\Microsoft\WindowsFirewall\DomainProfile,DisableNotifications,REG_DWORD,,,,1,"Range(0, 1)",Equals(1),Warning,Azure Local Member Server (domain joined),SecuritySettings,"Get-ItemProperty ""HKLM:\SOFTWARE\Policies\Microsoft\WindowsFirewall\DomainProfile"" -Name ""DisableNotifications""",Registry,9.1.3,"4.5 (IG1, IG2, IG3)",NA,SC-7,Controls user notification when the firewall blocks an inbound program for the Domain profile. A reduced-notification posture limits prompts that could train users to allow blocked apps. Re-enabling block notifications can condition users to approve blocked applications.,Func:L / Sec:L — Firewall logging/notification; no functional impact,Warning Allowed
FirewallDomainProfileInboundConnection,1196a355-37e4-4a6f-8a8e-740db0d73f09,AZ-WIN-202252,Windows Firewall: Domain: Inbound connections,Configures Windows Defender Firewall 'Windows Firewall: Domain: Inbound connections' to enforce network security boundaries.,HKLM:\SOFTWARE\Policies\Microsoft\WindowsFirewall\DomainProfile,DefaultInboundAction,REG_DWORD,,,,1,"Range(0, 1)",Equals(1),Critical,Azure Local Member Server (domain joined),SecuritySettings,"Get-ItemProperty ""HKLM:\SOFTWARE\Policies\Microsoft\WindowsFirewall\DomainProfile"" -Name ""DefaultInboundAction""",Registry,9.1.2,"4.5 (IG1, IG2, IG3)",NA,SC-7,"Sets the default inbound action to Block for the Domain profile, so traffic with no explicit allow rule is dropped. Without it, unmatched inbound connections are permitted, widening the remotely reachable attack surface.","Func:Critical / Sec:H — Default-block requires all cluster ports pre-opened (5985/5986, 445, 3343, 135)",Blocked
FirewallDomainProfileLogDroppedPackets,df94d448-eb5c-40f8-a2c1-35af6ba6e566,AZ-WIN-202226,Windows Firewall: Domain: Logging: Log dropped packets,Configures Windows Defender Firewall 'Windows Firewall: Domain: Logging: Log dropped packets' to enforce network security boundaries.,HKLM:\SOFTWARE\Policies\Microsoft\WindowsFirewall\DomainProfile\Logging,LogDroppedPackets,REG_DWORD,,,,1,"Range(0, 1)",Equals(1),Informational,Azure Local Member Server (domain joined),SecuritySettings,"Get-ItemProperty ""HKLM:\SOFTWARE\Policies\Microsoft\WindowsFirewall\DomainProfile\Logging"" -Name ""LogDroppedPackets""",Registry,9.1.6,"4.5 (IG1, IG2, IG3)",NA,SC-7,"Enables firewall logging of dropped connections for the Domain profile, supporting later detection and incident investigation of network activity. Disabled, this forensic record is unavailable.",Func:L / Sec:L — Firewall logging/notification; no functional impact,Warning Allowed
FirewallDomainProfileLogFileMaxSize,c67e4967-4e36-4d6a-b1ee-bad7cd747c7c,AZ-WIN-202225,Windows Firewall: Domain: Logging: Size limit (KB),Configures Windows Defender Firewall 'Windows Firewall: Domain: Logging: Size limit (KB)' to enforce network security boundaries.,HKLM:\SOFTWARE\Policies\Microsoft\WindowsFirewall\DomainProfile\Logging,LogFileSize,REG_DWORD,,,,16384,"Range(16384, )","Range(16384, )",Warning,Azure Local Member Server (domain joined),SecuritySettings,"Get-ItemProperty ""HKLM:\SOFTWARE\Policies\Microsoft\WindowsFirewall\DomainProfile\Logging"" -Name ""LogFileSize""",Registry,9.1.5,"4.5 (IG1, IG2, IG3)",NA,SC-7,"Configures the firewall log size for the Domain profile (baseline value: 16384). Ensures sufficient retained log data for investigation. Shrinking the firewall log overwrites connection history sooner, reducing investigative data.",Func:L / Sec:L — Firewall logging/notification; no functional impact,Warning Allowed
FirewallDomainProfileLogFileName,02e555c8-7deb-4fab-a565-d018af8ba39e,AZ-WIN-202224,Windows Firewall: Domain: Logging: Name,Configures Windows Defender Firewall 'Windows Firewall: Domain: Logging: Name' to enforce network security boundaries.,HKLM:\SOFTWARE\Policies\Microsoft\WindowsFirewall\DomainProfile\Logging,LogFilePath,REG_SZ,,,,%SystemRoot%\System32\logfiles\firewall\domainfw.log,AllOf(Pattern('\.log$')),AllOf(Pattern('\.log$')),Informational,Azure Local Member Server (domain joined),SecuritySettings,"Get-ItemProperty ""HKLM:\SOFTWARE\Policies\Microsoft\WindowsFirewall\DomainProfile\Logging"" -Name ""LogFilePath""",Registry,9.1.4,"4.5 (IG1, IG2, IG3)",NA,SC-7,Configures the firewall log file location for the Domain profile (baseline value: %SystemRoot%\System32\logfiles\firewall\domainfw.log). Ensures sufficient retained log data for investigation. Pointing the log elsewhere can fragment or hide firewall records expected by investigators.,Func:L / Sec:L — Firewall logging/notification; no functional impact,Warning Allowed
FirewallDomainProfileLogSuccessfulConnections,7a9e9e07-2e95-48ec-9a3b-7ee693e35711,AZ-WIN-202227,Windows Firewall: Domain: Logging: Log successful connections,Configures Windows Defender Firewall 'Windows Firewall: Domain: Logging: Log successful connections' to enforce network security boundaries.,HKLM:\SOFTWARE\Policies\Microsoft\WindowsFirewall\DomainProfile\Logging,LogSuccessfulConnections,REG_DWORD,,,,1,"Range(0, 1)",Equals(1),Warning,Azure Local Member Server (domain joined),SecuritySettings,"Get-ItemProperty ""HKLM:\SOFTWARE\Policies\Microsoft\WindowsFirewall\DomainProfile\Logging"" -Name ""LogSuccessfulConnections""",Registry,9.1.7,"4.5 (IG1, IG2, IG3)",NA,SC-7,"Enables firewall logging of successful connections for the Domain profile, supporting later detection and incident investigation of network activity. Disabled, this forensic record is unavailable.",Func:L / Sec:L — Firewall logging/notification; no functional impact,Warning Allowed
FirewallDomainProfileOutboundConnection,68757cac-7589-4ed9-a162-27e5926f2deb,CCE-36146-9,Windows Firewall: Domain: Outbound connections,Configures Windows Defender Firewall 'Windows Firewall: Domain: Outbound connections' to enforce network security boundaries.,HKLM:\SOFTWARE\Policies\Microsoft\WindowsFirewall\DomainProfile,DefaultOutboundAction,REG_DWORD,,,,0,"Range(0, 1)",Equals(0),Critical,Azure Local Member Server (domain joined),SecuritySettings,"Get-ItemProperty ""HKLM:\SOFTWARE\Policies\Microsoft\WindowsFirewall\DomainProfile"" -Name ""DefaultOutboundAction""",Registry,9.1.2,"4.5 (IG1, IG2, IG3)",NA,SC-7,"Sets the default outbound action to Allow for the Domain profile (the baseline does not default-block outbound). Establishes a known, explicit outbound posture for the profile. Changing the default outbound action alters the established posture and can break expected host connectivity.",Func:M / Sec:M — Outbound firewall policy; may affect cluster-to-Azure connectivity,Warning Allowed
FirewallDomainProfileState,4a459b04-79c8-4fb3-9ea0-cf4b77ee58d7,CCE-36062-8,Windows Firewall: Domain: Firewall state,Configures Windows Defender Firewall 'Windows Firewall: Domain: Firewall state' to enforce network security boundaries.,HKLM:\SOFTWARE\Policies\Microsoft\WindowsFirewall\DomainProfile,EnableFirewall,REG_DWORD,,,,1,"Range(0, 1)",Equals(1),Critical,Azure Local Member Server (domain joined),SecuritySettings,"Get-ItemProperty ""HKLM:\SOFTWARE\Policies\Microsoft\WindowsFirewall\DomainProfile"" -Name ""EnableFirewall""",Registry,9.1.1,"4.5 (IG1, IG2, IG3)",NA,SC-7,"Turns the Windows Defender Firewall ON for the Domain profile. If left off, the host accepts unsolicited inbound traffic on that network type, removing the first network-layer barrier in front of listening services.",Func:Critical / Sec:Critical — Disabling removes network protection; enabling without rules blocks cluster,Blocked
FirewallDomainProfileUnicastResponse,b75811fe-ac22-4171-9511-27fec5177351,AZ-WIN-00088,Windows Firewall: Domain: Allow unicast response,Configures Windows Defender Firewall 'Windows Firewall: Domain: Allow unicast response' to enforce network security boundaries.,HKLM:\SOFTWARE\Policies\Microsoft\WindowsFirewall\DomainProfile,DisableUnicastResponsesToMulticastBroadcast,REG_DWORD,,,,0,"Range(0, 1)",Equals(0),Warning,Azure Local Member Server (domain joined),SecuritySettings,"Get-ItemProperty ""HKLM:\SOFTWARE\Policies\Microsoft\WindowsFirewall\DomainProfile"" -Name ""DisableUnicastResponsesToMulticastBroadcast""",Registry,9.1.1,"4.5 (IG1, IG2, IG3)",NA,"AC-2, AC-6, SC-7","Controls whether the host accepts unicast responses to its multicast/broadcast traffic on the Domain profile, limiting unsolicited response-based probing of the host. Allowing unicast responses re-permits unsolicited response-based probing of the host.",Func:M / Sec:M — Firewall policy change; verify cluster communication not affected,Warning Allowed
FirewallPrivateProfileApplyLocalFirewallRules,a636e099-8e2b-4653-a2bb-3689c151f9cc,CCE-37438-9,Windows Firewall: Private: Settings: Apply local firewall rules,Configures Windows Defender Firewall 'Windows Firewall: Private: Settings: Apply local firewall rules' to enforce network security boundaries.,HKLM:\SOFTWARE\Policies\Microsoft\WindowsFirewall\PrivateProfile,AllowLocalPolicyMerge,REG_DWORD,,,,1,"Range(0, 1)",Equals(1),Critical,Azure Local Member Server (domain joined),SecuritySettings,"Get-ItemProperty ""HKLM:\SOFTWARE\Policies\Microsoft\WindowsFirewall\PrivateProfile"" -Name ""AllowLocalPolicyMerge""",Registry,9.3.4,"4.5 (IG1, IG2, IG3)",NA,SC-7,"Controls whether locally defined firewall rules merge with Group Policy rules for the Private profile. The baseline keeps local merge enabled, preserving administrator-authored rules alongside policy. Disabling local-rule merge drops administrator-authored rules, potentially removing intended allowances or protections.",Func:M / Sec:M — Firewall policy change; verify cluster communication not affected,Warning Allowed
FirewallPrivateProfileDisplayNotification,d177f27b-8d9b-4bb1-a45c-5f3a11384d1f,CCE-37621-0,Windows Firewall: Private: Settings: Display a notification,Configures Windows Defender Firewall 'Windows Firewall: Private: Settings: Display a notification' to enforce network security boundaries.,HKLM:\SOFTWARE\Policies\Microsoft\WindowsFirewall\PrivateProfile,DisableNotifications,REG_DWORD,,,,1,"Range(0, 1)",Equals(1),Warning,Azure Local Member Server (domain joined),SecuritySettings,"Get-ItemProperty ""HKLM:\SOFTWARE\Policies\Microsoft\WindowsFirewall\PrivateProfile"" -Name ""DisableNotifications""",Registry,9.2.3,"4.5 (IG1, IG2, IG3)",NA,SC-7,Controls user notification when the firewall blocks an inbound program for the Private profile. A reduced-notification posture limits prompts that could train users to allow blocked apps. Re-enabling block notifications can condition users to approve blocked applications.,Func:L / Sec:L — Firewall logging/notification; no functional impact,Warning Allowed
FirewallPrivateProfileInboundConnection,52bb00ec-987c-4f16-a81d-96ef84259bea,AZ-WIN-202228,Windows Firewall: Private: Inbound connections,Configures Windows Defender Firewall 'Windows Firewall: Private: Inbound connections' to enforce network security boundaries.,HKLM:\SOFTWARE\Policies\Microsoft\WindowsFirewall\PrivateProfile,DefaultInboundAction,REG_DWORD,,,,1,"Range(0, 1)",Equals(1),Critical,Azure Local Member Server (domain joined),SecuritySettings,"Get-ItemProperty ""HKLM:\SOFTWARE\Policies\Microsoft\WindowsFirewall\PrivateProfile"" -Name ""DefaultInboundAction""",Registry,9.2.2,"4.5 (IG1, IG2, IG3)",NA,SC-7,"Sets the default inbound action to Block for the Private profile, so traffic with no explicit allow rule is dropped. Without it, unmatched inbound connections are permitted, widening the remotely reachable attack surface.",Func:Critical / Sec:H — Same; inbound block without rules kills cluster comms,Blocked
FirewallPrivateProfileLogDroppedPackets,be3bba5f-7bd3-4574-b6c2-93341e01b8c0,AZ-WIN-202231,Windows Firewall: Private: Logging: Log dropped packets,Configures Windows Defender Firewall 'Windows Firewall: Private: Logging: Log dropped packets' to enforce network security boundaries.,HKLM:\SOFTWARE\Policies\Microsoft\WindowsFirewall\PrivateProfile\Logging,LogDroppedPackets,REG_DWORD,,,,1,"Range(0, 1)",Equals(1),Informational,Azure Local Member Server (domain joined),SecuritySettings,"Get-ItemProperty ""HKLM:\SOFTWARE\Policies\Microsoft\WindowsFirewall\PrivateProfile\Logging"" -Name ""LogDroppedPackets""",Registry,9.2.6,"4.5 (IG1, IG2, IG3)",NA,SC-7,"Enables firewall logging of dropped connections for the Private profile, supporting later detection and incident investigation of network activity. Disabled, this forensic record is unavailable.",Func:L / Sec:L — Firewall logging/notification; no functional impact,Warning Allowed
FirewallPrivateProfileLogFileMaxSize,c3bdeda2-0740-42b6-aac2-7d7234f3a557,AZ-WIN-202230,Windows Firewall: Private: Logging: Size limit (KB),Configures Windows Defender Firewall 'Windows Firewall: Private: Logging: Size limit (KB)' to enforce network security boundaries.,HKLM:\SOFTWARE\Policies\Microsoft\WindowsFirewall\PrivateProfile\Logging,LogFileSize,REG_DWORD,,,,16384,"Range(16384, )","Range(16384, )",Warning,Azure Local Member Server (domain joined),SecuritySettings,"Get-ItemProperty ""HKLM:\SOFTWARE\Policies\Microsoft\WindowsFirewall\PrivateProfile\Logging"" -Name ""LogFileSize""",Registry,9.2.5,"4.5 (IG1, IG2, IG3)",NA,SC-7,"Configures the firewall log size for the Private profile (baseline value: 16384). Ensures sufficient retained log data for investigation. Shrinking the firewall log overwrites connection history sooner, reducing investigative data.",Func:L / Sec:L — Firewall logging/notification; no functional impact,Warning Allowed
FirewallPrivateProfileLogFileName,4c40870a-fe76-4e52-a71c-8344d17a9bc3,AZ-WIN-202229,Windows Firewall: Private: Logging: Name,Configures Windows Defender Firewall 'Windows Firewall: Private: Logging: Name' to enforce network security boundaries.,HKLM:\SOFTWARE\Policies\Microsoft\WindowsFirewall\PrivateProfile\Logging,LogFilePath,REG_SZ,,,,%SystemRoot%\System32\logfiles\firewall\privatefw.log,AllOf(Pattern('\.log$')),AllOf(Pattern('\.log$')),Informational,Azure Local Member Server (domain joined),SecuritySettings,"Get-ItemProperty ""HKLM:\SOFTWARE\Policies\Microsoft\WindowsFirewall\PrivateProfile\Logging"" -Name ""LogFilePath""",Registry,9.2.4,"4.5 (IG1, IG2, IG3)",NA,SC-7,Configures the firewall log file location for the Private profile (baseline value: %SystemRoot%\System32\logfiles\firewall\privatefw.log). Ensures sufficient retained log data for investigation. Pointing the log elsewhere can fragment or hide firewall records expected by investigators.,Func:L / Sec:L — Firewall logging/notification; no functional impact,Warning Allowed
FirewallPrivateProfileOutboundConnection,c98cfb4e-113f-4a25-a080-ab1f7d0f8f38,CCE-38332-3,Windows Firewall: Private: Outbound connections,Configures Windows Defender Firewall 'Windows Firewall: Private: Outbound connections' to enforce network security boundaries.,HKLM:\SOFTWARE\Policies\Microsoft\WindowsFirewall\PrivateProfile,DefaultOutboundAction,REG_DWORD,,,,0,"Range(0, 1)",Equals(0),Critical,Azure Local Member Server (domain joined),SecuritySettings,"Get-ItemProperty ""HKLM:\SOFTWARE\Policies\Microsoft\WindowsFirewall\PrivateProfile"" -Name ""DefaultOutboundAction""",Registry,9.2.2,"4.5 (IG1, IG2, IG3)",NA,SC-7,"Sets the default outbound action to Allow for the Private profile (the baseline does not default-block outbound). Establishes a known, explicit outbound posture for the profile. Changing the default outbound action alters the established posture and can break expected host connectivity.",Func:M / Sec:M — Outbound firewall policy; may affect cluster-to-Azure connectivity,Warning Allowed
FirewallPrivateProfileState,c8e1851a-fb32-4197-a1c0-d9da262d37f1,CCE-38239-0,Windows Firewall: Private: Firewall state,Configures Windows Defender Firewall 'Windows Firewall: Private: Firewall state' to enforce network security boundaries.,HKLM:\SOFTWARE\Policies\Microsoft\WindowsFirewall\PrivateProfile,EnableFirewall,REG_DWORD,,,,1,"Range(0, 1)",Equals(1),Critical,Azure Local Member Server (domain joined),SecuritySettings,"Get-ItemProperty ""HKLM:\SOFTWARE\Policies\Microsoft\WindowsFirewall\PrivateProfile"" -Name ""EnableFirewall""",Registry,9.2.1,"4.5 (IG1, IG2, IG3)",NA,SC-7,"Turns the Windows Defender Firewall ON for the Private profile. If left off, the host accepts unsolicited inbound traffic on that network type, removing the first network-layer barrier in front of listening services.",Func:Critical / Sec:Critical — Same as domain profile; cluster uses private profile,Blocked
FirewallPrivateProfileUnicastResponse,3dcf28a5-e199-4b78-8933-7828dfde4b9d,AZ-WIN-00089,Windows Firewall: Private: Allow unicast response,Configures Windows Defender Firewall 'Windows Firewall: Private: Allow unicast response' to enforce network security boundaries.,HKLM:\SOFTWARE\Policies\Microsoft\WindowsFirewall\PrivateProfile,DisableUnicastResponsesToMulticastBroadcast,REG_DWORD,,,,0,"Range(0, 1)",Equals(0),Warning,Azure Local Member Server (domain joined),SecuritySettings,"Get-ItemProperty ""HKLM:\SOFTWARE\Policies\Microsoft\WindowsFirewall\PrivateProfile"" -Name ""DisableUnicastResponsesToMulticastBroadcast""",Registry,9.2.1,"4.5 (IG1, IG2, IG3)",NA,"AC-2, AC-6, SC-7","Controls whether the host accepts unicast responses to its multicast/broadcast traffic on the Private profile, limiting unsolicited response-based probing of the host. Allowing unicast responses re-permits unsolicited response-based probing of the host.",Func:M / Sec:M — Firewall policy change; verify cluster communication not affected,Warning Allowed
FirewallPublicProfileApplyLocalFirewallRules,e82b54b4-ef4d-474c-b06e-036dd076cbec,CCE-37861-2,Windows Firewall: Public: Settings: Apply local firewall rules,Configures Windows Defender Firewall 'Windows Firewall: Public: Settings: Apply local firewall rules' to enforce network security boundaries.,HKLM:\SOFTWARE\Policies\Microsoft\WindowsFirewall\PublicProfile,AllowLocalPolicyMerge,REG_DWORD,,,,1,"Range(0, 1)",Equals(1),Critical,Azure Local Member Server (domain joined),SecuritySettings,"Get-ItemProperty ""HKLM:\SOFTWARE\Policies\Microsoft\WindowsFirewall\PublicProfile"" -Name ""AllowLocalPolicyMerge""",Registry,9.3.4,"4.5 (IG1, IG2, IG3)",NA,SC-7,"Controls whether locally defined firewall rules merge with Group Policy rules for the Public profile. The baseline keeps local merge enabled, preserving administrator-authored rules alongside policy. Disabling local-rule merge drops administrator-authored rules, potentially removing intended allowances or protections.",Func:M / Sec:M — Firewall policy change; verify cluster communication not affected,Warning Allowed
FirewallPublicProfileDisplayNotification,f34e3441-5977-432b-899b-119fc66e1b08,CCE-38043-6,Windows Firewall: Public: Settings: Display a notification,Configures Windows Defender Firewall 'Windows Firewall: Public: Settings: Display a notification' to enforce network security boundaries.,HKLM:\SOFTWARE\Policies\Microsoft\WindowsFirewall\PublicProfile,DisableNotifications,REG_DWORD,,,,1,"Range(0, 1)",Equals(1),Warning,Azure Local Member Server (domain joined),SecuritySettings,"Get-ItemProperty ""HKLM:\SOFTWARE\Policies\Microsoft\WindowsFirewall\PublicProfile"" -Name ""DisableNotifications""",Registry,9.3.3,"4.5 (IG1, IG2, IG3)",NA,SC-7,Controls user notification when the firewall blocks an inbound program for the Public profile. A reduced-notification posture limits prompts that could train users to allow blocked apps. Re-enabling block notifications can condition users to approve blocked applications.,Func:L / Sec:L — Firewall logging/notification; no functional impact,Warning Allowed
FirewallPublicProfileInboundConnection,d33c1242-a351-4a00-8a0c-0b50f44441ef,AZ-WIN-202234,Windows Firewall: Public: Inbound connections,Configures Windows Defender Firewall 'Windows Firewall: Public: Inbound connections' to enforce network security boundaries.,HKLM:\SOFTWARE\Policies\Microsoft\WindowsFirewall\PublicProfile,DefaultInboundAction,REG_DWORD,,,,1,"Range(0, 1)",Equals(1),Critical,Azure Local Member Server (domain joined),SecuritySettings,"Get-ItemProperty ""HKLM:\SOFTWARE\Policies\Microsoft\WindowsFirewall\PublicProfile"" -Name ""DefaultInboundAction""",Registry,9.3.2,"4.5 (IG1, IG2, IG3)",NA,SC-7,"Sets the default inbound action to Block for the Public profile, so traffic with no explicit allow rule is dropped. Without it, unmatched inbound connections are permitted, widening the remotely reachable attack surface.",Func:Critical / Sec:H — Same; blocks inbound management and cluster traffic,Blocked
FirewallPublicProfileLogDroppedPackets,4ef05db7-7bdc-4a89-b488-31893914e994,AZ-WIN-202237,Windows Firewall: Public: Logging: Log dropped packets,Configures Windows Defender Firewall 'Windows Firewall: Public: Logging: Log dropped packets' to enforce network security boundaries.,HKLM:\SOFTWARE\Policies\Microsoft\WindowsFirewall\PublicProfile\Logging,LogDroppedPackets,REG_DWORD,,,,1,"Range(0, 1)",Equals(1),Informational,Azure Local Member Server (domain joined),SecuritySettings,"Get-ItemProperty ""HKLM:\SOFTWARE\Policies\Microsoft\WindowsFirewall\PublicProfile\Logging"" -Name ""LogDroppedPackets""",Registry,9.3.8,"4.5 (IG1, IG2, IG3)",NA,SC-7,"Enables firewall logging of dropped connections for the Public profile, supporting later detection and incident investigation of network activity. Disabled, this forensic record is unavailable.",Func:L / Sec:L — Firewall logging/notification; no functional impact,Warning Allowed
FirewallPublicProfileLogFileMaxSize,8c115a38-7ea4-4aa8-9115-c78e31bdb411,AZ-WIN-202236,Windows Firewall: Public: Logging: Size limit (KB),Configures Windows Defender Firewall 'Windows Firewall: Public: Logging: Size limit (KB)' to enforce network security boundaries.,HKLM:\SOFTWARE\Policies\Microsoft\WindowsFirewall\PublicProfile\Logging,LogFileSize,REG_DWORD,,,,16384,"Range(16384, )","Range(16384, )",Informational,Azure Local Member Server (domain joined),SecuritySettings,"Get-ItemProperty ""HKLM:\SOFTWARE\Policies\Microsoft\WindowsFirewall\PublicProfile\Logging"" -Name ""LogFileSize""",Registry,9.3.7,"4.5 (IG1, IG2, IG3)",NA,SC-7,"Configures the firewall log size for the Public profile (baseline value: 16384). Ensures sufficient retained log data for investigation. Shrinking the firewall log overwrites connection history sooner, reducing investigative data.",Func:L / Sec:L — Firewall logging/notification; no functional impact,Warning Allowed
FirewallPublicProfileLogFileName,2614f6be-da8e-4dbc-89d9-7ba4d63564c7,AZ-WIN-202235,Windows Firewall: Public: Logging: Name,Configures Windows Defender Firewall 'Windows Firewall: Public: Logging: Name' to enforce network security boundaries.,HKLM:\SOFTWARE\Policies\Microsoft\WindowsFirewall\PublicProfile\Logging,LogFilePath,REG_SZ,,,,%SystemRoot%\System32\logfiles\firewall\publicfw.log,AllOf(Pattern('\.log$')),AllOf(Pattern('\.log$')),Informational,Azure Local Member Server (domain joined),SecuritySettings,"Get-ItemProperty ""HKLM:\SOFTWARE\Policies\Microsoft\WindowsFirewall\PublicProfile\Logging"" -Name ""LogFilePath""",Registry,9.3.6,"4.5 (IG1, IG2, IG3)",NA,SC-7,Configures the firewall log file location for the Public profile (baseline value: %SystemRoot%\System32\logfiles\firewall\publicfw.log). Ensures sufficient retained log data for investigation. Pointing the log elsewhere can fragment or hide firewall records expected by investigators.,Func:L / Sec:L — Firewall logging/notification; no functional impact,Warning Allowed
FirewallPublicProfileLogSuccessfulConnections,2f38577d-b711-4eb3-bdc8-b423fc013ed2,AZ-WIN-202233,Windows Firewall: Public: Logging: Log successful connections,Configures Windows Defender Firewall 'Windows Firewall: Public: Logging: Log successful connections' to enforce network security boundaries.,HKLM:\SOFTWARE\Policies\Microsoft\WindowsFirewall\PublicProfile\Logging,LogSuccessfulConnections,REG_DWORD,,,,1,"Range(0, 1)",Equals(1),Warning,Azure Local Member Server (domain joined),SecuritySettings,"Get-ItemProperty ""HKLM:\SOFTWARE\Policies\Microsoft\WindowsFirewall\PublicProfile\Logging"" -Name ""LogSuccessfulConnections""",Registry,9.3.9,"4.5 (IG1, IG2, IG3)",NA,SC-7,"Enables firewall logging of successful connections for the Public profile, supporting later detection and incident investigation of network activity. Disabled, this forensic record is unavailable.",Func:L / Sec:L — Firewall logging/notification; no functional impact,Warning Allowed
FirewallPublicProfileOutboundConnection,753e721c-be46-47f4-9571-8509ca5c1e61,CCE-37434-8,Windows Firewall: Public: Outbound connections,Configures Windows Defender Firewall 'Windows Firewall: Public: Outbound connections' to enforce network security boundaries.,HKLM:\SOFTWARE\Policies\Microsoft\WindowsFirewall\PublicProfile,DefaultOutboundAction,REG_DWORD,,,,0,"Range(0, 1)",Equals(0),Critical,Azure Local Member Server (domain joined),SecuritySettings,"Get-ItemProperty ""HKLM:\SOFTWARE\Policies\Microsoft\WindowsFirewall\PublicProfile"" -Name ""DefaultOutboundAction""",Registry,9.3.2,"4.5 (IG1, IG2, IG3)",NA,SC-7,"Sets the default outbound action to Allow for the Public profile (the baseline does not default-block outbound). Establishes a known, explicit outbound posture for the profile. Changing the default outbound action alters the established posture and can break expected host connectivity.",Func:M / Sec:M — Outbound firewall policy; may affect cluster-to-Azure connectivity,Warning Allowed
FirewallPublicProfileState,5e33a15a-7db0-4a1d-b771-db3764f3a625,CCE-37862-0,Windows Firewall: Public: Firewall state,Configures Windows Defender Firewall 'Windows Firewall: Public: Firewall state' to enforce network security boundaries.,HKLM:\SOFTWARE\Policies\Microsoft\WindowsFirewall\PublicProfile,EnableFirewall,REG_DWORD,,,,1,"Range(0, 1)",Equals(1),Critical,Azure Local Member Server (domain joined),SecuritySettings,"Get-ItemProperty ""HKLM:\SOFTWARE\Policies\Microsoft\WindowsFirewall\PublicProfile"" -Name ""EnableFirewall""",Registry,9.3.1,"4.5 (IG1, IG2, IG3)",NA,SC-7,"Turns the Windows Defender Firewall ON for the Public profile. If left off, the host accepts unsolicited inbound traffic on that network type, removing the first network-layer barrier in front of listening services.",Func:Critical / Sec:Critical — Same; public profile affects external-facing traffic,Blocked
FirewallPublicProfileUnicastResponse,b72cc850-f180-4479-abce-2b72815afead,AZ-WIN-00090,Windows Firewall: Public: Allow unicast response,Configures Windows Defender Firewall 'Windows Firewall: Public: Allow unicast response' to enforce network security boundaries.,HKLM:\SOFTWARE\Policies\Microsoft\WindowsFirewall\PublicProfile,DisableUnicastResponsesToMulticastBroadcast,REG_DWORD,,,,1,"Range(0, 1)",Equals(1),Warning,Azure Local Member Server (domain joined),SecuritySettings,"Get-ItemProperty ""HKLM:\SOFTWARE\Policies\Microsoft\WindowsFirewall\PublicProfile"" -Name ""DisableUnicastResponsesToMulticastBroadcast""",Registry,9.3.1,"4.5 (IG1, IG2, IG3)",NA,"AC-2, AC-6, SC-7","Controls whether the host accepts unicast responses to its multicast/broadcast traffic on the Public profile, limiting unsolicited response-based probing of the host. Allowing unicast responses re-permits unsolicited response-based probing of the host.",Func:M / Sec:M — Firewall policy change; verify cluster communication not affected,Warning Allowed
ForceAuditSubcategoryOverride,0179cc92-ef40-40b9-9aaa-41aaf3f9f355,CCE-37850-5,Audit: Force audit policy subcategory settings (Windows Vista or later) to override audit policy category settings,Configures 'Audit: Force audit policy subcategory settings (Windows Vista or later) to override audit policy category settings' per security baseline requirements to enforce organizational security policy.,HKLM:\SYSTEM\CurrentControlSet\Control\Lsa,SCENoApplyLegacyAuditPolicy,REG_DWORD,./Vendor/MSFT/Policy,Config/LocalPoliciesSecurityOptions/Audit_ForceAuditPolicySubcategorySettingsToOverrideAuditPolicyCategorySettings,Integer,1,"Range(0, 1)",Equals(1),Critical,Azure Local Member Server (domain joined),SecuritySettings,Get-ItemProperty 'HKLM:\SYSTEM\CurrentControlSet\Control\Lsa' -Name 'SCENoApplyLegacyAuditPolicy',Security Options,2.3.2.1,"8.5 (IG2, IG3)",WN25-SO-000050,AU-12,"Forces advanced audit subcategory policy to take precedence over legacy category policy, ensuring granular audit settings actually apply. Disabling the override lets legacy category policy mask granular audit subcategory settings.","Func:L / Sec:L — Audit/logging setting; no functional impact, reduces visibility if disabled",Warning Allowed
ForceLogoffWhenHoursExpire,,,Network security: Force logoff when logon hours expire,Configures 'Network security: Force logoff when logon hours expire' per security baseline requirements to enforce organizational security policy.,,,,./Vendor/MSFT/Policy,Config/LocalPoliciesSecurityOptions/NetworkSecurity_ForceLogoffWhenLogonHoursExpire,Integer,1,"Range(0, 1)",Equals(1),Warning,Azure Local Member Server (domain joined),SecuritySettings,net accounts | Select-String 'Forcibly disconnect',Security Policy,2.3.11.5,Not Mapped,NA,"AC-7, AU-12","Forces logoff when logon hours expire, enforcing time-of-day access restrictions at the session level. Disabling forced logoff lets sessions persist past permitted logon hours.",Func:L / Sec:L — Logon-hours policy; no cluster functional impact,Warning Allowed
FWDomainLocalConnSecRules,88338d83-a4e2-421b-b3f3-db6bd2c694a0,CCE-38040-2,Windows Firewall: Domain: Settings: Apply local connection security rules,Configures Windows Defender Firewall 'Windows Firewall: Domain: Settings: Apply local connection security rules' to enforce network security boundaries.,HKLM:\SOFTWARE\Policies\Microsoft\WindowsFirewall\DomainProfile,AllowLocalIPsecPolicyMerge,REG_DWORD,,,,1,"Range(0, 1)",Equals(1),Critical,Azure Local Member Server (domain joined),SecuritySettings,"Get-ItemProperty ""HKLM:\SOFTWARE\Policies\Microsoft\WindowsFirewall\DomainProfile"" -Name ""AllowLocalIPsecPolicyMerge""",Registry,9.3.5,"4.5 (IG1, IG2, IG3)",NA,SC-7,Controls whether local IPsec/connection-security rules merge with Group Policy for the Domain profile. The baseline keeps local merge enabled. Disabling local connection-security-rule merge drops administrator-authored IPsec rules.,Func:Critical / Sec:H — Must allow local IPsec rules; cluster inter-node security policies would be ignored if disabled,Blocked
FWPrivateLocalConnSecRules,28b5cfb6-7548-44f9-9f43-a542644fa1fd,CCE-36063-6,Windows Firewall: Private: Settings: Apply local connection security rules,Configures Windows Defender Firewall 'Windows Firewall: Private: Settings: Apply local connection security rules' to enforce network security boundaries.,HKLM:\SOFTWARE\Policies\Microsoft\WindowsFirewall\PrivateProfile,AllowLocalIPsecPolicyMerge,REG_DWORD,,,,1,"Range(0, 1)",Equals(1),Critical,Azure Local Member Server (domain joined),SecuritySettings,"Get-ItemProperty ""HKLM:\SOFTWARE\Policies\Microsoft\WindowsFirewall\PrivateProfile"" -Name ""AllowLocalIPsecPolicyMerge""",Registry,9.3.5,"4.5 (IG1, IG2, IG3)",NA,SC-7,Controls whether local IPsec/connection-security rules merge with Group Policy for the Private profile. The baseline keeps local merge enabled. Disabling local connection-security-rule merge drops administrator-authored IPsec rules.,Func:M / Sec:M — Firewall connection security rules; affects IPsec policy,Warning Allowed
FWPrivateLogSuccessConn,396f1552-406d-4b58-b4a6-fc56c75eb70a,AZ-WIN-202232,Windows Firewall: Private: Logging: Log successful connections,Configures Windows Defender Firewall 'Windows Firewall: Private: Logging: Log successful connections' to enforce network security boundaries.,HKLM:\SOFTWARE\Policies\Microsoft\WindowsFirewall\PrivateProfile\Logging,LogSuccessfulConnections,REG_DWORD,,,,1,"Range(0, 1)",Equals(1),Warning,Azure Local Member Server (domain joined),SecuritySettings,"Get-ItemProperty ""HKLM:\SOFTWARE\Policies\Microsoft\WindowsFirewall\PrivateProfile\Logging"" -Name ""LogSuccessfulConnections""",Registry,9.2.7,"4.5 (IG1, IG2, IG3)",NA,SC-7,"Enables firewall logging of successful connections for the Private profile, supporting later detection and incident investigation of network activity. Disabled, this forensic record is unavailable.",Func:L / Sec:L — Firewall-logging policy; no functional impact,Warning Allowed
FWPublicLocalConnSecRules,10a43735-527c-46f0-a95c-954a8f9594dc,CCE-36268-1,Windows Firewall: Public: Settings: Apply local connection security rules,Configures Windows Defender Firewall 'Windows Firewall: Public: Settings: Apply local connection security rules' to enforce network security boundaries.,HKLM:\SOFTWARE\Policies\Microsoft\WindowsFirewall\PublicProfile,AllowLocalIPsecPolicyMerge,REG_DWORD,,,,1,"Range(0, 1)",Equals(1),Critical,Azure Local Member Server (domain joined),SecuritySettings,"Get-ItemProperty ""HKLM:\SOFTWARE\Policies\Microsoft\WindowsFirewall\PublicProfile"" -Name ""AllowLocalIPsecPolicyMerge""",Registry,9.3.5,"4.5 (IG1, IG2, IG3)",NA,SC-7,Controls whether local IPsec/connection-security rules merge with Group Policy for the Public profile. The baseline keeps local merge enabled. Disabling local connection-security-rule merge drops administrator-authored IPsec rules.,Func:M / Sec:M — Firewall connection security rules; affects IPsec policy,Warning Allowed
GroupPolicyDisableBackgroundPolicy,589fad5b-4d43-4f88-92d4-33af8dba19d6,CCE-14437-8,Turn off background refresh of Group Policy,Configures 'Turn off background refresh of Group Policy' per security baseline requirements to enforce organizational security policy.,HKLM:\SOFTWARE\Microsoft\Windows\CurrentVersion\Policies\System,DisableBkGndGroupPolicy,REG_DWORD,,,,0,"Range(0, 1)",Equals(0),Warning,Azure Local Member Server (domain joined),SecuritySettings,"Get-ItemProperty ""HKLM:\SOFTWARE\Microsoft\Windows\CurrentVersion\Policies\System"" -Name ""DisableBkGndGroupPolicy""",Registry,18.9.19.5,"4.1 (IG1, IG2, IG3)",NA,"CM-2, CM-6",Group Policy processing control 'Turn off background refresh of Group Policy'. Ensures security-relevant policy is reapplied reliably (including unchanged GPOs) so drift or local tampering is corrected at refresh. Turning off background refresh lets policy drift or local tampering persist between manual refreshes.,Func:L / Sec:M — Group Policy processing; affects policy refresh behavior,Warning Allowed
GroupPolicyEnableCDP,e588914e-fbb8-4926-9ccf-8ea781b07610,AZ-WIN-00170,Continue experiences on this device,Configures 'Continue experiences on this device' per security baseline requirements to enforce organizational security policy.,HKLM:\SOFTWARE\Policies\Microsoft\Windows\System,EnableCdp,REG_DWORD,,,,0,"Range(0, 1)",Equals(0),Warning,Azure Local Member Server (domain joined),SecuritySettings,"Get-ItemProperty ""HKLM:\SOFTWARE\Policies\Microsoft\Windows\System"" -Name ""EnableCdp""",Registry,18.9.19.4,"4.8 (IG2, IG3)",NA,CM-6,"Disables the Connected Devices Platform 'Continue experiences / Shared Experiences' feature (EnableCdp set to 0), so the device neither advertises nor accepts cross-device activity handoff and nearby sharing. This reduces device-discovery broadcasts and the cross-device app-handoff surface. Re-enabling CDP restores cross-device handoff and nearby-sharing discovery broadcasts.",Func:L / Sec:M — Group Policy processing; affects policy refresh behavior,Warning Allowed
GroupPolicyRegCSENoBackgroundPolicy,99cd4fc9-bcf1-4def-8ce6-5a3c4ea8f8c9,CCE-36169-1,Configure registry policy processing: Do not apply during periodic background processing,Configures 'Configure registry policy processing: Do not apply during periodic background processing' per security baseline requirements to enforce organizational security policy.,HKLM:\SOFTWARE\Policies\Microsoft\Windows\Group Policy\{35378EAC-683F-11D2-A89A-00C04FBBCFA2},NoBackgroundPolicy,REG_DWORD,,,,0,"Range(0, 1)",Equals(0),Critical,Azure Local Member Server (domain joined),SecuritySettings,"Get-ItemProperty ""HKLM:\SOFTWARE\Policies\Microsoft\Windows\Group Policy\{35378EAC-683F-11D2-A89A-00C04FBBCFA2}"" -Name ""NoBackgroundPolicy""",Registry,9.1.3,"4.5 (IG1, IG2, IG3)",NA,CM-6,Group Policy processing control 'Configure registry policy processing: Do not apply during periodic background processing'. Ensures security-relevant policy is reapplied reliably (including unchanged GPOs) so drift or local tampering is corrected at refresh. Skipping registry-policy reapply during background processing lets drift persist uncorrected.,Func:L / Sec:M — Group Policy processing; affects policy refresh behavior,Warning Allowed
GroupPolicyRegCSENoGPOListChanges,b2e8d5f9-3d4e-4b8b-b6a1-ddcd60f437b9,CCE-36169-1a,Configure registry policy processing: Process even if the Group Policy objects have not changed,Configures 'Configure registry policy processing: Process even if the Group Policy objects have not changed' per security baseline requirements to enforce organizational security policy.,HKLM:\SOFTWARE\Policies\Microsoft\Windows\Group Policy\{35378EAC-683F-11D2-A89A-00C04FBBCFA2},NoGPOListChanges,REG_DWORD,,,,0,"Range(0, 1)",Equals(0),Critical,Azure Local Member Server (domain joined),SecuritySettings,"Get-ItemProperty ""HKLM:\SOFTWARE\Policies\Microsoft\Windows\Group Policy\{35378EAC-683F-11D2-A89A-00C04FBBCFA2}"" -Name ""NoGPOListChanges""",Registry,9.1.3,"4.5 (IG1, IG2, IG3)",WN25-CC-000140,CM-6,Group Policy processing control 'Configure registry policy processing: Process even if the Group Policy objects have not changed'. Ensures security-relevant policy is reapplied reliably (including unchanged GPOs) so drift or local tampering is corrected at refresh. Disabling reapply-when-unchanged lets locally tampered registry settings persist until the GPO itself changes.,Func:L / Sec:M — Group Policy processing; affects policy refresh behavior,Warning Allowed
GroupPolicySecCSENoBackgroundPolicy,TBD,TBD,Configure security policy processing: Do not apply during periodic background processing,"Ensures security policy CSE processes during background refresh, maintaining continuous compliance enforcement.",HKLM:\SOFTWARE\Policies\Microsoft\Windows\Group Policy\{827D319E-6EAC-11D2-A4EA-00C04F79F83A},NoBackgroundPolicy,REG_DWORD,,,,0,"Range(0, 1)",Equals(0),Critical,Azure Local Member Server (domain joined),SecuritySettings,"Get-ItemProperty ""HKLM:\SOFTWARE\Policies\Microsoft\Windows\Group Policy\{827D319E-6EAC-11D2-A4EA-00C04F79F83A}"" -Name ""NoBackgroundPolicy""",Registry,18.9.19.2,"4.1 (IG1, IG2, IG3)",NA,"CM-6, CM-2",Group Policy processing control 'Configure security policy processing: Do not apply during periodic background processing'. Ensures security-relevant policy is reapplied reliably (including unchanged GPOs) so drift or local tampering is corrected at refresh. Skipping security-policy reapply during background processing lets drift persist uncorrected.,Func:L / Sec:M — Group Policy processing; affects policy refresh behavior,Warning Allowed
GroupPolicySecCSENoGPOListChanges,TBD,TBD,Configure security policy processing: Process even if the Group Policy objects have not changed,"Forces security policy reprocessing even when GPOs haven't changed, ensuring consistent enforcement.",HKLM:\SOFTWARE\Policies\Microsoft\Windows\Group Policy\{827D319E-6EAC-11D2-A4EA-00C04F79F83A},NoGPOListChanges,REG_DWORD,,,,0,"Range(0, 1)",Equals(0),Critical,Azure Local Member Server (domain joined),SecuritySettings,"Get-ItemProperty ""HKLM:\SOFTWARE\Policies\Microsoft\Windows\Group Policy\{827D319E-6EAC-11D2-A4EA-00C04F79F83A}"" -Name ""NoGPOListChanges""",Registry,18.9.19.2,"4.1 (IG1, IG2, IG3)",WN25-CC-000140,CM-6,Group Policy processing control 'Configure security policy processing: Process even if the Group Policy objects have not changed'. Ensures security-relevant policy is reapplied reliably (including unchanged GPOs) so drift or local tampering is corrected at refresh. Disabling reapply-when-unchanged lets locally tampered security settings persist until the GPO itself changes.,Func:L / Sec:M — Group Policy processing; affects policy refresh behavior,Warning Allowed
IgnoreNetBIOSReleaseExceptWINS,8f624a01-c694-4d61-9d85-bf6d9a4be86d,AZ-WIN-202214,Allow the computer to ignore NetBIOS name release requests except from WINS servers,Configures 'Allow the computer to ignore NetBIOS name release requests except from WINS servers' per security baseline requirements to enforce organizational security policy.,HKLM:\SYSTEM\CurrentControlSet\Services\NetBT\Parameters,NoNameReleaseOnDemand,REG_DWORD,,,,1,"Range(0, 1)",Equals(1),Informational,Azure Local Member Server (domain joined),SecuritySettings,"Get-ItemProperty ""HKLM:\SYSTEM\CurrentControlSet\Services\Netbt\Parameters"" -Name ""NoNameReleaseOnDemand""",Registry,18.5.6,Not Mapped,WN25-CC-000060,SC-5,"Legacy MSS network/kernel hardening '(NoNameReleaseOnDemand) Allow the computer to ignore NetBIOS name release requests except from WINS servers'. Tightens older TCP/IP and DLL-search behaviors (source routing, NetBIOS name release, DLL search order) to the recommended safer values. Reverting lets the host honor NetBIOS name-release requests from any host, not just WINS servers.",Func:L / Sec:M — Network protocol setting; standard hardening,Warning Allowed
ImpersonateClient,8718a173-58d6-42ab-a37d-0819c398b5f5,AZ-WIN-73785,Impersonate a client after authentication,Configures 'Impersonate a client after authentication' per security baseline requirements to enforce organizational security policy.,,,,./Vendor/MSFT/Policy,Config/UserRights/ImpersonateClient,String,"*S-1-5-32-544,*S-1-5-6,*S-1-5-19,*S-1-5-20,*S-1-5-99-216390572-1995538116-3857911515-2404958512-2623887229","OneOf(Equals(''), AllOf(Pattern('^(\*S-1-[\d\-]+)(,\*S-1-[\d\-]+)*$')))","ContainsAtMost('*S-1-5-32-544', '*S-1-5-6', '*S-1-5-19', '*S-1-5-20','*S-1-5-99-216390572-1995538116-3857911515-2404958512-2623887229')",Important,Azure Local Member Server (domain joined),SecuritySettings,secedit /export /cfg $env:TEMP\secpol.cfg /quiet; (Select-String 'SeImpersonatePrivilege' $env:TEMP\secpol.cfg).Line,Security Policy,2.2.31,6.8 (IG3),WN25-UR-000130,AC-6(10),"User-rights assignment 'Impersonate a client after authentication'. Restricting this privilege to the intended principals limits which accounts can perform this sensitive operation, keeping high-impact rights scoped to administrators. Granting this privilege more broadly lets additional accounts impersonate clients, a privilege-escalation risk.",Func:L / Sec:M — Impersonation right; verify service-account compatibility,Warning Allowed
IPSourceRoutingProtectionLevel,276603c5-bd48-407a-949f-6dbbb5b3f61d,AZ-WIN-202244,IP source routing protection level,Configures 'IP source routing protection level' per security baseline requirements to enforce organizational security policy.,HKLM:\SYSTEM\CurrentControlSet\Services\Tcpip\Parameters,DisableIPSourceRouting,REG_DWORD,,,,2,"Range(0, 2)",Equals(2),Informational,Azure Local Member Server (domain joined),SecuritySettings,"Get-ItemProperty ""HKLM:\SYSTEM\CurrentControlSet\Services\Tcpip\Parameters"" -Name ""DisableIPSourceRouting""",Registry,18.5.3,Not Mapped,WN25-CC-000030,CM-6,"Legacy MSS network/kernel hardening '(DisableIPSourceRouting) IP source routing protection level (protects against packet spoofing)'. Tightens older TCP/IP and DLL-search behaviors (source routing, NetBIOS name release, DLL search order) to the recommended safer values. Lowering the protection level re-permits IP source routing used for packet spoofing.","Func:L / Sec:L — IP-stack hardening; standard network protection, no cluster impact",Warning Allowed
IPv6SourceRoutingProtectionLevel,d0b4769e-bbfa-4fe0-b6e8-1fd4977d76dd,AZ-WIN-202213,IPv6 source routing protection level,Configures 'IPv6 source routing protection level' per security baseline requirements to enforce organizational security policy.,HKLM:\SYSTEM\CurrentControlSet\Services\Tcpip6\Parameters,DisableIPSourceRouting,REG_DWORD,,,,2,"Range(0, 2)",Equals(2),Informational,Azure Local Member Server (domain joined),SecuritySettings,"Get-ItemProperty ""HKLM:\SYSTEM\CurrentControlSet\Services\Tcpip6\Parameters"" -Name ""DisableIPSourceRouting""",Registry,18.5.2,Not Mapped,WN25-CC-000030,CM-6,"Legacy MSS network/kernel hardening '(DisableIPSourceRouting IPv6) IP source routing protection level (protects against packet spoofing)'. Tightens older TCP/IP and DLL-search behaviors (source routing, NetBIOS name release, DLL search order) to the recommended safer values. Lowering the protection level re-permits IPv6 source routing used for packet spoofing.","Func:L / Sec:L — IP-stack hardening; standard network protection, no cluster impact",Warning Allowed
KDCHashAlgorithms,24ab9971-c389-4e3e-8f52-25f9e0f4adc3,,Configure hash algorithms for certificate logon (KDC),Configures 'Configure hash algorithms for certificate logon (KDC)' per security baseline requirements to enforce organizational security policy.,HKLM:\SOFTWARE\Microsoft\Windows\CurrentVersion\Policies\System\KDC\Parameters,PKINITHashAlgorithmConfigurationEnabled,REG_DWORD,,,,1,"Range(0, 1)",Equals(1),Important,Azure Local Member Server (domain joined),SecuritySettings,"Get-ItemProperty ""HKLM:\SOFTWARE\Microsoft\Windows\CurrentVersion\Policies\System\KDC\Parameters"" -Name ""PKINITHashAlgorithmConfigurationEnabled""",Registry,NA,NA,NA,"AC-7, AU-12, IA-5, SC-12","Enables explicit configuration of the hash algorithms accepted for certificate (PKINIT) logon, so the accepted algorithm set is controlled by policy rather than left at defaults. Deviating disables this control and reverts algorithm selection to defaults.",Func:L / Sec:M — Certificate-logon hash policy; verify PKI/smart-card client compatibility,Warning Allowed
KDCHashAlgorithmsSHA1,,,Configure hash algorithms for certificate logon (KDC) - SHA1,Configures 'Configure hash algorithms for certificate logon (KDC) - SHA1' per security baseline requirements to enforce organizational security policy.,HKLM:\SOFTWARE\Microsoft\Windows\CurrentVersion\Policies\System\KDC\Parameters,PKINITSHA1,REG_DWORD,,,,1,"Range(0, 1)",Equals(1),Important,Azure Local Member Server (domain joined),SecuritySettings,"Get-ItemProperty ""HKLM:\SOFTWARE\Microsoft\Windows\CurrentVersion\Policies\System\KDC\Parameters"" -Name ""PKINITSHA1""",Registry,NA,NA,NA,"AC-7, AU-12, IA-5, SC-12",Enables SHA1 as an accepted hash algorithm for certificate (PKINIT) logon. The baseline keeps SHA1 enabled for smart-card and certificate client compatibility; it does not restrict certificate logon to stronger hashes. Deviating by disabling it can break older certificate-based sign-in.,Func:L / Sec:M — Certificate-logon hash policy; verify PKI/smart-card client compatibility,Warning Allowed
KDCHashAlgorithmsSHA256,0c77df23-ca8c-4d13-a54e-a28df51ed2da,,Configure hash algorithms for certificate logon (KDC) - SHA256,Configures 'Configure hash algorithms for certificate logon (KDC) - SHA256' per security baseline requirements to enforce organizational security policy.,HKLM:\SOFTWARE\Microsoft\Windows\CurrentVersion\Policies\System\KDC\Parameters,PKINITSHA256,REG_DWORD,,,,1,"Range(0, 1)",Equals(1),Important,Azure Local Member Server (domain joined),SecuritySettings,"Get-ItemProperty ""HKLM:\SOFTWARE\Microsoft\Windows\CurrentVersion\Policies\System\KDC\Parameters"" -Name ""PKINITSHA256""",Registry,NA,NA,NA,"AC-7, AU-12, IA-5, SC-12","Enables SHA256 as an accepted hash algorithm for certificate (PKINIT) logon, supporting strong-hash certificate-based authentication for smart-card and Windows Hello for Business sign-in. Deviating by disabling it narrows the accepted strong-hash set.",Func:L / Sec:M — Certificate-logon hash policy; verify PKI/smart-card client compatibility,Warning Allowed
KDCHashAlgorithmsSHA384,1accbbbf-bf49-41a4-8d9f-252b333f713e,,Configure hash algorithms for certificate logon (KDC) - SHA384,Configures 'Configure hash algorithms for certificate logon (KDC) - SHA384' per security baseline requirements to enforce organizational security policy.,HKLM:\SOFTWARE\Microsoft\Windows\CurrentVersion\Policies\System\KDC\Parameters,PKINITSHA384,REG_DWORD,,,,1,"Range(0, 1)",Equals(1),Important,Azure Local Member Server (domain joined),SecuritySettings,"Get-ItemProperty ""HKLM:\SOFTWARE\Microsoft\Windows\CurrentVersion\Policies\System\KDC\Parameters"" -Name ""PKINITSHA384""",Registry,NA,NA,NA,"AC-7, AU-12, IA-5, SC-12","Enables SHA384 as an accepted hash algorithm for certificate (PKINIT) logon, supporting strong-hash certificate-based authentication for smart-card and Windows Hello for Business sign-in. Deviating by disabling it narrows the accepted strong-hash set.",Func:L / Sec:M — Certificate-logon hash policy; verify PKI/smart-card client compatibility,Warning Allowed
KDCHashAlgorithmsSHA512,47633292-70b7-45d0-bfdb-da22c055995d,,Configure hash algorithms for certificate logon (KDC) - SHA512,Configures 'Configure hash algorithms for certificate logon (KDC) - SHA512' per security baseline requirements to enforce organizational security policy.,HKLM:\SOFTWARE\Microsoft\Windows\CurrentVersion\Policies\System\KDC\Parameters,PKINITSHA512,REG_DWORD,,,,1,"Range(0, 1)",Equals(1),Important,Azure Local Member Server (domain joined),SecuritySettings,"Get-ItemProperty ""HKLM:\SOFTWARE\Microsoft\Windows\CurrentVersion\Policies\System\KDC\Parameters"" -Name ""PKINITSHA512""",Registry,NA,NA,NA,"AC-7, AU-12, IA-5, SC-12","Enables SHA512 as an accepted hash algorithm for certificate (PKINIT) logon, supporting strong-hash certificate-based authentication for smart-card and Windows Hello for Business sign-in. Deviating by disabling it narrows the accepted strong-hash set.",Func:L / Sec:M — Certificate-logon hash policy; verify PKI/smart-card client compatibility,Warning Allowed
KerberosHashAlgorithms,a1d01829-8c6f-4893-bb3e-24576b732d8d,,Configure hash algorithms for certificate logon (Kerberos),Configures 'Configure hash algorithms for certificate logon (Kerberos)' per security baseline requirements to enforce organizational security policy.,HKLM:\SOFTWARE\Microsoft\Windows\CurrentVersion\Policies\System\Kerberos\Parameters,PKINITHashAlgorithmConfigurationEnabled,REG_DWORD,,,,1,"Range(0, 1)",Equals(1),Important,Azure Local Member Server (domain joined),SecuritySettings,"Get-ItemProperty ""HKLM:\SOFTWARE\Microsoft\Windows\CurrentVersion\Policies\System\Kerberos\Parameters"" -Name ""PKINITHashAlgorithmConfigurationEnabled""",Registry,NA,NA,NA,"AC-7, AU-12, IA-2, IA-5, SC-12","Enables explicit configuration of the hash algorithms accepted for certificate (PKINIT) logon, so the accepted algorithm set is controlled by policy rather than left at defaults. Deviating disables this control and reverts algorithm selection to defaults.",Func:H / Sec:H — Kerberos config affects cluster service tickets and inter-node auth,Warning Allowed
KerberosHashAlgorithmsSHA1,,,Configure hash algorithms for certificate logon (Kerberos) - SHA1,Configures 'Configure hash algorithms for certificate logon (Kerberos) - SHA1' per security baseline requirements to enforce organizational security policy.,HKLM:\SOFTWARE\Microsoft\Windows\CurrentVersion\Policies\System\Kerberos\Parameters,PKINITSHA1,REG_DWORD,,,,1,"Range(0, 1)",Equals(1),Important,Azure Local Member Server (domain joined),SecuritySettings,"Get-ItemProperty ""HKLM:\SOFTWARE\Microsoft\Windows\CurrentVersion\Policies\System\Kerberos\Parameters"" -Name ""PKINITSHA1""",Registry,NA,NA,NA,"AC-7, AU-12, IA-2, IA-5, SC-12",Enables SHA1 as an accepted hash algorithm for certificate (PKINIT) logon. The baseline keeps SHA1 enabled for smart-card and certificate client compatibility; it does not restrict certificate logon to stronger hashes. Deviating by disabling it can break older certificate-based sign-in.,Func:H / Sec:H — Kerberos config affects cluster service tickets and inter-node auth,Warning Allowed
KerberosHashAlgorithmsSHA256,69ff2b46-1855-4826-967c-4a5e6fbca4ad,,Configure hash algorithms for certificate logon (Kerberos) - SHA256,Configures 'Configure hash algorithms for certificate logon (Kerberos) - SHA256' per security baseline requirements to enforce organizational security policy.,HKLM:\SOFTWARE\Microsoft\Windows\CurrentVersion\Policies\System\Kerberos\Parameters,PKINITSHA256,REG_DWORD,,,,1,"Range(0, 1)",Equals(1),Important,Azure Local Member Server (domain joined),SecuritySettings,"Get-ItemProperty ""HKLM:\SOFTWARE\Microsoft\Windows\CurrentVersion\Policies\System\Kerberos\Parameters"" -Name ""PKINITSHA256""",Registry,NA,NA,NA,"AC-7, AU-12, IA-2, IA-5, SC-12","Enables SHA256 as an accepted hash algorithm for certificate (PKINIT) logon, supporting strong-hash certificate-based authentication for smart-card and Windows Hello for Business sign-in. Deviating by disabling it narrows the accepted strong-hash set.",Func:H / Sec:H — Kerberos config affects cluster service tickets and inter-node auth,Warning Allowed
KerberosHashAlgorithmsSHA384,1b7c5b95-1988-4a94-b295-ad1b2a4b92f3,,Configure hash algorithms for certificate logon (Kerberos) - SHA384,Configures 'Configure hash algorithms for certificate logon (Kerberos) - SHA384' per security baseline requirements to enforce organizational security policy.,HKLM:\SOFTWARE\Microsoft\Windows\CurrentVersion\Policies\System\Kerberos\Parameters,PKINITSHA384,REG_DWORD,,,,1,"Range(0, 1)",Equals(1),Important,Azure Local Member Server (domain joined),SecuritySettings,"Get-ItemProperty ""HKLM:\SOFTWARE\Microsoft\Windows\CurrentVersion\Policies\System\Kerberos\Parameters"" -Name ""PKINITSHA384""",Registry,NA,NA,NA,"AC-7, AU-12, IA-2, IA-5, SC-12","Enables SHA384 as an accepted hash algorithm for certificate (PKINIT) logon, supporting strong-hash certificate-based authentication for smart-card and Windows Hello for Business sign-in. Deviating by disabling it narrows the accepted strong-hash set.",Func:H / Sec:H — Kerberos config affects cluster service tickets and inter-node auth,Warning Allowed
KerberosHashAlgorithmsSHA512,970cd4ee-92ba-4c3c-b67b-06f19ecd544c,,Configure hash algorithms for certificate logon (Kerberos) - SHA512,Configures 'Configure hash algorithms for certificate logon (Kerberos) - SHA512' per security baseline requirements to enforce organizational security policy.,HKLM:\SOFTWARE\Microsoft\Windows\CurrentVersion\Policies\System\Kerberos\Parameters,PKINITSHA512,REG_DWORD,,,,1,"Range(0, 1)",Equals(1),Important,Azure Local Member Server (domain joined),SecuritySettings,"Get-ItemProperty ""HKLM:\SOFTWARE\Microsoft\Windows\CurrentVersion\Policies\System\Kerberos\Parameters"" -Name ""PKINITSHA512""",Registry,NA,NA,NA,"AC-7, AU-12, IA-2, IA-5, SC-12","Enables SHA512 as an accepted hash algorithm for certificate (PKINIT) logon, supporting strong-hash certificate-based authentication for smart-card and Windows Hello for Business sign-in. Deviating by disabling it narrows the accepted strong-hash set.",Func:H / Sec:H — Kerberos config affects cluster service tickets and inter-node auth,Warning Allowed
LANManagerAuthenticationLevel,315cc7e3-7252-47ce-af2f-9abf243fac16,CCE-36173-3,Network security: LAN Manager authentication level,Configures 'Network security: LAN Manager authentication level' per security baseline requirements to enforce organizational security policy.,HKLM:\SYSTEM\CurrentControlSet\Control\Lsa,LmCompatibilityLevel,REG_DWORD,./Vendor/MSFT/Policy,Config/LocalPoliciesSecurityOptions/NetworkSecurity_LANManagerAuthenticationLevel,Integer,5,"Range(0, 5)",Equals(5),Critical,Azure Local Member Server (domain joined),SecuritySettings,Get-ItemProperty 'HKLM:\SYSTEM\CurrentControlSet\Control\Lsa' -Name 'LmCompatibilityLevel',Security Options,2.3.11.6,"3.10 (IG2, IG3)",WN25-SO-000310,CM-6,"Sets the LAN Manager / NTLM authentication level (baseline value 5 = send NTLMv2 only, refuse LM and NTLMv1). Eliminates weak LM/NTLMv1 responses that are trivially crackable and relay-prone. Lowering the level re-admits LM/NTLMv1 responses that are trivially crackable and relay-prone.",Func:Critical / Sec:H — NTLMv2-only enforcement; lowering weakens all cluster authentication,Blocked
LanmanWorkstationEnableInsecureGuestLogons,09ed81b2-8dba-4009-84f9-dcfd6009ed0d,AZ-WIN-00171,Enable insecure guest logons,Configures 'Enable insecure guest logons' per security baseline requirements to enforce organizational security policy.,HKLM:\SOFTWARE\Policies\Microsoft\Windows\LanmanWorkstation,AllowInsecureGuestAuth,REG_DWORD,./Vendor/MSFT/Policy,Config/LanmanWorkstation/EnableInsecureGuestLogons,Integer,0,"Range(0, 1)",Equals(0),Critical,Azure Local Member Server (domain joined),SecuritySettings,Get-ItemProperty 'HKLM:\SOFTWARE\Policies\Microsoft\Windows\LanmanWorkstation' -Name 'AllowInsecureGuestAuth',Registry,18.6.8.4,Not Mapped,WN25-CC-000070,CM-6,"Disables insecure SMB guest logons, preventing unauthenticated guest access to SMB shares (a data-exposure and malware-delivery vector). Enabling insecure guest logons restores unauthenticated guest access to SMB shares.",Func:L / Sec:M — Logon security policy; no direct cluster impact,Warning Allowed
LDAPClientSigningRequirements,4ff2ed85-48d7-4e38-bdb8-6c7df3286882,CCE-36858-9,Network security: LDAP client signing requirements,Configures 'Network security: LDAP client signing requirements' per security baseline requirements to enforce organizational security policy.,HKLM:\SYSTEM\CurrentControlSet\Services\LDAP,LDAPClientIntegrity,REG_DWORD,./Vendor/MSFT/Policy,Config/LocalPoliciesSecurityOptions/NetworkSecurity_LDAPClientSigningRequirements,Integer,1,"Range(0, 2)","Range(1, 2)",Critical,Azure Local Member Server (domain joined),SecuritySettings,Get-ItemProperty 'HKLM:\SYSTEM\CurrentControlSet\Services\LDAP' -Name 'LDAPClientIntegrity',Security Options,2.3.11.8,"3.10 (IG2, IG3)",WN25-SO-000320,CM-6,"LDAP integrity control 'Network security: LDAP client signing requirements'. Requires signing / channel binding so directory traffic resists tampering and LDAP relay attacks against domain controllers. Relaxing the requirement lets directory traffic run unsigned, exposing it to tampering and LDAP relay.",Func:M / Sec:H — LDAP signing/binding; affects AD communication security,Warning Allowed
LetEveryonePermissionsApplyToAnonymousUsers,f97fe90f-c009-4139-8562-9893e9c49b44,CCE-36148-5,Network access: Let Everyone permissions apply to anonymous users,Configures 'Network access: Let Everyone permissions apply to anonymous users' per security baseline requirements to enforce organizational security policy.,HKLM:\SYSTEM\CurrentControlSet\Control\Lsa,EveryoneIncludesAnonymous,REG_DWORD,./Vendor/MSFT/Policy,Config/LocalPoliciesSecurityOptions/NetworkAccess_LetEveryonePermissionsApplyToAnonymousUsers,Integer,0,"Range(0, 1)","OneOf(Equals(0), Equals(null))",Critical,Azure Local Member Server (domain joined),SecuritySettings,Get-ItemProperty 'HKLM:\SYSTEM\CurrentControlSet\Control\Lsa' -Name 'EveryoneIncludesAnonymous',Security Options,2.3.10.5,Not Mapped,WN25-SO-000240,CM-6,"Stops anonymous users from inheriting the Everyone group's permissions, so null-session callers do not gain resource access granted broadly to Everyone. Enabling it lets anonymous null-session callers inherit Everyone permissions and the access granted to it.",Func:L / Sec:H — Anonymous access control; changing exposes enumeration surface,Warning Allowed
LimitBlankPasswordConsoleOnly,3715ec67-6cd4-49c0-8c82-27001a0e332b,CCE-37615-2,Accounts: Limit local account use of blank passwords to console logon only,"Restricts accounts with blank passwords to console-only logon, preventing remote network access with empty credentials.",HKLM:\SYSTEM\CurrentControlSet\Control\Lsa,LimitBlankPasswordUse,REG_DWORD,./Vendor/MSFT/Policy,Config/LocalPoliciesSecurityOptions/Accounts_LimitLocalAccountUseOfBlankPasswordsToConsoleLogonOnly,Integer,1,"Range(0, 1)","OneOf(Equals(1), Equals(null))",Critical,Azure Local Member Server (domain joined),SecuritySettings,Get-ItemProperty 'HKLM:\SYSTEM\CurrentControlSet\Control\Lsa' -Name 'LimitBlankPasswordUse',Security Options,2.3.1.2,"5.2 (IG1, IG2, IG3)",WN25-SO-000020,CM-6,"Restricts blank-password local accounts to console logon, preventing remote authentication with empty passwords. Disabling the restriction lets blank-password local accounts authenticate remotely.",Func:L / Sec:Critical — Disabling allows blank password authentication over network; unacceptable security exposure,Blocked
LimitRemoteAccessToEventLogService,TBD,TBD,Limit remote access to the Event Log Service,"Restricts which accounts can remotely connect to the Windows Event Log service. Default of Authenticated Users allows any domain account to connect, creating a credential-stealing attack vector. Must be set to Administrators (2) unless third-party log collection requires Event Log Readers (1).",HKLM:\Software\Policies\Microsoft\Windows\EventLog,RpcAccess_Remote_Setting,REG_DWORD,,,,2,"Range(0, 2)",Equals(2),Warning,Azure Local Member Server (domain joined),SecuritySettings,Get-ItemProperty 'HKLM:\Software\Policies\Microsoft\Windows\EventLog' -Name 'RpcAccess_Remote_Setting',Registry,NA,NA,NA,"AC-3, AC-6, AC-17, AU-9","Restricts remote access to the Event Log service, limiting which principals can read security-relevant logs remotely. Loosening the restriction lets more principals read security logs remotely.","Func:L / Sec:L — Audit/logging setting; no functional impact, reduces visibility if disabled",Warning Allowed
LogOnAsBatchJob,,,Log on as a batch job,Defines which accounts are allowed to log on as a batch job. Controls access for scheduled tasks and batch processing.,,,,./Vendor/MSFT/Policy,Config/UserRights/LogOnAsBatchJob,String,"*S-1-5-32-544,*S-1-5-32-551,*S-1-5-32-559",,"ContainsExactly('*S-1-5-32-544', '*S-1-5-32-551', '*S-1-5-32-559')",Critical,Azure Local Member Server (domain joined),SecuritySettings,secedit /export /cfg $env:TEMP\secpol.cfg /quiet; (Select-String 'SeBatchLogonRight' $env:TEMP\secpol.cfg).Line,Security Policy,2.2.26,"5.4 (IG1, IG2, IG3)",NA,AC-6,"Azure Local applies 'Log on as a batch job' (baseline value: *S-1-5-32-544,*S-1-5-32-551,*S-1-5-32-559) as part of the in-box security baseline. The setting is already in effect; deviating from the configured value relaxes the hardened behavior for this control. Validate the operational need before changing it on a clustered node.",Func:L / Sec:M — User rights assignment; review for service account compatibility,Warning Allowed
LogOnAsService,,,Log on as a service,Defines which accounts are allowed to register a process as a service. Controls which accounts can run Windows services.,,,,./Vendor/MSFT/Policy,Config/UserRights/LogOnAsService,String,"*S-1-5-80-0,*S-1-5-83-0,*S-1-5-32-544",,"ContainsExactly('*S-1-5-80-0', '*S-1-5-83-0', '*S-1-5-32-544')",Critical,Azure Local Member Server (domain joined),SecuritySettings,secedit /export /cfg $env:TEMP\secpol.cfg /quiet; (Select-String 'SeServiceLogonRight' $env:TEMP\secpol.cfg).Line,Security Policy,2.2.27,"5.4 (IG1, IG2, IG3)",NA,AC-6,"Azure Local applies 'Log on as a service' (baseline value: *S-1-5-80-0,*S-1-5-83-0,*S-1-5-32-544) as part of the in-box security baseline. The setting is already in effect; deviating from the configured value relaxes the hardened behavior for this control. Validate the operational need before changing it on a clustered node.",Func:L / Sec:M — User rights assignment; review for service account compatibility,Warning Allowed
LogonBlockAccountDetailsSignin,cac31d47-c8ea-440f-af85-7697f483b21e,AZ-WIN-00138,Block user from showing account details on sign-in,Configures 'Block user from showing account details on sign-in' per security baseline requirements to enforce organizational security policy.,HKLM:\SOFTWARE\Policies\Microsoft\Windows\System,BlockUserFromShowingAccountDetailsOnSignin,REG_DWORD,,,,1,"Range(0, 1)",Equals(1),Warning,Azure Local Member Server (domain joined),SecuritySettings,"Get-ItemProperty ""HKLM:\SOFTWARE\Policies\Microsoft\Windows\System"" -Name ""BlockUserFromShowingAccountDetailsOnSignin""",Registry,18.9.29.1,"4.1 (IG1, IG2, IG3)",NA,AC-2,"Logon/lock-screen exposure control 'Block user from showing account details on sign-in'. Reduces information disclosed at the lock screen or sign-in (usernames, account details, UI surfaces) that aids targeting or unattended-console abuse. Allowing account details at sign-in exposes user information at the lock screen.",Func:L / Sec:M — Logon security policy; no direct cluster impact,Warning Allowed
LogonDontEnumerateConnectedUsers,4a1c7313-02f4-46a3-a16f-5b4a12db44e4,AZ-WIN-202216,Do not enumerate connected users on domain-joined computers,Configures 'Do not enumerate connected users on domain-joined computers' per security baseline requirements to enforce organizational security policy.,HKLM:\SOFTWARE\Policies\Microsoft\Windows\System,DontEnumerateConnectedUsers,REG_DWORD,,,,1,"Range(0, 1)",Equals(1),Warning,Azure Local Member Server (domain joined),SecuritySettings,"Get-ItemProperty ""HKLM:\SOFTWARE\Policies\Microsoft\Windows\System"" -Name ""DontEnumerateConnectedUsers""",Registry,18.9.29.3,Not Mapped,NA,CM-6,"Logon/lock-screen exposure control 'Do not enumerate connected users on domain-joined computers'. Reduces information disclosed at the lock screen or sign-in (usernames, account details, UI surfaces) that aids targeting or unattended-console abuse. Enumerating connected users reveals valid account names at the logon screen.",Func:L / Sec:M — Logon security policy; no direct cluster impact,Warning Allowed
LogonEnumLocalUsersOnDomain,0644341a-0db8-4ff6-8bfe-5751a9b3d1dc,AZ-WIN-202204,Enumerate local users on domain-joined computers,Configures 'Enumerate local users on domain-joined computers' per security baseline requirements to enforce organizational security policy.,HKLM:\SOFTWARE\Policies\Microsoft\Windows\System,EnumerateLocalUsers,REG_DWORD,,,,0,"Range(0, 1)",Equals(0),Warning,Azure Local Member Server (domain joined),SecuritySettings,"Get-ItemProperty ""HKLM:\SOFTWARE\Policies\Microsoft\Windows\System"" -Name ""EnumerateLocalUsers""",Registry,18.9.29.4,Not Mapped,WN25-MS-000030,CM-7,"Logon/lock-screen exposure control 'Enumerate local users on domain-joined computers'. Reduces information disclosed at the lock screen or sign-in (usernames, account details, UI surfaces) that aids targeting or unattended-console abuse. Enabling enumeration reveals local account names on domain-joined hosts.",Func:L / Sec:M — Logon security policy; no direct cluster impact,Warning Allowed
LSAPPLProtection,34e23115-599c-4ef8-bfa8-40867a6e181f,,Enable LSA PPL Protection,Configures 'Enable LSA PPL Protection' per security baseline requirements to enforce organizational security policy.,HKLM:\SOFTWARE\Policies\Microsoft\Windows\System,RunAsPPL,REG_DWORD,,,,2,"Range(0, 2)","Range(1, 2)",Critical,Azure Local Member Server (domain joined),SecuritySettings,"Get-ItemProperty ""HKLM:\SOFTWARE\Policies\Microsoft\Windows\System"" -Name ""RunAsPPL""",Registry,18.9.27.2,"10.5 (IG2, IG3)",NA,"IA-5, SC-28","Runs LSASS as a protected process (PPL), blocking non-protected code (including many credential-theft tools) from reading LSASS memory to harvest credentials. Disabling LSA protection lets non-protected code, including credential-theft tools, read LSASS memory.",Func:M / Sec:H — LSA process protection; changing may affect credential providers,Warning Allowed
MachineInactivityLimit,691b418f-e20e-4d4a-b084-3b7563f38879,AZ-WIN-73645,Interactive logon: Machine inactivity limit,Configures 'Interactive logon: Machine inactivity limit' per security baseline requirements to enforce organizational security policy.,HKLM:\SOFTWARE\Microsoft\Windows\CurrentVersion\Policies\System,InactivityTimeoutSecs,REG_DWORD,./Vendor/MSFT/Policy,Config/LocalPoliciesSecurityOptions/InteractiveLogon_MachineInactivityLimit,Integer,900,"Range(0, 900)","Range(1, 900)",Important,Azure Local Member Server (domain joined),SecuritySettings,Get-ItemProperty 'HKLM:\SOFTWARE\Microsoft\Windows\CurrentVersion\Policies\System' -Name 'InactivityTimeoutSecs',Security Options,2.3.7.3,"4.3 (IG1, IG2, IG3)",WN25-SO-000120,"AC-11, AC-11(1)","Locks the session after the configured idle period, reducing unattended-console exposure to walk-up access. Raising or zeroing the limit leaves idle sessions unlocked, widening walk-up console exposure.","Func:L / Sec:M — Idle-lock policy; console UX only, no cluster impact",Warning Allowed
MaximumMachineAccountPasswordAge,e30d6758-fb3c-4e9d-8493-f717cd504cf4,CCE-37431-4,Domain member: Maximum machine account password age,Configures 'Domain member: Maximum machine account password age' per security baseline requirements to enforce organizational security policy.,HKLM:\SYSTEM\CurrentControlSet\Services\NetLogon\Parameters,MaximumPasswordAge,REG_DWORD,./Vendor/MSFT/Policy,Config/LocalPoliciesSecurityOptions/DomainMember_MaximumMachineAccountPasswordAge,Integer,30,"Range(30, 10000)",Equals(30),Critical,Azure Local Member Server (domain joined),SecuritySettings,Get-ItemProperty 'HKLM:\SYSTEM\CurrentControlSet\Services\NetLogon\Parameters' -Name 'MaximumPasswordAge',Security Options,2.3.6.5,"5.2 (IG1, IG2, IG3)",WN25-SO-000100,CM-6,"Domain-member secure-channel control 'Domain member: Maximum machine account password age'. Protects the machine-account secure channel to the domain (signing/encryption, key strength, password rotation) against tampering and replay. Extending the maximum age slows machine-account secret rotation, weakening secure-channel protection over time.",Func:L / Sec:M — Password policy; no direct cluster functional impact,Warning Allowed
MessageTextUserLogon,36f1578b-8702-488a-b213-6e30963e8958,AZ-WIN-202253,Interactive logon: Message text for users attempting to log on,Configures 'Interactive logon: Message text for users attempting to log on' per security baseline requirements to enforce organizational security policy.,HKLM:\SOFTWARE\Microsoft\Windows\CurrentVersion\Policies\System,LegalNoticeText,REG_SZ,,,,"This system is for authorized use only. By logging in, you acknowledge and consent that your activity may be monitored and audited by the organization for security and operational purposes. Unauthorized access or misuse may result in the organization taking disciplinary or legal action. If you are not authorized, do not proceed.","Not(OneOf(Equals(''), Equals(null)))","Not(OneOf(Equals(''), Equals(null)))",Warning,Azure Local Member Server (domain joined),SecuritySettings,"Get-ItemProperty ""HKLM:\SOFTWARE\Microsoft\Windows\CurrentVersion\Policies\System"" -Name ""LegalNoticeText""",Registry,2.3.7.4,Not Mapped,WN25-SO-000130,AC-8,"Displays a legal logon banner, supporting consent-to-monitor and acceptable-use notice requirements. Removing the banner drops the consent-to-monitor and acceptable-use notice.",Func:L / Sec:M — Logon security policy; no direct cluster impact,Warning Allowed
MessageTextUserLogonTitle,80cb1237-8de9-4124-b6bc-b077e67f2557,AZ-WIN-202254,Interactive logon: Message title for users attempting to log on,Configures 'Interactive logon: Message title for users attempting to log on' per security baseline requirements to enforce organizational security policy.,HKLM:\SOFTWARE\Microsoft\Windows\CurrentVersion\Policies\System,LegalNoticeCaption,REG_SZ,,,,Authorized Access Only,"Not(OneOf(Equals(''), Equals(null)))","Not(OneOf(Equals(''), Equals(null)))",Warning,Azure Local Member Server (domain joined),SecuritySettings,"Get-ItemProperty ""HKLM:\SOFTWARE\Microsoft\Windows\CurrentVersion\Policies\System"" -Name ""LegalNoticeCaption""",Registry,2.3.7.5,Not Mapped,WN25-SO-000140,AC-8,"Sets the logon banner title accompanying the legal notice, supporting acceptable-use and consent requirements. Removing the banner title drops the legal-notice heading shown at logon.",Func:L / Sec:M — Logon security policy; no direct cluster impact,Warning Allowed
MinimumSessionSecurityForNTLMSSPBasedClients,2a074d39-eee4-4bfe-b1e7-4132c033a762,CCE-37553-5,Network security: Minimum session security for NTLM SSP based (including secure RPC) clients,Configures 'Network security: Minimum session security for NTLM SSP based (including secure RPC) clients' per security baseline requirements to enforce organizational security policy.,HKLM:\SYSTEM\CurrentControlSet\Control\Lsa\MSV1_0,NTLMMinClientSec,REG_DWORD,./Vendor/MSFT/Policy,Config/LocalPoliciesSecurityOptions/NetworkSecurity_MinimumSessionSecurityForNTLMSSPBasedClients,Integer,537395200,"OneOf(Equals(537395200), Equals(537395216), Equals(537395232), Equals(537395248))","OneOf(Equals(537395200), Equals(537395216), Equals(537395232), Equals(537395248))",Critical,Azure Local Member Server (domain joined),SecuritySettings,Get-ItemProperty 'HKLM:\SYSTEM\CurrentControlSet\Control\Lsa\MSV1_0' -Name 'NTLMMinClientSec',Security Options,2.3.11.9,"3.10 (IG2, IG3)",WN25-SO-000330,CM-6,Requires NTLM SSP sessions (client) to negotiate 128-bit encryption and message integrity. Blocks weak-cipher NTLM sessions that are easier to intercept or downgrade. Lowering the requirement permits weak-cipher NTLM client sessions easier to intercept or downgrade.,Func:H / Sec:H — Authentication protocol change may break inter-node cluster auth,Warning Allowed
MinimumSessionSecurityForNTLMSSPBasedServers,6ed9ad58-c9de-4a8b-9512-8fe5421ac8a7,CCE-37835-6,Network security: Minimum session security for NTLM SSP based (including secure RPC) servers,Configures 'Network security: Minimum session security for NTLM SSP based (including secure RPC) servers' per security baseline requirements to enforce organizational security policy.,HKLM:\SYSTEM\CurrentControlSet\Control\Lsa\MSV1_0,NTLMMinServerSec,REG_DWORD,./Vendor/MSFT/Policy,Config/LocalPoliciesSecurityOptions/NetworkSecurity_MinimumSessionSecurityForNTLMSSPBasedServers,Integer,537395200,"OneOf(Equals(537395200), Equals(537395216), Equals(537395232), Equals(537395248))","OneOf(Equals(537395200), Equals(537395216), Equals(537395232), Equals(537395248))",Critical,Azure Local Member Server (domain joined),SecuritySettings,Get-ItemProperty 'HKLM:\SYSTEM\CurrentControlSet\Control\Lsa\MSV1_0' -Name 'NTLMMinServerSec',Security Options,2.3.11.10,"3.10 (IG2, IG3)",WN25-SO-000340,CM-6,Requires NTLM SSP sessions (server) to negotiate 128-bit encryption and message integrity. Blocks weak-cipher NTLM sessions that are easier to intercept or downgrade. Lowering the requirement permits weak-cipher NTLM server sessions easier to intercept or downgrade.,Func:H / Sec:H — Authentication protocol change may break inter-node cluster auth,Warning Allowed
MinimumSMBClientVersion,aae23f28-7b46-4fc6-9d81-dcf241d18820,,Mandate the minimum version of SMB Client,Configures SMB protocol setting 'Mandate the minimum version of SMB Client' to harden file sharing against interception and exploitation.,HKLM:\SOFTWARE\Policies\Microsoft\Windows\LanmanWorkstation,MinSmb2Dialect,REG_DWORD,,,,768,"OneOf(Equals(514),Equals(528),Equals(768),Equals(770),Equals(785))","OneOf(Equals(768),Equals(770),Equals(785))",Critical,Azure Local Member Server (domain joined),SecuritySettings,"Get-ItemProperty ""HKLM:\SOFTWARE\Policies\Microsoft\Windows\LanmanWorkstation"" -Name ""MinSmb2Dialect""",Registry,18.6.8.6,"4.8 (IG2, IG3)",NA,"AC-17, SC-8","Sets the minimum negotiated SMB dialect for the Client, refusing older, weaker SMB versions. Prevents downgrade to legacy dialects lacking modern integrity and encryption. Lowering the minimum dialect re-permits downgrade to legacy SMB lacking modern integrity and encryption.",Func:Critical / Sec:H — SMB3 minimum required for S2D storage; removing breaks cluster storage traffic,Blocked
MinimumSMBServerVersion,9b09c1d5-0361-4add-9d5c-e6929e93c646,,Mandate the minimum version of SMB Server,Configures SMB protocol setting 'Mandate the minimum version of SMB Server' to harden file sharing against interception and exploitation.,HKLM:\SOFTWARE\Policies\Microsoft\Windows\LanmanServer,MinSmb2Dialect,REG_DWORD,,,,768,"OneOf(Equals(514),Equals(528),Equals(768),Equals(770),Equals(785))","OneOf(Equals(768),Equals(770),Equals(785))",Critical,Azure Local Member Server (domain joined),SecuritySettings,"Get-ItemProperty ""HKLM:\SOFTWARE\Policies\Microsoft\Windows\LanmanServer"" -Name ""MinSmb2Dialect""",Registry,18.6.7.6,"4.8 (IG2, IG3)",NA,"AC-17, SC-8","Sets the minimum negotiated SMB dialect for the Server, refusing older, weaker SMB versions. Prevents downgrade to legacy dialects lacking modern integrity and encryption. Lowering the minimum dialect re-permits downgrade to legacy SMB lacking modern integrity and encryption.",Func:Critical / Sec:H — SMB3 minimum required for S2D storage; removing breaks cluster storage traffic,Blocked
MitigationOptionsFontBlocking,,,Untrusted Font Blocking,"Enables font blocking to prevent loading fonts from remote sources (network/internet), mitigating font-based exploits",HKLM:\SOFTWARE\Policies\Microsoft\Windows NT\MitigationOptions,MitigationOptions_FontBocking,REG_SZ,,,,1000000000000,"OneOf(Equals('0'), Equals('1000000000000'))",Equals('1000000000000'),Critical,Azure Local Member Server (domain joined),SecuritySettings,"Get-ItemProperty ""HKLM:\SOFTWARE\Policies\Microsoft\Windows NT\MitigationOptions"" -Name ""MitigationOptions_FontBocking""",Registry,NA,NA,NA,"SI-16, CM-7","Blocks loading of untrusted fonts in the kernel font driver, mitigating font-parsing memory-corruption exploits. Allowing untrusted fonts reopens font-parsing memory-corruption exploitation in the kernel.",Func:L / Sec:H — Exploit mitigation; disabling reduces defense-in-depth,Warning Allowed
MOTWInsecureCopyApply,TBD,TBD,Do not apply Mark of the Web tag to files copied from insecure sources,Ensures Mark of the Web tags are preserved when copying files from insecure network sources.,HKLM:\SOFTWARE\Policies\Microsoft\Windows\Explorer,DisableMotWOnInsecurePathCopy,REG_DWORD,,,,0,"Range(0, 1)",Equals(0),Important,Azure Local Member Server (domain joined),SecuritySettings,"Get-ItemProperty ""HKLM:\SOFTWARE\Policies\Microsoft\Windows\Explorer"" -Name ""DisableMotWOnInsecurePathCopy""",Registry,18.10.29.2,"10.5 (IG2, IG3)",NA,"CM-6, SI-3","Keeps Mark-of-the-Web tagging applied to files from insecure sources (baseline does NOT suppress it), preserving downstream protected-view and SmartScreen checks. Suppressing Mark-of-the-Web tagging blinds protected-view and SmartScreen to files from insecure sources.",Func:L / Sec:M — File-origin tagging policy; no cluster functional impact,Warning Allowed
MPRNoPasswordInNotify,TBD,TBD,Configure transmission of user's password in MPR notifications sent by winlogon,Prevents user passwords from being included in MPR notifications sent by winlogon.,HKLM:\SOFTWARE\Microsoft\Windows\CurrentVersion\Policies\System,EnableMPR,REG_DWORD,,,,0,"Range(0, 1)",Equals(0),Critical,Azure Local Member Server (domain joined),SecuritySettings,"Get-ItemProperty ""HKLM:\SOFTWARE\Microsoft\Windows\CurrentVersion\Policies\System"" -Name ""EnableMPR""",Registry,18.9.28.1,"4.8 (IG2, IG3)",NA,"IA-5, SC-28","Disables transmission of the user's password in winlogon MPR notifications, reducing credential exposure to network providers. Re-enabling password transmission exposes the user's password to network providers during winlogon notifications.",Func:L / Sec:M — Password policy; no direct cluster functional impact,Warning Allowed
NetBTNodeTypeConfiguration,d1a15c43-08e0-4d7f-a3f1-e8253fa2083e,AZ-WIN-202211,NetBT NodeType configuration,Configures 'NetBT NodeType configuration' per security baseline requirements to enforce organizational security policy.,HKLM:\SYSTEM\CurrentControlSet\Services\NetBT\Parameters,NodeType,REG_DWORD,,,,2,"Range(1, 2)",Equals(2),Warning,Azure Local Member Server (domain joined),SecuritySettings,"Get-ItemProperty ""HKLM:\SYSTEM\CurrentControlSet\Services\NetBT\Parameters"" -Name ""NodeType""",Registry,18.4.6,"4.1 (IG1, IG2, IG3)",NA,CM-6,Network name-resolution / connectivity control 'NetBT NodeType configuration'. Disabling legacy/broadcast resolution (LLMNR/NetBIOS) and ad-hoc bridging reduces spoofing and credential-interception vectors on the local network.,Func:L / Sec:L — Name-resolution hardening; verify no legacy NetBIOS dependency,Warning Allowed
NetConnShowSharedAccessUI,4b2ea54f-7c16-4490-8687-cc52c3135b7e,AZ-WIN-00172,Prohibit use of Internet Connection Sharing on your DNS domain network,Configures 'Prohibit use of Internet Connection Sharing on your DNS domain network' per security baseline requirements to enforce organizational security policy.,HKLM:\SOFTWARE\Policies\Microsoft\Windows\Network Connections,NC_ShowSharedAccessUI,REG_DWORD,,,,0,"Range(0, 1)",Equals(0),Warning,Azure Local Member Server (domain joined),SecuritySettings,"Get-ItemProperty ""HKLM:\SOFTWARE\Policies\Microsoft\Windows\Network Connections"" -Name ""NC_ShowSharedAccessUI""",Registry,18.6.11.3,"4.8 (IG2, IG3)",NA,"SC-20, SC-21","Prohibits Internet Connection Sharing (set to 0), preventing a user from turning the device into an ad-hoc NAT router that shares its connection. This blocks an unmanaged path that could bypass network segmentation and perimeter controls. Re-enabling Internet Connection Sharing lets a user turn the host into an ad-hoc NAT router bypassing segmentation.","Func:L / Sec:L — ICS policy; affects ad-hoc connection sharing only, no cluster impact",Warning Allowed
NetDisablePrintDriversHTTP,7b2c4a66-7e3a-421e-9e2b-ccb11762b20e,CCE-36625-2,Turn off downloading of print drivers over HTTP,Configures 'Turn off downloading of print drivers over HTTP' per security baseline requirements to enforce organizational security policy.,HKLM:\SOFTWARE\Policies\Microsoft\Windows NT\Printers,DisableWebPnPDownload,REG_DWORD,,,,1,"Range(0, 1)",Equals(1),Warning,Azure Local Member Server (domain joined),SecuritySettings,"Get-ItemProperty ""HKLM:\SOFTWARE\Policies\Microsoft\Windows NT\Printers"" -Name ""DisableWebPnPDownload""",Registry,18.9.20.1.1,"2.5 (IG2, IG3)",WN25-CC-000150,CM-7,"Print-subsystem hardening 'Turn off downloading of print drivers over HTTP'. Restricts printer-driver installation and processing to trusted, administrator-controlled paths, so standard users cannot introduce unvetted spooler drivers. Re-enabling HTTP driver download lets standard users introduce unvetted spooler drivers from untrusted sources.",Func:L / Sec:L — Printer-driver policy; no cluster functional impact,Warning Allowed
NetProhibitNetworkBridge,357272d2-2018-455e-935c-8777473661dd,CCE-38002-2,Prohibit installation and configuration of Network Bridge on your DNS domain network,Configures 'Prohibit installation and configuration of Network Bridge on your DNS domain network' per security baseline requirements to enforce organizational security policy.,HKLM:\SOFTWARE\Policies\Microsoft\Windows\Network Connections,NC_AllowNetBridge_NLA,REG_DWORD,,,,0,"Range(0, 1)",Equals(0),Warning,Azure Local Member Server (domain joined),SecuritySettings,"Get-ItemProperty ""HKLM:\SOFTWARE\Policies\Microsoft\Windows\Network Connections"" -Name ""NC_AllowNetBridge_NLA""",Registry,18.6.11.2,"4.2 (IG1, IG2, IG3)",NA,"SC-20, SC-21","Prohibits creation of a Network Bridge (set to 0), preventing a user from bridging two network segments at layer 2. This stops an unmanaged path that could merge isolated networks and bypass segmentation. Allowing network bridging lets a user merge isolated network segments, bypassing segmentation.","Func:L / Sec:L — Network-bridge policy; affects ad-hoc bridging only, no cluster impact",Warning Allowed
NetworkProviderHardenedPathsNETLOGON,d74f926c-8ee5-4f06-8c59-2871197d8f41,,Hardened UNC Paths - NETLOGON,Configures 'Hardened UNC Paths - NETLOGON' per security baseline requirements to enforce organizational security policy.,HKLM:\SOFTWARE\Policies\Microsoft\Windows\NetworkProvider\HardenedPaths,\\*\NETLOGON,REG_SZ,,,,"RequireMutualAuthentication=1, RequireIntegrity=1","ContainsAtMost('RequireMutualAuthentication=1, RequireIntegrity=1, RequirePrivacy=1')","OneOf(Equals('RequireMutualAuthentication=1, RequireIntegrity=1'),Equals('RequireMutualAuthentication=1, RequireIntegrity=1, RequirePrivacy=1'))",Warning,Azure Local Member Server (domain joined),SecuritySettings,"Get-ItemProperty ""HKLM:\SOFTWARE\Policies\Microsoft\Windows\NetworkProvider\HardenedPaths"" -Name ""\\*\NETLOGON""",Registry,18.6.14.1,Not Mapped,WN25-CC-000080,CM-6,"Requires mutual authentication and integrity for the NETLOGON UNC path, preventing tampered Group Policy / logon-script delivery from a spoofed or man-in-the-middle server. Relaxing the hardened path re-permits tampered Group Policy or logon-script delivery from a spoofed server.",Func:M / Sec:H — UNC hardened paths protect domain policy delivery; changing risks GPO tampering,Warning Allowed
NetworkProviderHardenedPathsSYSVOL,da9fef3f-5a75-43e0-aa0a-d1d8c23af706,,Hardened UNC Paths - SYSVOL,Configures 'Hardened UNC Paths - SYSVOL' per security baseline requirements to enforce organizational security policy.,HKLM:\SOFTWARE\Policies\Microsoft\Windows\NetworkProvider\HardenedPaths,\\*\SYSVOL,REG_SZ,,,,"RequireMutualAuthentication=1, RequireIntegrity=1","ContainsAtMost('RequireMutualAuthentication=1, RequireIntegrity=1, RequirePrivacy=1')","OneOf(Equals('RequireMutualAuthentication=1, RequireIntegrity=1'),Equals('RequireMutualAuthentication=1, RequireIntegrity=1, RequirePrivacy=1'))",Warning,Azure Local Member Server (domain joined),SecuritySettings,"Get-ItemProperty ""HKLM:\SOFTWARE\Policies\Microsoft\Windows\NetworkProvider\HardenedPaths"" -Name ""\\*\SYSVOL""",Registry,18.6.14.1,Not Mapped,WN25-CC-000080,CM-6,"Requires mutual authentication and integrity for the SYSVOL UNC path, preventing tampered Group Policy / logon-script delivery from a spoofed or man-in-the-middle server. Relaxing the hardened path re-permits tampered Group Policy or logon-script delivery from a spoofed server.",Func:M / Sec:H — UNC hardened paths protect domain policy delivery; changing risks GPO tampering,Warning Allowed
OverrideMinimumEnabledDTLSVersionClient,,,Override Minimum Enabled DTLS Version Client,Configures 'Override Minimum Enabled DTLS Version Client' per security baseline requirements to enforce organizational security policy.,,,,./Vendor/MSFT/Policy,Config/Cryptography/OverrideMinimumEnabledDTLSVersionClient,String,1.2,"OneOf(Equals('1.0'),Equals('1.1'),Equals('1.2'))",Equals('1.2'),Important,Azure Local Member Server (domain joined),SecuritySettings,"Get-ItemProperty ""HKLM:\SYSTEM\CurrentControlSet\Control\SecurityProviders\SCHANNEL\Protocols\DTLS 1.0\Client"" -Name ""Enabled""
Get-ItemProperty ""HKLM:\SYSTEM\CurrentControlSet\Control\SecurityProviders\SCHANNEL\Protocols\DTLS 1.2\Client"" -Name ""Enabled""",Registry,1.1.5,"5.2 (IG1, IG2, IG3)",NA,CM-6,"Sets the minimum enabled DTLS version (baseline 1.2), refusing downgrade to deprecated protocol versions vulnerable to known cryptographic attacks. Lowering the minimum re-permits deprecated DTLS versions vulnerable to known cryptographic attacks.",Func:H / Sec:H — TLS/cipher changes may break WinRM HTTPS and inter-node encrypted traffic,Warning Allowed
OverrideMinimumEnabledDTLSVersionServer,,,Override Minimum Enabled DTLS Version Server,Configures 'Override Minimum Enabled DTLS Version Server' per security baseline requirements to enforce organizational security policy.,,,,./Vendor/MSFT/Policy,Config/Cryptography/OverrideMinimumEnabledDTLSVersionServer,String,1.2,"OneOf(Equals('1.0'),Equals('1.1'),Equals('1.2'))",Equals('1.2'),Critical,Azure Local Member Server (domain joined),SecuritySettings,"Get-ItemProperty ""HKLM:\SYSTEM\CurrentControlSet\Control\SecurityProviders\SCHANNEL\Protocols\DTLS 1.0\Server"" -Name ""Enabled""
Get-ItemProperty ""HKLM:\SYSTEM\CurrentControlSet\Control\SecurityProviders\SCHANNEL\Protocols\DTLS 1.2\Server"" -Name ""Enabled""",Registry,1.1.5,"5.2 (IG1, IG2, IG3)",NA,CM-6,"Sets the minimum enabled DTLS version (baseline 1.2), refusing downgrade to deprecated protocol versions vulnerable to known cryptographic attacks. Lowering the minimum re-permits deprecated DTLS versions vulnerable to known cryptographic attacks.",Func:H / Sec:H — TLS/cipher changes may break WinRM HTTPS and inter-node encrypted traffic,Warning Allowed
OverrideMinimumEnabledTLSVersionClient,,,Override Minimum Enabled TLS Version Client,Configures 'Override Minimum Enabled TLS Version Client' per security baseline requirements to enforce organizational security policy.,,,,./Vendor/MSFT/Policy,Config/Cryptography/OverrideMinimumEnabledTLSVersionClient,String,1.2,"OneOf(Equals('1.1'),Equals('1.1'),Equals('1.2'),Equals('1.3'))","OneOf(Equals('1.2'),Equals('1.3'))",Critical,Azure Local Member Server (domain joined),SecuritySettings,"Get-ItemProperty ""HKLM:\SYSTEM\CurrentControlSet\Control\SecurityProviders\SCHANNEL\Protocols\TLS 1.0\Client"" -Name ""Enabled""
Get-ItemProperty ""HKLM:\SYSTEM\CurrentControlSet\Control\SecurityProviders\SCHANNEL\Protocols\TLS 1.1\Client"" -Name ""Enabled""
Get-ItemProperty ""HKLM:\SYSTEM\CurrentControlSet\Control\SecurityProviders\SCHANNEL\Protocols\TLS 1.2\Client"" -Name ""Enabled""
Get-ItemProperty ""HKLM:\SYSTEM\CurrentControlSet\Control\SecurityProviders\SCHANNEL\Protocols\TLS 1.3\Client"" -Name ""Enabled""",Registry,1.1.5,"5.2 (IG1, IG2, IG3)",NA,CM-6,"Sets the minimum enabled TLS version (baseline 1.2), refusing downgrade to deprecated protocol versions vulnerable to known cryptographic attacks. Lowering the minimum re-permits deprecated TLS versions vulnerable to known cryptographic attacks.",Func:H / Sec:H — TLS/cipher changes may break WinRM HTTPS and inter-node encrypted traffic,Warning Allowed
OverrideMinimumEnabledTLSVersionServer,,,Override Minimum Enabled TLS Version Server,Configures 'Override Minimum Enabled TLS Version Server' per security baseline requirements to enforce organizational security policy.,,,,./Vendor/MSFT/Policy,Config/Cryptography/OverrideMinimumEnabledTLSVersionServer,String,1.2,"OneOf(Equals('1.1'),Equals('1.1'),Equals('1.2'),Equals('1.3'))","OneOf(Equals('1.2'),Equals('1.3'))",Critical,Azure Local Member Server (domain joined),SecuritySettings,"Get-ItemProperty ""HKLM:\SYSTEM\CurrentControlSet\Control\SecurityProviders\SCHANNEL\Protocols\TLS 1.0\Server"" -Name ""Enabled""
Get-ItemProperty ""HKLM:\SYSTEM\CurrentControlSet\Control\SecurityProviders\SCHANNEL\Protocols\TLS 1.1\Server"" -Name ""Enabled""
Get-ItemProperty ""HKLM:\SYSTEM\CurrentControlSet\Control\SecurityProviders\SCHANNEL\Protocols\TLS 1.2\Server"" -Name ""Enabled""
Get-ItemProperty ""HKLM:\SYSTEM\CurrentControlSet\Control\SecurityProviders\SCHANNEL\Protocols\TLS 1.3\Server"" -Name ""Enabled""",Registry,1.1.5,"5.2 (IG1, IG2, IG3)",NA,CM-6,"Sets the minimum enabled TLS version (baseline 1.2), refusing downgrade to deprecated protocol versions vulnerable to known cryptographic attacks. Lowering the minimum re-permits deprecated TLS versions vulnerable to known cryptographic attacks.",Func:H / Sec:H — TLS/cipher changes may break WinRM HTTPS and inter-node encrypted traffic,Warning Allowed
PowerShellExecutionPolicyEnableTranscripting,181da750-0ecf-4af3-8724-ab1d6718fd6b,AZ-WIN-202208,Turn on PowerShell Transcription,Configures 'Turn on PowerShell Transcription' per security baseline requirements to enforce organizational security policy.,HKLM:\SOFTWARE\Policies\Microsoft\Windows\PowerShell\Transcription,EnableTranscripting,REG_DWORD,,,,0,"Range(0, 1)",Equals(0),Warning,Azure Local Member Server (domain joined),SecuritySettings,"Get-ItemProperty ""HKLM:\SOFTWARE\Policies\Microsoft\Windows\PowerShell\Transcription"" -Name ""EnableTranscripting""",Registry,18.10.88.2,"8.8 (IG2, IG3)",WN25-CC-000530,AC-3,"Controls PowerShell transcription logging. As configured the baseline leaves transcription disabled (EnableTranscripting set to 0), so no PowerShell transcript is produced; where enabled, transcription records executed script content to support detection and investigation of scripting activity.",Func:L / Sec:L — Power management; rarely applies to server hardware,Warning Allowed
PowerShellScriptBlockLogging,b5c7204a-96b7-4fb9-a7fa-5201b89f5146,AZ-WIN-73591,Turn on PowerShell Script Block Logging,Turn on PowerShell Script Block Logging,HKLM:\SOFTWARE\Policies\Microsoft\Windows\PowerShell\ScriptBlockLogging,EnableScriptBlockLogging,REG_DWORD,,,,1,"Range(0, 1)",Equals(1),Important,Azure Local Member Server (domain joined),SecuritySettings,"Get-ItemProperty ""HKLM:\SOFTWARE\Policies\Microsoft\Windows\PowerShell\ScriptBlockLogging"" -Name ""EnableScriptBlockLogging""",Registry,18.10.88.1,"8.8 (IG2, IG3)",WN25-CC-000460,AU-3(1),"Enables PowerShell script-block logging, capturing executed code for detection and investigation of malicious or obfuscated scripting. Disabling script-block logging removes a key record of malicious or obfuscated scripting.",Func:L / Sec:L — Power management; rarely applies to server hardware,Warning Allowed
PreventUserPrinterDriverInstall,5502808d-7049-4378-b9f7-038b70777483,CCE-37942-0,Devices: Prevent users from installing printer drivers,Configures 'Devices: Prevent users from installing printer drivers' per security baseline requirements to enforce organizational security policy.,HKLM:\SYSTEM\CurrentControlSet\Control\Print\Providers\Lanman Print Services\Servers,AddPrinterDrivers,REG_DWORD,./Vendor/MSFT/Policy,Config/LocalPoliciesSecurityOptions/Devices_PreventUsersFromInstallingPrinterDriversWhenConnectingToSharedPrinters,Integer,1,"Range(0, 1)","OneOf(Equals(1), Equals(null))",Warning,Azure Local Member Server (domain joined),SecuritySettings,Get-ItemProperty 'HKLM:\SYSTEM\CurrentControlSet\Control\Print\Providers\Lanman Print Services\Servers' -Name 'AddPrinterDrivers',Security Options,2.3.4.1,6.8 (IG3),NA,"CM-6, CM-7, SI-7","Prevents non-administrators from installing printer drivers, closing a driver-based local privilege-escalation vector. Allowing user driver installs reopens a driver-based local privilege-escalation vector.",Func:L / Sec:L — Printer-driver policy; no cluster functional impact,Warning Allowed
PrintClientRPCAuth,TBD,TBD,Configure RPC connection settings:Authentication Protocol,"Enforces Kerberos authentication for RPC connections to print servers, preventing NTLM relay attacks.",HKLM:\SOFTWARE\Policies\Microsoft\Windows NT\Printers\RPC,RpcAuthentication,REG_DWORD,,,,1,"Range(0, 1)",Equals(1),Critical,Azure Local Member Server (domain joined),SecuritySettings,"Get-ItemProperty ""HKLM:\SOFTWARE\Policies\Microsoft\Windows NT\Printers\RPC"" -Name ""RpcAuthentication""",Registry,18.7.3,"3.10 (IG2, IG3)",NA,"IA-2, SC-8","RPC transport hardening 'Configure RPC connection settings:Authentication Protocol'. Enforces authenticated, privacy-protected RPC and constrains transport, reducing interception and unauthenticated interface access. Weakening RPC authentication permits interception and unauthenticated interface access.",Func:L / Sec:M — Print server/client policy; no cluster functional impact,Warning Allowed
PrintClientRPCProtocols,TBD,TBD,Configure RPC connection settings:RPCoverTCP,"Forces print RPC connections to use TCP instead of named pipes, reducing attack surface.",HKLM:\SOFTWARE\Policies\Microsoft\Windows NT\Printers\RPC,RpcUseNamedPipeProtocol,REG_DWORD,,,,0,"Range(0, 1)",Equals(0),Warning,Azure Local Member Server (domain joined),SecuritySettings,"Get-ItemProperty ""HKLM:\SOFTWARE\Policies\Microsoft\Windows NT\Printers\RPC"" -Name ""RpcUseNamedPipeProtocol""",Registry,18.7.4,"3.10 (IG2, IG3)",NA,"SC-8, SC-23","RPC transport hardening 'Configure RPC connection settings:RPCoverTCP'. Enforces authenticated, privacy-protected RPC and constrains transport, reducing interception and unauthenticated interface access. Relaxing the RPC transport constraint re-permits less-protected RPC-over-TCP exposure.",Func:L / Sec:M — Print server/client policy; no cluster functional impact,Warning Allowed
PrintersRestrictDriverToAdmins,514725e3-fa3e-4f3a-9d58-a31449937003,AZ-WIN-202202,Limits print driver installation to Administrators,Configures 'Limits print driver installation to Administrators' per security baseline requirements to enforce organizational security policy.,HKLM:\SOFTWARE\Policies\Microsoft\Windows NT\Printers\PointAndPrint,RestrictDriverInstallationToAdministrators,REG_DWORD,,,,1,"Range(0, 1)",Equals(1),Warning,Azure Local Member Server (domain joined),SecuritySettings,"Get-ItemProperty ""HKLM:\SOFTWARE\Policies\Microsoft\Windows NT\Printers\PointAndPrint"" -Name ""RestrictDriverInstallationToAdministrators""",Registry,18.7.10,Not Mapped,NA,"AC-2, AC-6, CM-6, CM-7, SI-7","Print-subsystem hardening 'Limits print driver installation to Administrators'. Restricts printer-driver installation and processing to trusted, administrator-controlled paths, so standard users cannot introduce unvetted spooler drivers. Allowing non-admins to install drivers reopens an unvetted spooler-driver vector.",Func:L / Sec:M — Print server/client policy; no cluster functional impact,Warning Allowed
PrintServerPPRestrictExisting,TBD,TBD,Point and Print Restrictions: When updating drivers for an existing connection,Requires elevation prompt when updating print drivers for existing Point and Print connections.,HKLM:\SOFTWARE\Policies\Microsoft\Windows NT\Printers\PointAndPrint,UpdatePromptSettings,REG_DWORD,,,,0,"Range(0, 1)",Equals(0),Warning,Azure Local Member Server (domain joined),SecuritySettings,"Get-ItemProperty ""HKLM:\SOFTWARE\Policies\Microsoft\Windows NT\Printers\PointAndPrint"" -Name ""UpdatePromptSettings""",Registry,18.7.10,"4.1 (IG1, IG2, IG3)",NA,"CM-6, CM-11","Print-subsystem hardening 'Point and Print Restrictions: When updating drivers for an existing connection'. Restricts printer-driver installation and processing to trusted, administrator-controlled paths, so standard users cannot introduce unvetted spooler drivers. Relaxing Point and Print restrictions lets non-admins fetch drivers when updating connections.",Func:L / Sec:M — Print server/client policy; no cluster functional impact,Warning Allowed
PrintServerPPRestrictNew,TBD,TBD,Point and Print Restrictions: When installing drivers for a new connection,Requires elevation prompt when installing print drivers for new Point and Print connections.,HKLM:\SOFTWARE\Policies\Microsoft\Windows NT\Printers\PointAndPrint,NoWarningNoElevationOnInstall,REG_DWORD,,,,0,"Range(0, 1)",Equals(0),Critical,Azure Local Member Server (domain joined),SecuritySettings,"Get-ItemProperty ""HKLM:\SOFTWARE\Policies\Microsoft\Windows NT\Printers\PointAndPrint"" -Name ""NoWarningNoElevationOnInstall""",Registry,18.7.9,"4.1 (IG1, IG2, IG3)",NA,"CM-6, CM-11","Print-subsystem hardening 'Point and Print Restrictions: When installing drivers for a new connection'. Restricts printer-driver installation and processing to trusted, administrator-controlled paths, so standard users cannot introduce unvetted spooler drivers. Relaxing Point and Print restrictions lets non-admins fetch drivers for new connections.",Func:L / Sec:M — Print server/client policy; no cluster functional impact,Warning Allowed
PrintServerQueueSpecificFiles,TBD,TBD,Manage processing of Queue-specific files,"Controls processing of queue-specific files by the Print Spooler, limiting file operations to prevent abuse.",HKLM:\SOFTWARE\Policies\Microsoft\Windows NT\Printers,CopyFilesPolicy,REG_DWORD,,,,1,"Range(0, 2)",Equals(1),Warning,Azure Local Member Server (domain joined),SecuritySettings,"Get-ItemProperty ""HKLM:\SOFTWARE\Policies\Microsoft\Windows NT\Printers"" -Name ""CopyFilesPolicy""",Registry,18.7.11,"10.5 (IG2, IG3)",NA,"CM-6, SI-16","Print-subsystem hardening 'Manage processing of Queue-specific files'. Restricts printer-driver installation and processing to trusted, administrator-controlled paths, so standard users cannot introduce unvetted spooler drivers. Relaxing queue-specific-file processing re-permits unvetted spooler payloads.",Func:L / Sec:M — Print server/client policy; no cluster functional impact,Warning Allowed
PrintServerRedirectionGuard,TBD,TBD,Configure Redirection Guard,Enables Redirection Guard for the Print Spooler to prevent printer driver redirection attacks.,HKLM:\SOFTWARE\Policies\Microsoft\Windows NT\Printers,RedirectionguardPolicy,REG_DWORD,,,,1,"Range(0, 2)",Equals(1),Critical,Azure Local Member Server (domain joined),SecuritySettings,"Get-ItemProperty ""HKLM:\SOFTWARE\Policies\Microsoft\Windows NT\Printers"" -Name ""RedirectionguardPolicy""",Registry,18.7.2,"10.5 (IG2, IG3)",NA,"CM-6, SI-16","Print-subsystem hardening 'Configure Redirection Guard'. Restricts printer-driver installation and processing to trusted, administrator-controlled paths, so standard users cannot introduce unvetted spooler drivers. Disabling Redirection Guard broadens spooler redirection exposure.",Func:L / Sec:M — Print server/client policy; no cluster functional impact,Warning Allowed
PrintServerRPCAuth,TBD,TBD,Configure RPC listener settings:Authentication Protocol,Forces Kerberos authentication for incoming RPC print connections on the server side.,HKLM:\SOFTWARE\Policies\Microsoft\Windows NT\Printers\RPC,ForceKerberosForRpc,REG_DWORD,,,,1,"Range(0, 1)",Equals(1),Critical,Azure Local Member Server (domain joined),SecuritySettings,"Get-ItemProperty ""HKLM:\SOFTWARE\Policies\Microsoft\Windows NT\Printers\RPC"" -Name ""ForceKerberosForRpc""",Registry,18.7.5,"3.10 (IG2, IG3)",NA,"IA-2, SC-8","RPC transport hardening 'Configure RPC listener settings:Authentication Protocol'. Enforces authenticated, privacy-protected RPC and constrains transport, reducing interception and unauthenticated interface access.",Func:L / Sec:M — Print server/client policy; no cluster functional impact,Warning Allowed
PrintServerRPCPrivacy,TBD,TBD,Configure RPC packet level privacy setting for incoming connections,Enforces RPC packet-level privacy (encryption) for incoming print connections.,HKLM:\SYSTEM\CurrentControlSet\Control\Print,RpcAuthnLevelPrivacyEnabled,REG_DWORD,,,,1,"Range(0, 1)",Equals(1),Critical,Azure Local Member Server (domain joined),SecuritySettings,"Get-ItemProperty ""HKLM:\SYSTEM\CurrentControlSet\Control\Print"" -Name ""RpcAuthnLevelPrivacyEnabled""",Registry,18.7.8,"3.10 (IG2, IG3)",NA,"SC-8, SC-13","RPC transport hardening 'Configure RPC packet level privacy setting for incoming connections'. Enforces authenticated, privacy-protected RPC and constrains transport, reducing interception and unauthenticated interface access. Disabling RPC packet privacy exposes print-RPC traffic to interception.",Func:L / Sec:M — Print server/client policy; no cluster functional impact,Warning Allowed
PrintServerRPCProtocols,TBD,TBD,Configure RPC listener settings:RPCoverTCP,"Configures which RPC protocols the print server listener accepts (TCP, named pipes, or both).",HKLM:\SOFTWARE\Policies\Microsoft\Windows NT\Printers\RPC,RpcProtocols,REG_DWORD,,,,5,"OneOf(Equals(3), Equals(5), Equals(7))",Equals(5),Important,Azure Local Member Server (domain joined),SecuritySettings,"Get-ItemProperty ""HKLM:\SOFTWARE\Policies\Microsoft\Windows NT\Printers\RPC"" -Name ""RpcProtocols""",Registry,18.7.6,"3.10 (IG2, IG3)",NA,"SC-8, SC-23","RPC transport hardening 'Configure RPC listener settings:RPCoverTCP'. Enforces authenticated, privacy-protected RPC and constrains transport, reducing interception and unauthenticated interface access. Relaxing the RPC transport constraint re-permits less-protected RPC-over-TCP exposure.",Func:L / Sec:M — Print server/client policy; no cluster functional impact,Warning Allowed
PrintServerRPCTCPPort,TBD,TBD,Configure RPC over TCP port,Configures the TCP port used for RPC print communications. Setting to 0 uses dynamic port allocation.,HKLM:\SOFTWARE\Policies\Microsoft\Windows NT\Printers\RPC,RpcTcpPort,REG_DWORD,,,,0,"Range(0, 65535)",Equals(0),Important,Azure Local Member Server (domain joined),SecuritySettings,"Get-ItemProperty ""HKLM:\SOFTWARE\Policies\Microsoft\Windows NT\Printers\RPC"" -Name ""RpcTcpPort""",Registry,18.7.7,"4.1 (IG1, IG2, IG3)",NA,"CM-6, CM-7","RPC transport hardening 'Configure RPC over TCP port'. Enforces authenticated, privacy-protected RPC and constrains transport, reducing interception and unauthenticated interface access. Changing the RPC port alters the constrained transport posture and can widen exposure.",Func:L / Sec:M — Print server/client policy; no cluster functional impact,Warning Allowed
PrivacyAllowInputPersonalization,11ca2201-2673-4f04-bad3-3265e1a53a5b,AZ-WIN-00168,Allow Input Personalization,Configures 'Allow Input Personalization' per security baseline requirements to enforce organizational security policy.,HKLM:\SOFTWARE\Policies\Microsoft\InputPersonalization,AllowInputPersonalization,REG_DWORD,./Vendor/MSFT/Policy,Config/Privacy/AllowInputPersonalization,Integer,0,"Range(0, 1)",Equals(0),Warning,Azure Local Member Server (domain joined),SecuritySettings,Get-ItemProperty 'HKLM:\SOFTWARE\Policies\Microsoft\InputPersonalization' -Name 'AllowInputPersonalization',Registry,18.1.2.2,"4.1 (IG1, IG2, IG3)",NA,"AC-2, AC-6","Disables input personalization (speech/inking/typing data collection), reducing off-host transmission of user input data. Re-enabling input personalization resumes off-host transmission of speech, inking, and typing data.",Func:L / Sec:L — Screen saver policy; low cluster impact,Warning Allowed
PromptUserToChangePasswordBeforeExpiration,032b9c30-0082-4199-b1ae-2f1fcafd59c6,CCE-10930-6,Interactive logon: Prompt user to change password before expiration,Configures 'Interactive logon: Prompt user to change password before expiration' per security baseline requirements to enforce organizational security policy.,HKLM:\SOFTWARE\Microsoft\Windows NT\CurrentVersion\WinLogon,PasswordExpiryWarning,REG_DWORD,./Vendor/MSFT/Policy,Config/LocalPoliciesSecurityOptions/InteractiveLogon_PromptUserToChangePasswordBeforeExpiration,Integer,14,"Range(5, 14)","Range(5, 14)",Informational,Azure Local Member Server (domain joined),SecuritySettings,Get-ItemProperty 'HKLM:\SOFTWARE\Microsoft\Windows NT\CurrentVersion\WinLogon' -Name 'PasswordExpiryWarning',Security Options,2.3.7.7,Not Mapped,NA,"AC-7, AU-12, IA-5","Warns users ahead of password expiry, reducing lockouts and account-recovery friction that can drive insecure workarounds. Removing the warning increases lockouts and recovery friction that can drive insecure workarounds.",Func:L / Sec:M — Password policy; no direct cluster functional impact,Warning Allowed
RDPPortNumber,ea1bbc42-7c24-4ced-8ea7-7b16ff4763b5,AZ-WIN-00156,Detect change from default RDP port,Configures 'Detect change from default RDP port' per security baseline requirements to enforce organizational security policy.,HKLM:\SYSTEM\CurrentControlSet\Control\Terminal Server\WinStations\RDP-Tcp,PortNumber,REG_DWORD,,,,3389,"Range(1024, 65535)",Equals(3389),Critical,Azure Local Member Server (domain joined),SecuritySettings,"Get-ItemProperty ""HKLM:\SYSTEM\CurrentControlSet\Control\Terminal Server\WinStations\RDP-Tcp"" -Name ""PortNumber""",Registry,NA,NA,NA,"AC-17, SC-8","Remote Desktop hardening 'Detect change from default RDP port'. Strengthens RDP session confidentiality, authentication (NLA), or resource-redirection limits, reducing remote-session interception, credential exposure, and data leakage. Disabling this removes detection of RDP listening-port drift from the default.",Func:M / Sec:M — RDP config affects remote admin access to nodes,Warning Allowed
RDPRequireSSL,TBD,TBD,Require use of specific security layer for remote (RDP) connections (SSL),"Requires TLS/SSL encryption for RDP connections, preventing credential interception and MITM attacks.",HKLM:\SOFTWARE\Policies\Microsoft\Windows NT\Terminal Services,SecurityLayer,REG_DWORD,,,,2,"Range(0, 2)",Equals(2),Critical,Azure Local Member Server (domain joined),SecuritySettings,"Get-ItemProperty ""HKLM:\SOFTWARE\Policies\Microsoft\Windows NT\Terminal Services"" -Name ""SecurityLayer""",Registry,18.10.57.3.9.3,"3.10 (IG2, IG3)",NA,"SC-8, SC-23","Remote Desktop hardening 'Require use of specific security layer for remote (RDP) connections (SSL)'. Strengthens RDP session confidentiality, authentication (NLA), or resource-redirection limits, reducing remote-session interception, credential exposure, and data leakage. Dropping the required SSL security layer exposes RDP sessions to interception.",Func:H / Sec:H — TLS/cipher changes may break WinRM HTTPS and inter-node encrypted traffic,Warning Allowed
RDSClientEncryptionLevel,93c677e7-e7c8-49c4-bb46-d40dad88f17b,CCE-36627-8,Set client connection encryption level,Configures 'Set client connection encryption level' per security baseline requirements to enforce organizational security policy.,HKLM:\SOFTWARE\Policies\Microsoft\Windows NT\Terminal Services,MinEncryptionLevel,REG_DWORD,,,,3,"Range(1,4)","Range(3,4)",Critical,Azure Local Member Server (domain joined),SecuritySettings,"Get-ItemProperty ""HKLM:\SOFTWARE\Policies\Microsoft\Windows NT\Terminal Services"" -Name ""MinEncryptionLevel""",Registry,18.10.57.3.9.5,"3.10 (IG2, IG3)",WN25-CC-000380,AC-17(2),"Remote Desktop hardening 'Set client connection encryption level'. Strengthens RDP session confidentiality, authentication (NLA), or resource-redirection limits, reducing remote-session interception, credential exposure, and data leakage. Lowering the encryption level weakens RDP session confidentiality.",Func:M / Sec:M — Remote Desktop config; affects remote admin access to cluster nodes,Warning Allowed
RDSDisallowDriveRedirection,3085af32-217a-4e4b-ba6c-a81c342f8d2c,AZ-WIN-73569,Do not allow drive redirection,Configures 'Do not allow drive redirection' per security baseline requirements to enforce organizational security policy.,HKLM:\SOFTWARE\Policies\Microsoft\Windows NT\Terminal Services,fDisableCdm,REG_DWORD,,,,1,"Range(0, 1)",Equals(1),Warning,Azure Local Member Server (domain joined),SecuritySettings,"Get-ItemProperty ""HKLM:\SOFTWARE\Policies\Microsoft\Windows NT\Terminal Services"" -Name ""fDisableCdm""",Registry,18.10.57.3.3.3,"4.8 (IG2, IG3)",WN25-CC-000350,SC-4,"Remote Desktop hardening 'Do not allow drive redirection'. Strengthens RDP session confidentiality, authentication (NLA), or resource-redirection limits, reducing remote-session interception, credential exposure, and data leakage. Allowing drive redirection increases RDP data-leakage exposure.",Func:M / Sec:M — Remote Desktop config; affects remote admin access to cluster nodes,Warning Allowed
RDSPromptForPassword,d9794f70-e03c-40e5-a812-d2878c0eb6d5,CCE-37929-7,Always prompt for password upon connection,Configures 'Always prompt for password upon connection' per security baseline requirements to enforce organizational security policy.,HKLM:\SOFTWARE\Policies\Microsoft\Windows NT\Terminal Services,fPromptForPassword,REG_DWORD,,,,1,"Range(0, 1)",Equals(1),Critical,Azure Local Member Server (domain joined),SecuritySettings,"Get-ItemProperty ""HKLM:\SOFTWARE\Policies\Microsoft\Windows NT\Terminal Services"" -Name ""fPromptForPassword""",Registry,18.10.57.3.9.1,Not Mapped,WN25-CC-000360,SC-11,"Remote Desktop hardening 'Always prompt for password upon connection'. Strengthens RDP session confidentiality, authentication (NLA), or resource-redirection limits, reducing remote-session interception, credential exposure, and data leakage. Not prompting for password lets cached credentials drive unattended RDP logon.",Func:L / Sec:M — Password policy; no direct cluster functional impact,Warning Allowed
RDSRequireSecureRPC,01d9a108-3379-4c5a-8236-1a724bcccff1,CCE-37567-5,Require secure RPC communication,Configures 'Require secure RPC communication' per security baseline requirements to enforce organizational security policy.,HKLM:\SOFTWARE\Policies\Microsoft\Windows NT\Terminal Services,fEncryptRPCTraffic,REG_DWORD,,,,1,"Range(0, 1)",Equals(1),Critical,Azure Local Member Server (domain joined),SecuritySettings,"Get-ItemProperty ""HKLM:\SOFTWARE\Policies\Microsoft\Windows NT\Terminal Services"" -Name ""fEncryptRPCTraffic""",Registry,18.10.57.3.9.2,13.10 (IG3),WN25-CC-000370,AC-17(2),"Remote Desktop hardening 'Require secure RPC communication'. Strengthens RDP session confidentiality, authentication (NLA), or resource-redirection limits, reducing remote-session interception, credential exposure, and data leakage. Disabling secure RPC permits unauthenticated or unencrypted RDP RPC.",Func:M / Sec:M — Remote Desktop config; affects remote admin access to cluster nodes,Warning Allowed
RDSTempFolderDelete,28b43132-0b7f-4839-9116-8c33ac9ee424,CCE-37946-1,Do not delete temp folders upon exit,Configures 'Do not delete temp folders upon exit' per security baseline requirements to enforce organizational security policy.,HKLM:\SOFTWARE\Policies\Microsoft\Windows NT\Terminal Services,DeleteTempDirsOnExit,REG_DWORD,,,,1,"Range(0, 1)",Equals(1),Warning,Azure Local Member Server (domain joined),SecuritySettings,"Get-ItemProperty ""HKLM:\SOFTWARE\Policies\Microsoft\Windows NT\Terminal Services"" -Name ""DeleteTempDirsOnExit""",Registry,18.10.57.3.11.1,"3.4 (IG1, IG2, IG3)",NA,CM-6,"Remote Desktop hardening 'Do not delete temp folders upon exit'. Strengthens RDP session confidentiality, authentication (NLA), or resource-redirection limits, reducing remote-session interception, credential exposure, and data leakage. Retaining per-session temp folders leaves session data on disk after logoff.",Func:M / Sec:M — Remote Desktop config; affects remote admin access to cluster nodes,Warning Allowed
RDSTempFolderPerSession,832730a2-cc1f-4f77-bb8c-6315d210666f,CCE-38180-6,Do not use temporary folders per session,Configures 'Do not use temporary folders per session' per security baseline requirements to enforce organizational security policy.,HKLM:\SOFTWARE\Policies\Microsoft\Windows NT\Terminal Services,PerSessionTempDir,REG_DWORD,,,,1,"Range(0, 1)",Equals(1),Critical,Azure Local Member Server (domain joined),SecuritySettings,"Get-ItemProperty ""HKLM:\SOFTWARE\Policies\Microsoft\Windows NT\Terminal Services"" -Name ""PerSessionTempDir""",Registry,18.10.57.3.11.2,"3.4 (IG1, IG2, IG3)",NA,CM-6,"Remote Desktop hardening 'Do not use temporary folders per session'. Strengthens RDP session confidentiality, authentication (NLA), or resource-redirection limits, reducing remote-session interception, credential exposure, and data leakage. Sharing temp folders across sessions can leak data between RDP sessions.",Func:M / Sec:M — Remote Desktop config; affects remote admin access to cluster nodes,Warning Allowed
RDSUserAuthPolicy,a5a0d2d3-909d-4954-a083-4fb40fcdc181,AZ-WIN-00149,Require user authentication for remote connections by using Network Level Authentication,Configures 'Require user authentication for remote connections by using Network Level Authentication' per security baseline requirements to enforce organizational security policy.,HKLM:\SOFTWARE\Policies\Microsoft\Windows NT\Terminal Services,UserAuthentication,REG_DWORD,,,,1,"Range(0, 1)",Equals(1),Critical,Azure Local Member Server (domain joined),SecuritySettings,"Get-ItemProperty ""HKLM:\SOFTWARE\Policies\Microsoft\Windows NT\Terminal Services"" -Name ""UserAuthentication""",Registry,18.10.57.3.9.4,"3.10 (IG2, IG3)",NA,CM-6,"Remote Desktop hardening 'Require user authentication for remote connections by using Network Level Authentication'. Strengthens RDP session confidentiality, authentication (NLA), or resource-redirection limits, reducing remote-session interception, credential exposure, and data leakage. Disabling Network Level Authentication exposes the RDP listener to pre-auth connection attempts.",Func:M / Sec:M — Remote Desktop config; affects remote admin access to cluster nodes,Warning Allowed
RecoveryConsoleAllowFloppyCopyAndAllDrives,f930f193-62e5-42f8-95b7-3bcda57a2d77,AZ-WIN-00148,Recovery console: Allow floppy copy and access to all drives and all folders,Configures 'Recovery console: Allow floppy copy and access to all drives and all folders' per security baseline requirements to enforce organizational security policy.,HKLM:\SOFTWARE\Microsoft\Windows NT\CurrentVersion\Setup\RecoveryConsole,SetCommand,REG_DWORD,./Vendor/MSFT/Policy,Config/LocalPoliciesSecurityOptions/RecoveryConsole_AllowFloppyCopyAndAccessToAllDrivesAndAllFolders,Integer,0,"Range(0, 1)",Equals(0),Critical,Azure Local Member Server (domain joined),SecuritySettings,Get-ItemProperty 'HKLM:\SOFTWARE\Microsoft\Windows NT\CurrentVersion\Setup\RecoveryConsole' -Name 'SetCommand',Security Options,NA,NA,NA,"AC-2, AC-6, CM-6, CP-10","Keeps Recovery Console drive/folder access restricted (baseline does NOT broaden it), limiting offline data access via the recovery environment. Broadening Recovery Console access enables offline data access via the recovery environment.",Func:L / Sec:M — Recovery console policy; rarely used on Azure Local,Warning Allowed
RemoteAssistanceSolicitedRemoteAssistance,b17eabc0-5d73-4861-acc8-d5b97bc53f12,CCE-37281-3,Configure Solicited Remote Assistance,Configures 'Configure Solicited Remote Assistance' per security baseline requirements to enforce organizational security policy.,HKLM:\SOFTWARE\Policies\Microsoft\Windows NT\Terminal Services,fAllowToGetHelp,REG_DWORD,,,,0,"Range(0, 1)",Equals(0),Critical,Azure Local Member Server (domain joined),SecuritySettings,"Get-ItemProperty ""HKLM:\SOFTWARE\Policies\Microsoft\Windows NT\Terminal Services"" -Name ""fAllowToGetHelp""",Registry,18.9.37.2,"4.8 (IG2, IG3)",NA,CM-6,"Remote Assistance control 'Configure Solicited Remote Assistance'. The baseline disables solicited/offer Remote Assistance, removing an interactive remote-control channel that can be socially engineered for access. Re-enabling solicited Remote Assistance restores an interactive remote-control channel open to social engineering.",Func:L / Sec:L — Remote Assistance; low cluster impact,Warning Allowed
RemoteAssistanceUnsolicitedRemoteAssistance,7450d70c-391d-4932-be4a-3f3bfecc0eb5,CCE-36388-7,Configure Offer Remote Assistance,Configures 'Configure Offer Remote Assistance' per security baseline requirements to enforce organizational security policy.,HKLM:\SOFTWARE\Policies\Microsoft\Windows NT\Terminal Services,fAllowUnsolicited,REG_DWORD,,,,0,"Range(0, 1)","OneOf(Equals(0), Equals(null))",Warning,Azure Local Member Server (domain joined),SecuritySettings,"Get-ItemProperty ""HKLM:\SOFTWARE\Policies\Microsoft\Windows NT\Terminal Services"" -Name ""fAllowUnsolicited""",Registry,18.9.37.1,"4.8 (IG2, IG3)",NA,CM-6,"Remote Assistance control 'Configure Offer Remote Assistance'. The baseline disables solicited/offer Remote Assistance, removing an interactive remote-control channel that can be socially engineered for access. Re-enabling offer Remote Assistance restores an unsolicited remote-control channel open to social engineering.",Func:L / Sec:L — Remote Assistance; low cluster impact,Warning Allowed
RemoteDesktopServicesDoNotAllowPasswordSaving,0979b47f-fbbf-46ad-8def-768256fa012a,CCE-36223-6,Do not allow passwords to be saved,Configures 'Do not allow passwords to be saved' per security baseline requirements to enforce organizational security policy.,HKLM:\SOFTWARE\Policies\Microsoft\Windows NT\Terminal Services,DisablePasswordSaving,REG_DWORD,,,,1,"Range(0, 1)",Equals(1),Critical,Azure Local Member Server (domain joined),SecuritySettings,"Get-ItemProperty ""HKLM:\SOFTWARE\Policies\Microsoft\Windows NT\Terminal Services"" -Name ""DisablePasswordSaving""",Registry,18.10.57.2.2,"4.8 (IG2, IG3)",WN25-CC-000340,SC-11,"Remote Desktop hardening 'Do not allow passwords to be saved'. Strengthens RDP session confidentiality, authentication (NLA), or resource-redirection limits, reducing remote-session interception, credential exposure, and data leakage. Allowing saved RDP passwords leaves reusable credentials on the client.",Func:M / Sec:M — RDP config affects remote admin access to nodes,Warning Allowed
RemotelyAccessibleRegistryPaths,116b0718-b9fb-4b6f-855d-05c6ca97369e,CCE-37194-8,Network access: Remotely accessible registry paths,Configures 'Network access: Remotely accessible registry paths' per security baseline requirements to enforce organizational security policy.,HKLM:\SYSTEM\CurrentControlSet\Control\SecurePipeServers\WinReg\AllowedExactPaths,Machine,REG_MULTI_SZ,./Vendor/MSFT/Policy,Config/LocalPoliciesSecurityOptions/NetworkAccess_RemotelyAccessibleRegistryPaths,MultiString,"System\CurrentControlSet\Control\ProductOptions,System\CurrentControlSet\Control\Server Applications,Software\Microsoft\Windows NT\CurrentVersion","AllOf(Pattern('^[\w\s\\\.]+(,[\w\s\\\.]+)*$'))","OneOf(Equals('System\CurrentControlSet\Control\ProductOptions,System\CurrentControlSet\Control\Server Applications,Software\Microsoft\Windows NT\CurrentVersion'), Equals(''))",Critical,Azure Local Member Server (domain joined),SecuritySettings,Get-ItemProperty 'HKLM:\SYSTEM\CurrentControlSet\Control\SecurePipeServers\WinReg\AllowedExactPaths' -Name 'Machine',Security Options,2.3.10.8,Not Mapped,NA,"AC-17, SC-7","Defines which registry paths are reachable remotely 'Network access: Remotely accessible registry paths'. Constrains remote registry exposure to the approved system paths, limiting remote reconnaissance and tampering. Broadening remotely accessible registry paths widens remote reconnaissance and tampering surface.",Func:L / Sec:H — Anonymous access control; changing exposes enumeration surface,Warning Allowed
RemotelyAccessibleRegistryPathsAndSubpaths,e261ce65-922a-4573-b2f4-eaf7633cd97c,CCE-36347-3,Network access: Remotely accessible registry paths and sub-paths,Configures 'Network access: Remotely accessible registry paths and sub-paths' per security baseline requirements to enforce organizational security policy.,HKLM:\SYSTEM\CurrentControlSet\Control\SecurePipeServers\WinReg\AllowedPaths,Machine,REG_MULTI_SZ,./Vendor/MSFT/Policy,Config/LocalPoliciesSecurityOptions/NetworkAccess_RemotelyAccessibleRegistryPathsAndSubpaths,MultiString,"System\CurrentControlSet\Control\Print\Printers,System\CurrentControlSet\Services\Eventlog,Software\Microsoft\OLAP Server,Software\Microsoft\Windows NT\CurrentVersion\Print,Software\Microsoft\Windows NT\CurrentVersion\Windows,System\CurrentControlSet\Control\ContentIndex,System\CurrentControlSet\Control\Terminal Server,System\CurrentControlSet\Control\Terminal Server\UserConfig,System\CurrentControlSet\Control\Terminal Server\DefaultUserConfiguration,Software\Microsoft\Windows NT\CurrentVersion\Perflib,System\CurrentControlSet\Services\SysmonLog","AllOf(Pattern('^[\w\s\\\.]+(,[\w\s\\\.]+)*$'))","OneOf(Equals('System\CurrentControlSet\Control\Print\Printers,System\CurrentControlSet\Services\Eventlog,Software\Microsoft\OLAP Server,Software\Microsoft\Windows NT\CurrentVersion\Print,Software\Microsoft\Windows NT\CurrentVersion\Windows,System\CurrentControlSet\Control\ContentIndex,System\CurrentControlSet\Control\Terminal Server,System\CurrentControlSet\Control\Terminal Server\UserConfig,System\CurrentControlSet\Control\Terminal Server\DefaultUserConfiguration,Software\Microsoft\Windows NT\CurrentVersion\Perflib,System\CurrentControlSet\Services\SysmonLog'), Equals(''))",Critical,Azure Local Member Server (domain joined),SecuritySettings,Get-ItemProperty 'HKLM:\SYSTEM\CurrentControlSet\Control\SecurePipeServers\WinReg\AllowedPaths' -Name 'Machine',Security Options,2.3.10.8,Not Mapped,NA,"AC-17, SC-7","Defines which registry paths are reachable remotely 'Network access: Remotely accessible registry paths and sub-paths'. Constrains remote registry exposure to the approved system paths, limiting remote reconnaissance and tampering. Broadening remotely accessible registry paths and sub-paths widens remote reconnaissance and tampering surface.",Func:L / Sec:H — Anonymous access control; changing exposes enumeration surface,Warning Allowed
RemoteManagementAllowRemoteServerManagement,,,Allow remote server management through WinRM,Configures 'Allow remote server management through WinRM' per security baseline requirements to enforce organizational security policy.,HKLM:\SOFTWARE\Policies\Microsoft\Windows\WinRM\Service,AllowAutoConfig,REG_DWORD,,,,1,"Range(0, 1)",Equals(1),Informational,Azure Local Member Server (domain joined),SecuritySettings,"Get-ItemProperty ""HKLM:\SOFTWARE\Policies\Microsoft\Windows\WinRM\Service"" -Name ""AllowAutoConfig""",Registry,18.10.90.2.2,"4.8 (IG2, IG3)",WN25-CC-000480,MA-4(6),"Configures WinRM remote-management behavior consistent with secure, encrypted, authenticated administration. Changing WinRM behavior away from the secure, encrypted, authenticated baseline can weaken remote administration.",Func:Critical / Sec:M — Disabling breaks all remote PowerShell management of cluster nodes,Blocked
RemoteManagementDisallowDigestAuthentication,34edb7eb-697c-4be9-8830-5aa5b031372e,CCE-38318-2,Remote management (WinRM) Disallow Digest authentication,Configures 'Remote management (WinRM) Disallow Digest authentication' per security baseline requirements to enforce organizational security policy.,HKLM:\SOFTWARE\Policies\Microsoft\Windows\WinRM\Client,AllowDigest,REG_DWORD,,,,0,"Range(0, 1)",Equals(0),Critical,Azure Local Member Server (domain joined),SecuritySettings,"Get-ItemProperty ""HKLM:\SOFTWARE\Policies\Microsoft\Windows\WinRM\Client"" -Name ""AllowDigest""",Registry,18.10.90.1.3,"3.10 (IG2, IG3)",WN25-CC-000490,MA-4,"Disables WinRM Digest authentication, removing a weaker client auth option for remote management. Re-enabling WinRM Digest authentication restores a weaker client auth option.",Func:M / Sec:M — WinRM auth method restriction; affects management connectivity,Warning Allowed
RenameAdministratorAccount,e8b0cc71-407d-4de9-a8db-4c60ef3ac70a,CCE-10976-9,Accounts: Rename administrator account,Renames the built-in Administrator account (RID 500) to obscure it from targeted brute-force attacks and automated malware.,,,,./Vendor/MSFT/Policy,Config/LocalPoliciesSecurityOptions/Accounts_RenameAdministratorAccount,String,ASBuiltInAdmin,"AllOf(Pattern('^[^\""\\/\[\]:;|=,+*?<>]{1,20}$'))","Not(OneOf(Equals('Administrator'), Equals(''), Equals(null)))",Warning,Azure Local Member Server (domain joined),SecuritySettings,secedit /export /cfg $env:TEMP\secpol.cfg /quiet; (Select-String 'NewAdministratorName' $env:TEMP\secpol.cfg).Line,Security Policy,2.3.1.3,"4.7 (IG1, IG2, IG3)",WN25-SO-000030,CM-6,Account-rename control 'Accounts: Rename administrator account'. Renaming well-known accounts removes the default name attackers target in guessing and spray attacks. Reverting to the default Administrator name restores the well-known target for guessing and spray attacks.,Func:L / Sec:M — Account rename; no cluster functional impact,Warning Allowed
RenameGuestAccount,a1272685-6a0d-4008-9d40-fc5c83a8fd8f,AZ-WIN-202255,Accounts: Rename guest account,Renames the built-in Guest account to obscure it from targeted attacks attempting to leverage default account names.,,,,./Vendor/MSFT/Policy,Config/LocalPoliciesSecurityOptions/Accounts_RenameGuestAccount,String,ASBuiltInGuest,"AllOf(Pattern('^[^\""\\/\[\]:;|=,+*?<>]{1,20}$'))","Not(OneOf(Equals('Guest'), Equals(''), Equals(null)))",Warning,Azure Local Member Server (domain joined),SecuritySettings,secedit /export /cfg $env:TEMP\secpol.cfg /quiet; (Select-String 'NewGuestName' $env:TEMP\secpol.cfg).Line,Security Policy,2.3.1.4,"4.7 (IG1, IG2, IG3)",WN25-SO-000040,CM-6,Account-rename control 'Accounts: Rename guest account'. Renaming well-known accounts removes the default name attackers target in guessing and spray attacks. Reverting to the default Guest name restores the well-known target for guessing and spray attacks.,Func:L / Sec:H — Guest account; enabling is a significant security risk,Warning Allowed
RequireCaseInsensitivitySubsys,0be33574-5e6c-4cfe-8b84-18819338eb6e,CCE-37885-1,System objects: Require case insensitivity for non-Windows subsystems,Configures 'System objects: Require case insensitivity for non-Windows subsystems' per security baseline requirements to enforce organizational security policy.,HKLM:\SYSTEM\CurrentControlSet\Control\Session Manager\Kernel,ObCaseInsensitive,REG_DWORD,./Vendor/MSFT/Policy,Config/LocalPoliciesSecurityOptions/SystemObjects_RequireCaseInsensitivityForNonWindowsSubsystems,Integer,1,"Range(0, 1)","OneOf(Equals(1), Equals(null))",Warning,Azure Local Member Server (domain joined),SecuritySettings,Get-ItemProperty 'HKLM:\SYSTEM\CurrentControlSet\Control\Session Manager\Kernel' -Name 'ObCaseInsensitive',Security Options,2.3.15.1,Not Mapped,NA,"AC-3, CM-6","Enforces case insensitivity for non-Windows subsystems, preventing case-based access-control bypass on objects. Disabling enforced case insensitivity reopens case-based access-control bypass on objects.",Func:L / Sec:L — Subsystem case-sensitivity policy; no cluster functional impact,Warning Allowed
RequireDomainControllerAuthenticationToUnlock,,,Interactive logon: Require Domain Controller authentication to unlock workstation,"Requires domain controller authentication to unlock a workstation, preventing use of cached credentials for unlock.",HKLM:\SOFTWARE\Microsoft\Windows NT\CurrentVersion\Winlogon,ForceUnlockLogon,REG_DWORD,,,,1,"Range(0, 1)",Equals(1),Critical,Azure Local Member Server (domain joined),SecuritySettings,"Get-ItemProperty ""HKLM:\SOFTWARE\Microsoft\Windows NT\CurrentVersion\Winlogon"" -Name ""ForceUnlockLogon""",Registry,2.3.7.2,"3.11 (IG1, IG2, IG3)",NA,IA-2,Azure Local applies 'Interactive logon: Require Domain Controller authentication to unlock workstation' (ForceUnlockLogon = 1) as part of the in-box security baseline. The setting is already in effect; deviating from the configured value relaxes the hardened behavior for this control. Validate the operational need before changing it on a clustered node.,Func:H / Sec:M — DC authentication requirement; DC unreachable = admin lockout,Warning Allowed
RequireEncryption,,,Require Encryption,Configures 'Require Encryption' per security baseline requirements to enforce organizational security policy.,HKLM:\SOFTWARE\Policies\Microsoft\Windows\LanmanWorkstation,RequireEncryption,REG_DWORD,,,,0,"Range(0, 1)","Range(0, 1)",Warning,Azure Local Member Server (domain joined),SecuritySettings,"Get-ItemProperty ""HKLM:\SOFTWARE\Policies\Microsoft\Windows\LanmanWorkstation"" -Name ""RequireEncryption""",Registry,18.6.8.7,"3.10 (IG2, IG3)",NA,"SC-13, SC-28","Requires encryption for the associated remote/management channel, protecting session data in transit from interception. Disabling required encryption exposes the channel's session data to interception.",Func:L / Sec:L — Toggle: SMBEncryption — Tested and offered via Enable/Disable-AzsSecurity,Toggle Allowed
RequireStrongSessionKey,ed9a6795-2803-4b77-9fc8-04f74aef49ed,CCE-37614-5,Domain member: Require strong (Windows 2000 or later) session key,Configures 'Domain member: Require strong (Windows 2000 or later) session key' per security baseline requirements to enforce organizational security policy.,HKLM:\SYSTEM\CurrentControlSet\Services\Netlogon\Parameters,RequireStrongKey,REG_DWORD,./Vendor/MSFT/Policy,Config/LocalPoliciesSecurityOptions/DomainMember_RequireStrongSessionKey,Integer,1,"Range(0, 1)",Equals(1),Critical,Azure Local Member Server (domain joined),SecuritySettings,Get-ItemProperty 'HKLM:\SYSTEM\CurrentControlSet\Services\Netlogon\Parameters' -Name 'RequireStrongKey',Security Options,2.3.6.6,"3.10 (IG2, IG3)",WN25-SO-000110,"SC-8, SC-8(1)","Domain-member secure-channel control 'Domain member: Require strong (Windows 2000 or later) session key'. Protects the machine-account secure channel to the domain (signing/encryption, key strength, password rotation) against tampering and replay. Allowing weak session keys weakens secure-channel encryption against tampering and replay.",Func:L / Sec:M — Logon/session behavior; no direct cluster impact,Warning Allowed
RestrictAnonymousAccessToNamedPipesAndShares,f55109a7-2248-4c55-a7b0-bebdcb9530d5,CCE-36021-4,Network access: Restrict anonymous access to Named Pipes and Shares,Configures 'Network access: Restrict anonymous access to Named Pipes and Shares' per security baseline requirements to enforce organizational security policy.,HKLM:\SYSTEM\CurrentControlSet\Services\LanmanServer\Parameters,RestrictNullSessAccess,REG_DWORD,./Vendor/MSFT/Policy,Config/LocalPoliciesSecurityOptions/NetworkAccess_RestrictAnonymousAccessToNamedPipesAndShares,Integer,1,"Range(0, 1)","OneOf(Equals(1), Equals(null))",Critical,Azure Local Member Server (domain joined),SecuritySettings,Get-ItemProperty 'HKLM:\SYSTEM\CurrentControlSet\Services\LanmanServer\Parameters' -Name 'RestrictNullSessAccess',Security Options,2.3.10.10,Not Mapped,WN25-SO-000250,SC-4,"Restricts anonymous access to named pipes and shares, closing a classic null-session vector for unauthenticated reconnaissance and data access. Relaxing the restriction reopens the null-session vector for unauthenticated reconnaissance and data access.",Func:L / Sec:H — Anonymous access control; changing exposes enumeration surface,Warning Allowed
RestrictClientsAllowedToMakeRemoteCallsToSAM,e4c0c45f-6a72-4e66-b792-32a4ebf36f1c,AZ-WIN-00142,Network access: Restrict clients allowed to make remote calls to SAM,Configures 'Network access: Restrict clients allowed to make remote calls to SAM' per security baseline requirements to enforce organizational security policy.,HKLM:\SYSTEM\CurrentControlSet\Control\Lsa,RestrictRemoteSAM,REG_SZ,./Vendor/MSFT/Policy,Config/LocalPoliciesSecurityOptions/NetworkAccess_RestrictClientsAllowedToMakeRemoteCallsToSAM,String,O:BAG:BAD:(A;;RC;;;BA),"OneOf(Equals(''), Equals(null), AllOf(Pattern('^O:[\w\-]+G:[\w\-]+D:(\([AD];[^)]*\))+$')))","OneOf(Equals('O:BAG:BAD:(A;;RC;;;BA)'), Equals(''))",Critical,Azure Local Member Server (domain joined),SecuritySettings,Get-ItemProperty 'HKLM:\SYSTEM\CurrentControlSet\Control\Lsa' -Name 'RestrictRemoteSAM',Security Options,2.3.10.11,Not Mapped,WN25-MS-000060,AC-6(10),"Restricts which clients may make remote SAM calls via a security descriptor, limiting remote account enumeration to authorized principals (typically Administrators). Broadening allowed clients reopens remote SAM account enumeration to unauthorized principals.",Func:M / Sec:H — SAM remote access restriction; changing exposes account enumeration,Warning Allowed
RestrictNTLMAuditIncomingNTLMTraffic,TBD,TBD,Network security: Restrict NTLM: Audit Incoming NTLM Traffic,"Enables auditing of all incoming NTLM authentication traffic, providing visibility into legacy protocol usage.",HKLM:\SYSTEM\CurrentControlSet\Control\Lsa\MSV1_0,AuditReceivingNTLMTraffic,REG_DWORD,,,,2,"Range(0, 2)",Equals(2),Informational,Azure Local Member Server (domain joined),SecuritySettings,"Get-ItemProperty ""HKLM:\SYSTEM\CurrentControlSet\Control\Lsa\MSV1_0"" -Name ""AuditReceivingNTLMTraffic""",Registry,2.3.11.11,"8.5 (IG2, IG3)",NA,"AC-2, AU-12",Part of the Restrict-NTLM control set: audits or constrains NTLM authentication so Kerberos is preferred and NTLM relay exposure is reduced. Audit values record NTLM usage for migration planning. Disabling NTLM-incoming auditing removes visibility into NTLM usage needed for relay-exposure tracking and migration.,Func:H / Sec:H — Authentication protocol change may break inter-node cluster auth,Warning Allowed
RestrictNTLMOutgoingTraffic,TBD,TBD,Network security: Restrict NTLM: Outgoing NTLM traffic to remote servers,Controls NTLM authentication traffic to remote servers. Audit or higher enables monitoring of NTLM usage.,HKLM:\SYSTEM\CurrentControlSet\Control\Lsa\MSV1_0,RestrictSendingNTLMTraffic,REG_DWORD,,,,1,"Range(0, 2)","OneOf(Equals(1), Equals(2))",Critical,Azure Local Member Server (domain joined),SecuritySettings,"Get-ItemProperty ""HKLM:\SYSTEM\CurrentControlSet\Control\Lsa\MSV1_0"" -Name ""RestrictSendingNTLMTraffic""",Registry,2.3.11.13,"8.5 (IG2, IG3)",NA,"AC-2, AU-12, IA-2","Part of the Restrict-NTLM control set: audits or constrains NTLM authentication so Kerberos is preferred and NTLM relay exposure is reduced. Audit values record NTLM usage for migration planning. Relaxing the outgoing-NTLM restriction re-permits NTLM where Kerberos is preferred, widening relay exposure.",Func:H / Sec:H — Authentication protocol change may break inter-node cluster auth,Warning Allowed
RPCRestrictUnauthClients,584c59d1-f9fd-492a-a28e-95ba408b5078,AZ-WIN-73541,Restrict Unauthenticated RPC clients,Configures 'Restrict Unauthenticated RPC clients' per security baseline requirements to enforce organizational security policy.,HKLM:\SOFTWARE\Policies\Microsoft\Windows NT\Rpc,RestrictRemoteClients,REG_DWORD,,,,1,"Range(0, 1)",Equals(1),Critical,Azure Local Member Server (domain joined),SecuritySettings,"Get-ItemProperty ""HKLM:\SOFTWARE\Policies\Microsoft\Windows NT\Rpc"" -Name ""RestrictRemoteClients""",Registry,18.9.38.2,Not Mapped,WN25-MS-000040,IA-3(1),"Restricts unauthenticated RPC clients, requiring authentication before RPC interface access and reducing anonymous RPC abuse. Allowing unauthenticated RPC clients reopens anonymous RPC interface abuse.",Func:M / Sec:M — RPC authentication/restriction; may affect remote management,Warning Allowed
RunAllAdministratorsInAdminApprovalMode,1d099cbe-a327-42cd-9562-9896389c4263,CCE-36869-6,User Account Control: Run all administrators in Admin Approval Mode,Configures 'User Account Control: Run all administrators in Admin Approval Mode' per security baseline requirements to enforce organizational security policy.,HKLM:\SOFTWARE\Microsoft\Windows\CurrentVersion\Policies\System,EnableLUA,REG_DWORD,./Vendor/MSFT/Policy,Config/LocalPoliciesSecurityOptions/UserAccountControl_RunAllAdministratorsInAdminApprovalMode,Integer,1,"Range(0, 1)",Equals(1),Critical,Azure Local Member Server (domain joined),SecuritySettings,Get-ItemProperty 'HKLM:\SOFTWARE\Microsoft\Windows\CurrentVersion\Policies\System' -Name 'EnableLUA',Security Options,2.3.17.6,Not Mapped,WN25-SO-000440,SC-11,"User Account Control control 'User Account Control: Run all administrators in Admin Approval Mode'. Maintains admin-approval elevation, secure-desktop prompting, installer detection, or token filtering that constrains silent privilege elevation by malware. Disabling Admin Approval Mode removes elevation prompting, allowing silent privilege elevation by malware.",Func:M / Sec:H — UAC enforcement affects service elevation; disabling is a security risk,Warning Allowed
SafeDllSearchMode,e1b7d5ea-8e40-47ae-b53e-910959c6649e,AZ-WIN-202215,Enable Safe DLL search mode,Configures 'Enable Safe DLL search mode' per security baseline requirements to enforce organizational security policy.,HKLM:\SYSTEM\CurrentControlSet\Control\Session Manager,SafeDllSearchMode,REG_DWORD,,,,1,"Range(0, 1)",Equals(1),Warning,Azure Local Member Server (domain joined),SecuritySettings,"Get-ItemProperty ""HKLM:\SYSTEM\CurrentControlSet\Control\Session Manager"" -Name ""SafeDllSearchMode""",Registry,18.5.8,"10.5 (IG2, IG3)",NA,CM-6,"Legacy MSS network/kernel hardening '(SafeDllSearchMode) Enable Safe DLL search mode (recommended)'. Tightens older TCP/IP and DLL-search behaviors (source routing, NetBIOS name release, DLL search order) to the recommended safer values. Disabling Safe DLL search mode reopens DLL-search-order hijacking.","Func:L / Sec:L — DLL-search hardening; standard protection, no functional impact",Warning Allowed
SAMRPCPasswordChangePolicy,,,Configure SAM change password RPC methods policy,Configures 'Configure SAM change password RPC methods policy' per security baseline requirements to enforce organizational security policy.,HKLM:\SOFTWARE\Microsoft\Windows\CurrentVersion\Policies\System\SAM,SamrChangeUserPasswordApiPolicy,REG_DWORD,,,,1,"Range(0, 2)",Equals(1),Critical,Azure Local Member Server (domain joined),SecuritySettings,"Get-ItemProperty ""HKLM:\SOFTWARE\Microsoft\Windows\CurrentVersion\Policies\System\SAM"" -Name ""SamrChangeUserPasswordApiPolicy""",Registry,18.9.41.3,Not Mapped,NA,"AC-3, IA-2, IA-5, SC-8","Restricts the legacy SAM RPC password-change methods, reducing an older remote credential-manipulation surface. Relaxing the policy reopens the legacy SAM RPC remote credential-change surface.",Func:L / Sec:M — Password policy; no direct cluster functional impact,Warning Allowed
SearchAllowIndexingEncryptedStoresOrItems,484c747f-1418-4c27-a944-c3b1e1690b33,CCE-38277-0,Allow indexing of encrypted files,Configures 'Allow indexing of encrypted files' per security baseline requirements to enforce organizational security policy.,HKLM:\SOFTWARE\Policies\Microsoft\Windows\Windows Search,AllowIndexingEncryptedStoresOrItems,REG_DWORD,,,,0,"Range(0, 1)","OneOf(Equals(0), Equals(null))",Warning,Azure Local Member Server (domain joined),SecuritySettings,"Get-ItemProperty ""HKLM:\SOFTWARE\Policies\Microsoft\Windows\Windows Search"" -Name ""AllowIndexingEncryptedStoresOrItems""",Registry,18.10.59.3,"4.8 (IG2, IG3)",WN25-CC-000410,CM-7,"Disables Windows Search indexing of encrypted files, preventing plaintext-derived index content from being stored outside the encrypted container. Enabling indexing of encrypted files writes plaintext-derived index content outside the encrypted container.",Func:L / Sec:L — Search-indexing policy; affects encrypted-file indexing only,Warning Allowed
SendUnencryptedPasswordToThirdPartySMBServers,a14a2808-588b-4233-b342-9dc1cecf2b0a,CCE-37863-8,Microsoft network client: Send unencrypted password to third-party SMB servers,Configures SMB protocol setting 'Microsoft network client: Send unencrypted password to third-party SMB servers' to harden file sharing against interception and exploitation.,HKLM:\SYSTEM\CurrentControlSet\Services\LanmanWorkstation\Parameters,EnablePlainTextPassword,REG_DWORD,./Vendor/MSFT/Policy,Config/LocalPoliciesSecurityOptions/MicrosoftNetworkClient_SendUnencryptedPasswordToThirdPartySMBServers,Integer,0,"Range(0, 1)","OneOf(Equals(0), Equals(null))",Critical,Azure Local Member Server (domain joined),SecuritySettings,Get-ItemProperty 'HKLM:\SYSTEM\CurrentControlSet\Services\LanmanWorkstation\Parameters' -Name 'EnablePlainTextPassword',Security Options,2.3.8.2,"3.10 (IG2, IG3)",NA,"AC-17, IA-5, SC-13, SC-28, SC-8","Prevents the SMB client from sending cleartext passwords to non-Microsoft SMB servers, closing a credential-interception exposure. Allowing cleartext passwords to third-party SMB servers exposes credentials to interception.",Func:L / Sec:Critical — Enabling sends plaintext passwords over SMB; unacceptable security exposure,Blocked
ServerSPNTargetNameValidationLevel,e9118234-b52b-4b54-ae1a-893a63fe859d,CCE-10617-9,Microsoft network server: Server SPN target name validation level,Configures 'Microsoft network server: Server SPN target name validation level' per security baseline requirements to enforce organizational security policy.,HKLM:\SYSTEM\CurrentControlSet\Services\LanmanServer\Parameters,SmbServerNameHardeningLevel,REG_DWORD,./Vendor/MSFT/Policy,Config/LocalPoliciesSecurityOptions/MicrosoftNetworkServer_ServerSPNTargetNameValidationLevel,Integer,1,"Range(0, 2)","Range(1, 2)",Warning,Azure Local Member Server (domain joined),SecuritySettings,Get-ItemProperty 'HKLM:\SYSTEM\CurrentControlSet\Services\LanmanServer\Parameters' -Name 'SmbServerNameHardeningLevel',Security Options,2.3.9.4,"4.1 (IG1, IG2, IG3)",NA,"AC-3, CM-6","Validates the SPN target name on incoming SMB sessions, mitigating SMB relay/reflection by ensuring the client connected to the intended server. Lowering SPN target validation reopens SMB relay and reflection.",Func:L / Sec:L — SMB SPN-validation policy; verify SMB client compatibility,Warning Allowed
SessionIdleTimeBeforeSuspend,4383c5e5-ea15-4e94-a170-fd61b3fda9f1,CCE-38046-9,Microsoft network server: Amount of idle time required before suspending session,Configures 'Microsoft network server: Amount of idle time required before suspending session' per security baseline requirements to enforce organizational security policy.,HKLM:\SYSTEM\CurrentControlSet\Services\LanmanServer\Parameters,AutoDisconnect,REG_DWORD,./Vendor/MSFT/Policy,Config/LocalPoliciesSecurityOptions/MicrosoftNetworkServer_AmountOfIdleTimeRequiredBeforeSuspendingSession,Integer,15,"Range(1, 15)","Range(1, 15)",Critical,Azure Local Member Server (domain joined),SecuritySettings,Get-ItemProperty 'HKLM:\SYSTEM\CurrentControlSet\Services\LanmanServer\Parameters' -Name 'AutoDisconnect',Security Options,2.3.9.1,Not Mapped,NA,AU-8,"Suspends idle SMB sessions after the configured interval, freeing resources and limiting stale authenticated sessions. Extending or removing the idle limit leaves stale authenticated SMB sessions open longer.",Func:L / Sec:M — Logon/session behavior; no direct cluster impact,Warning Allowed
SharesThatCanBeAccessedAnonymously,ee6b9d20-8c62-4f14-8719-a425e09244ed,CCE-38095-6,Network access: Shares that can be accessed anonymously,Configures 'Network access: Shares that can be accessed anonymously' per security baseline requirements to enforce organizational security policy.,HKLM:\SYSTEM\CurrentControlSet\Services\LanmanServer\Parameters,NullSessionShares,REG_MULTI_SZ,./Vendor/MSFT/Policy,Config/LocalPoliciesSecurityOptions/NetworkAccess_SharesThatCanBeAccessedAnonymously,MultiString,'',"OneOf(Equals(''), Equals(null), AllOf(Pattern('^[\w\-\$\.]+(,[\w\-\$\.]+)*$')))","OneOf(Equals(''), Equals(null))",Critical,Azure Local Member Server (domain joined),SecuritySettings,Get-ItemProperty 'HKLM:\SYSTEM\CurrentControlSet\Services\LanmanServer\Parameters' -Name 'NullSessionShares',Security Options,2.3.10.12,Not Mapped,NA,"AC-14, AC-17, AC-3, SC-7","Defines which shares are reachable anonymously; the baseline leaves this empty, permitting no anonymous share access. Adding shares to this list permits anonymous, unauthenticated access to them.",Func:L / Sec:H — Anonymous access control; changing exposes enumeration surface,Warning Allowed
SharingAndSecurityModelForLocalAccounts,3e42b5fc-08b2-4a9a-ad80-dafe9033cbc3,CCE-37623-6,Network access: Sharing and security model for local accounts,Configures 'Network access: Sharing and security model for local accounts' per security baseline requirements to enforce organizational security policy.,HKLM:\SYSTEM\CurrentControlSet\Control\Lsa,ForceGuest,REG_DWORD,./Vendor/MSFT/Policy,Config/LocalPoliciesSecurityOptions/NetworkAccess_SharingAndSecurityModelForLocalAccounts,Integer,0,"Range(0, 1)","OneOf(Equals(0), Equals(null))",Critical,Azure Local Member Server (domain joined),SecuritySettings,Get-ItemProperty 'HKLM:\SYSTEM\CurrentControlSet\Control\Lsa' -Name 'ForceGuest',Security Options,2.3.10.13,Not Mapped,NA,"AC-17, AC-2, SC-7","Sets the Classic local-account sharing model, so network logons authenticate as the actual local account rather than being coerced to Guest, preserving accurate authorization and accountability. Switching to the Guest-only model coerces network logons to Guest, losing accurate authorization and accountability.",Func:L / Sec:M — Logon/session behavior; no direct cluster impact,Warning Allowed
ShellDataExecutionPrevention,b2538b69-4020-4d50-9f63-581b673a014c,CCE-37809-1,Turn off Data Execution Prevention for Explorer,Configures 'Turn off Data Execution Prevention for Explorer' per security baseline requirements to enforce organizational security policy.,HKLM:\SOFTWARE\Policies\Microsoft\Windows\Explorer,NoDataExecutionPrevention,REG_DWORD,,,,0,"Range(0, 1)","OneOf(Equals(0), Equals(null))",Critical,Azure Local Member Server (domain joined),SecuritySettings,"Get-ItemProperty ""HKLM:\SOFTWARE\Policies\Microsoft\Windows\Explorer"" -Name ""NoDataExecutionPrevention""",Registry,18.10.29.3,"10.5 (IG2, IG3)",WN25-CC-000310,SI-16,"Keeps Data Execution Prevention enabled for Windows Explorer (baseline does NOT turn DEP off), preserving a memory-corruption exploit mitigation for the shell process. Turning DEP off for Explorer removes a memory-corruption exploit mitigation for the shell.",Func:L / Sec:H — Exploit mitigation; disabling reduces defense-in-depth,Warning Allowed
ShutdownIfAuditLogFull,6907b165-e70a-4b88-b624-3e32a15c93b1,CCE-35907-5,Audit: Shut down system immediately if unable to log security audits,Configures 'Audit: Shut down system immediately if unable to log security audits' per security baseline requirements to enforce organizational security policy.,HKLM:\SYSTEM\CurrentControlSet\Control\Lsa,CrashOnAuditFail,REG_DWORD,./Vendor/MSFT/Policy,Config/LocalPoliciesSecurityOptions/Audit_ShutdownSystemImmediatelyIfUnableToLogSecurityAudits,Integer,0,"Range(0, 1)","OneOf(Equals(0), Equals(null))",Critical,Azure Local Member Server (domain joined),SecuritySettings,Get-ItemProperty 'HKLM:\SYSTEM\CurrentControlSet\Control\Lsa' -Name 'CrashOnAuditFail',Security Options,2.3.2.2,"8.3 (IG1, IG2, IG3)",NA,"AU-12, AU-2, AU-5","Controls whether the system halts when security audits cannot be written; the baseline does NOT force a halt, preserving availability while audit policy is enforced elsewhere. Enabling halt-on-full-audit-log can deny service when the log fills.","Func:L / Sec:L — Audit/logging setting; no functional impact, reduces visibility if disabled",Warning Allowed
SideChannelFeatureOverride,,,Configuring speculative execution side-channel mitigation FeatureSettingsOverride,"Configures speculative execution side-channel vulnerability mitigations, enabling protections against known CPU microarchitectural attacks.",HKLM:\SYSTEM\CurrentControlSet\Control\Session Manager\Memory Management,FeatureSettingsOverride,REG_DWORD,,,,1426063432,"Range(0, 1426063432)",Equals(1426063432),Critical,Azure Local Member Server (domain joined),SecuritySettings,"Get-ItemProperty ""HKLM:\SYSTEM\CurrentControlSet\Control\Session Manager\Memory Management"" -Name ""FeatureSettingsOverride""",Registry,NA,"10.5 (IG2, IG3)",NA,SI-16,Azure Local applies 'Configuring speculative execution side-channel mitigation FeatureSettingsOverride' (FeatureSettingsOverride = 1426063432) as part of the in-box security baseline. The setting is already in effect; deviating from the configured value relaxes the hardened behavior for this control. Validate the operational need before changing it on a clustered node.,Func:L / Sec:L — Toggle: SideChannelMitigation — Tested and offered via Enable/Disable-AzsSecurity,Toggle Allowed
SideChannelFeatureOverrideMask,,,Configuring speculative execution side-channel mitigation FeatureSettingsOverrideMask,"Configures the bitmask for side-channel vulnerability mitigations, controlling which specific CPU mitigations are enabled.",HKLM:\SYSTEM\CurrentControlSet\Control\Session Manager\Memory Management,FeatureSettingsOverrideMask,REG_DWORD,,,,3,"Range(0, 3)",Equals(3),Critical,Azure Local Member Server (domain joined),SecuritySettings,"Get-ItemProperty ""HKLM:\SYSTEM\CurrentControlSet\Control\Session Manager\Memory Management"" -Name ""FeatureSettingsOverrideMask""",Registry,NA,"10.5 (IG2, IG3)",NA,SI-16,Azure Local applies 'Configuring speculative execution side-channel mitigation FeatureSettingsOverrideMask' (FeatureSettingsOverrideMask = 3) as part of the in-box security baseline. The setting is already in effect; deviating from the configured value relaxes the hardened behavior for this control. Validate the operational need before changing it on a clustered node.,Func:L / Sec:L — Toggle: SideChannelMitigation — Tested and offered via Enable/Disable-AzsSecurity,Toggle Allowed
SideChannelMinVmVersion,,,Protect against microarchitectural and execution side-channel vulnerabilities,Sets the minimum VM configuration version required to enable CPU-based side-channel mitigations for Hyper-V virtual machines.,HKLM:\SOFTWARE\Microsoft\Windows NT\CurrentVersion\Virtualization,MinVmVersionForCpuBasedMitigations,REG_SZ,,,,1.0,,Equals('1.0'),Critical,Azure Local Member Server (domain joined),SecuritySettings,"Get-ItemProperty ""HKLM:\SOFTWARE\Microsoft\Windows NT\CurrentVersion\Virtualization"" -Name ""MinVmVersionForCpuBasedMitigations""",Registry,NA,"10.5 (IG2, IG3)",NA,SI-16,Azure Local applies 'Protect against microarchitectural and execution side-channel vulnerabilities' (MinVmVersionForCpuBasedMitigations = 1.0) as part of the in-box security baseline. The setting is already in effect; deviating from the configured value relaxes the hardened behavior for this control. Validate the operational need before changing it on a clustered node.,Func:L / Sec:L — Toggle: SideChannelMitigation — Tested and offered via Enable/Disable-AzsSecurity,Toggle Allowed
SmartCardRemovalBehavior,45c495f5-a517-4a57-8637-479e1f440f34,AZ-WIN-73807,Interactive logon: Smart card removal behavior,Configures 'Interactive logon: Smart card removal behavior' per security baseline requirements to enforce organizational security policy.,HKLM:\SOFTWARE\Microsoft\Windows NT\CurrentVersion\Winlogon,ScRemoveOption,REG_SZ,./Vendor/MSFT/Policy,Config/LocalPoliciesSecurityOptions/InteractiveLogon_SmartCardRemovalBehavior,String,1,"Range(0, 3)","Range(1, 2)",Important,Azure Local Member Server (domain joined),SecuritySettings,Get-ItemProperty 'HKLM:\SOFTWARE\Microsoft\Windows NT\CurrentVersion\Winlogon' -Name 'ScRemoveOption',Security Options,2.3.7.9,"4.3 (IG1, IG2, IG3)",WN25-SO-000150,CM-6,"Locks or logs off the session when a smart card is removed, preventing an authenticated session from remaining open after the credential leaves. Setting no action on smart-card removal leaves authenticated sessions open after the credential leaves.",Func:L / Sec:M — Smart-card session policy; affects smart-card workflows only,Warning Allowed
SmartScreenEnableSmartScreenInShell,1e3ae441-8bd6-4736-94aa-ac56a430131c,CCE-35859-8,Configure Windows Defender SmartScreen,Configures 'Configure Windows Defender SmartScreen' per security baseline requirements to enforce organizational security policy.,HKLM:\SOFTWARE\Policies\Microsoft\Windows\System,EnableSmartScreen,REG_DWORD,,,,1,"Range(0, 1)",Equals(1),Warning,Azure Local Member Server (domain joined),SecuritySettings,"Get-ItemProperty ""HKLM:\SOFTWARE\Policies\Microsoft\Windows\System"" -Name ""EnableSmartScreen""",Registry,18.10.77.2.1,"10.5 (IG2, IG3)",WN25-CC-000300,CM-7,"Enables Windows Defender SmartScreen reputation checks (warn-and-block), reducing execution of known-malicious downloads and phishing payloads. Disabling SmartScreen removes reputation warn-and-block on malicious downloads and phishing payloads.",Func:L / Sec:L — App-reputation policy; no cluster functional impact,Warning Allowed
SmartScreenPreventOverrideForFilesInShell,,,Configure Windows Defender SmartScreen - Warn and Prevent bypass (Added),Configures 'Configure Windows Defender SmartScreen - Warn and Prevent bypass (Added)' per security baseline requirements to enforce organizational security policy.,HKLM:\SOFTWARE\Policies\Microsoft\Windows\System,ShellSmartScreenLevel,REG_SZ,,,,Block,"OneOf(Equals('Warn'), Equals('Block'))",Equals('Block'),Important,Azure Local Member Server (domain joined),SecuritySettings,"Get-ItemProperty ""HKLM:\SOFTWARE\Policies\Microsoft\Windows\System"" -Name ""ShellSmartScreenLevel""",Registry,18.10.77.2.1,"10.5 (IG2, IG3)",NA,"SC-28, SI-3","Enables Windows Defender SmartScreen reputation checks (warn-and-block), reducing execution of known-malicious downloads and phishing payloads. Allowing override lets users bypass SmartScreen warnings on flagged files.",Func:L / Sec:M — App-reputation policy; no cluster functional impact,Warning Allowed
StrengthenSystemObjectPerms,8db231ff-6c9a-46f8-84de-ebea4507ffe9,CCE-37644-2,System objects: Strengthen default permissions of internal system objects (e.g. Symbolic Links),Configures 'System objects: Strengthen default permissions of internal system objects (e.g. Symbolic Links)' per security baseline requirements to enforce organizational security policy.,HKLM:\SYSTEM\CurrentControlSet\Control\Session Manager,ProtectionMode,REG_DWORD,./Vendor/MSFT/Policy,Config/LocalPoliciesSecurityOptions/SystemObjects_StrengthenDefaultPermissionsOfInternalSystemObjects,Integer,1,"Range(0, 1)",Equals(1),Critical,Azure Local Member Server (domain joined),SecuritySettings,Get-ItemProperty 'HKLM:\SYSTEM\CurrentControlSet\Control\Session Manager' -Name 'ProtectionMode',Security Options,2.3.15.2,"4.1 (IG1, IG2, IG3)",WN25-SO-000370,CM-6,"Strengthens default DACLs on internal system objects, reducing tampering with shared objects such as symbolic links. Weakening default object DACLs reopens tampering with shared objects such as symbolic links.",Func:L / Sec:H — System object permissions; disabling reduces OS hardening,Warning Allowed
SystemAllowTelemetry,14afe28a-6199-49ff-9789-dabb89ed714e,AZ-WIN-00169,Allow Diagnostic Data,Configures 'Allow Diagnostic Data' per security baseline requirements to enforce organizational security policy.,HKLM:\SOFTWARE\Policies\Microsoft\Windows\DataCollection,AllowTelemetry,REG_DWORD,,,,0,"Range(0, 3)","Range(0, 1)",Warning,Azure Local Member Server (domain joined),SecuritySettings,"Get-ItemProperty ""HKLM:\SOFTWARE\Policies\Microsoft\Windows\DataCollection"" -Name ""AllowTelemetry""",Registry,18.10.16.1,Not Mapped,WN25-CC-000250,CM-6,"Constrains the diagnostic-data (telemetry) level to the baseline-approved value, limiting data sent off-host. Raising the telemetry level increases diagnostic data sent off-host beyond the baseline value.","Func:L / Sec:L — Diagnostic-data policy; telemetry only, no cluster impact",Warning Allowed
SystemBootStartDriverInitialization,3c336cee-a852-4673-82e9-c7e130af7bc7,CCE-37912-3,Boot-Start Driver Initialization Policy,Configures 'Boot-Start Driver Initialization Policy' per security baseline requirements to enforce organizational security policy.,HKLM:\SYSTEM\CurrentControlSet\Policies\EarlyLaunch,DriverLoadPolicy,REG_DWORD,,,,3,"OneOf(Equals(1),Equals(3),Equals(7),Equals(8))","OneOf(Equals(8),Equals(1),Equals(3),Equals(null))",Warning,Azure Local Member Server (domain joined),SecuritySettings,"Get-ItemProperty ""HKLM:\SYSTEM\CurrentControlSet\Policies\EarlyLaunch"" -Name ""DriverLoadPolicy""",Registry,18.9.13.1,"10.5 (IG2, IG3)",WN25-CC-000130,CM-6,"Sets Early-Launch Anti-Malware boot-start driver policy to block known-bad drivers at boot, reducing rootkit/bootkit persistence. Loosening the boot-start driver policy lets known-bad drivers load at boot, enabling rootkit or bootkit persistence.",Func:L / Sec:L — Boot-driver policy; affects boot-driver ELAM classification,Warning Allowed
SystemEnableSoftwareRestrictionPolicies,2b36f636-e882-4b90-92c1-1f55f325053b,AZ-WIN-00155,System settings: Use Certificate Rules on Windows Executables for Software Restriction Policies,Configures 'System settings: Use Certificate Rules on Windows Executables for Software Restriction Policies' per security baseline requirements to enforce organizational security policy.,HKLM:\SOFTWARE\Policies\Microsoft\Windows\Safer\CodeIdentifiers,AuthenticodeEnabled,REG_DWORD,,,,1,"Range(0, 1)",Equals(1),Warning,Azure Local Member Server (domain joined),SecuritySettings,"Get-ItemProperty ""HKLM:\SOFTWARE\Policies\Microsoft\Windows\Safer\CodeIdentifiers"" -Name ""AuthenticodeEnabled""",Registry,NA,NA,NA,"IA-5, SC-12","Enables certificate-rule evaluation for software restriction policies, allowing publisher-based execution control of binaries. Disabling certificate-rule evaluation removes publisher-based execution control of binaries.",Func:L / Sec:L — Software-restriction policy; verify app-allowlisting impact,Warning Allowed
SystemLogonCacheSize,824438cc-72b2-4a24-b13b-7ff0954f0130,AZ-WIN-73651,Interactive Logon: Number of previous logons to cache (in case Domain Controller is not available),Configures 'Interactive Logon: Number of previous logons to cache (in case Domain Controller is not available) ' per security baseline requirements to enforce organizational security policy.,HKLM:\SOFTWARE\Microsoft\Windows NT\CurrentVersion\Winlogon,CachedLogonsCount,REG_SZ,,,,0,"Range(0, 50)",Equals(0),Informational,Azure Local Member Server (domain joined),SecuritySettings,"Get-ItemProperty ""HKLM:\SOFTWARE\Microsoft\Windows NT\CurrentVersion\Winlogon"" -Name ""CachedLogonsCount""",Registry,2.3.7.6,Not Mapped,NA,"AC-7, AU-12","Limits cached domain logon credentials, reducing the pool of cached secrets recoverable from a compromised host while retaining some offline-logon capability. Raising the cache size leaves more domain secrets recoverable from a compromised host.",Func:L / Sec:M — Logon security policy; no direct cluster impact,Warning Allowed
SystemMinimizeInternetConnections,8191b0f8-0855-491f-9ded-7260dc79af3e,CCE-38338-0,Minimize the number of simultaneous connections to the Internet or a Windows Domain,Configures 'Minimize the number of simultaneous connections to the Internet or a Windows Domain' per security baseline requirements to enforce organizational security policy.,HKLM:\SOFTWARE\Policies\Microsoft\Windows\WcmSvc\GroupPolicy,fMinimizeConnections,REG_DWORD,,,,3,"Range(0, 3)",Equals(3),Warning,Azure Local Member Server (domain joined),SecuritySettings,"Get-ItemProperty ""HKLM:\SOFTWARE\Policies\Microsoft\Windows\WcmSvc\GroupPolicy"" -Name ""fMinimizeConnections""",Registry,18.6.21.1,"4.1 (IG1, IG2, IG3)",NA,CM-6,"Minimizes simultaneous Internet/domain connections, reducing bridging between managed and unmanaged networks that can expose internal traffic. Relaxing this lets simultaneous internet and domain connections bridge managed and unmanaged networks.",Func:L / Sec:L — Network-bridging policy; no cluster functional impact,Warning Allowed
SystemWindowsSearchService,843079e3-4803-4b52-8b36-c554c4623204,AZ-WIN-00176,Disable Windows Search Service,Configures 'Disable Windows Search Service' per security baseline requirements to enforce organizational security policy.,HKLM:\SYSTEM\CurrentControlSet\Services\Wsearch,Start,REG_DWORD,,,,4,"Range(0, 4)",Equals(4),Important,Azure Local Member Server (domain joined),SecuritySettings,"Get-ItemProperty ""HKLM:\SYSTEM\CurrentControlSet\Services\Wsearch"" -Name ""Start""",Registry,NA,NA,NA,"CM-6, CM-7","Disables the Windows Search service (baseline sets Start=4), removing an indexing service and its attack surface where search is not required. Re-enabling Windows Search restores the indexing service and its attack surface.","Func:L / Sec:M — Search-service policy; affects indexing only, not cluster services",Warning Allowed
TurnOff_Windows_Error_Reporting,baffb3e2-a1b8-4805-a9c7-484a04b29c08,AZ-WIN-00128,Turn off Windows Error Reporting,"Disables Windows Error Reporting (WER), preventing the OS from sending crash and diagnostic data to Microsoft. Reduces information disclosure but limits Microsoft support diagnostics.",HKLM:\SOFTWARE\Policies\Microsoft\Windows\Windows Error Reporting,Disabled,REG_DWORD,,,,1,"Range(0, 1)",Equals(1),Warning,Azure Local Member Server (domain joined),SecuritySettings,"Get-ItemProperty ""HKLM:\SOFTWARE\Policies\Microsoft\Windows\Windows Error Reporting"" -Name ""Disabled""",Registry,18.9.20.1.13,4.8 (IG2),NA,"CM-7, SI-11",Azure Local applies 'Turn off Windows Error Reporting' (Disabled = 1) as part of the in-box security baseline. The setting is already in effect; deviating from the configured value relaxes the hardened behavior for this control. Validate the operational need before changing it on a clustered node.,"Func:L / Sec:L — Error-reporting policy; telemetry only, no cluster impact",Warning Allowed
TurnOffPrintingOverHTTP,41908f22-3399-4be5-930c-1dcb73ddb47b,AZ-WIN-73529,Turn off printing over HTTP,Configures 'Turn off printing over HTTP' per security baseline requirements to enforce organizational security policy.,HKLM:\SOFTWARE\Policies\Microsoft\Windows NT\Printers,DisableHTTPPrinting,REG_DWORD,,,,1,"Range(0, 1)",Equals(1),Critical,Azure Local Member Server (domain joined),SecuritySettings,"Get-ItemProperty ""HKLM:\SOFTWARE\Policies\Microsoft\Windows NT\Printers"" -Name ""DisableHTTPPrinting""",Registry,18.9.20.1.6,"4.8 (IG2, IG3)",WN25-CC-000160,CM-7,"Print-subsystem hardening 'Turn off printing over HTTP'. Restricts printer-driver installation and processing to trusted, administrator-controlled paths, so standard users cannot introduce unvetted spooler drivers. Re-enabling HTTP printing reopens an untrusted print-delivery path.",Func:L / Sec:L — HTTP printing policy; low cluster impact,Warning Allowed
UACDetectInstallAndPrompt,19a185ff-1009-4079-937a-dace5e3c2f50,CCE-36533-8,User Account Control: Detect application installations and prompt for elevation,Configures 'User Account Control: Detect application installations and prompt for elevation' per security baseline requirements to enforce organizational security policy.,HKLM:\SOFTWARE\Microsoft\Windows\CurrentVersion\Policies\System,EnableInstallerDetection,REG_DWORD,./Vendor/MSFT/Policy,Config/LocalPoliciesSecurityOptions/UserAccountControl_DetectApplicationInstallationsAndPromptForElevation,Integer,1,"Range(0, 1)",Equals(1),Critical,Azure Local Member Server (domain joined),SecuritySettings,Get-ItemProperty 'HKLM:\SOFTWARE\Microsoft\Windows\CurrentVersion\Policies\System' -Name 'EnableInstallerDetection',Security Options,2.3.17.4,Not Mapped,WN25-SO-000420,SC-3,"User Account Control control 'User Account Control: Detect application installations and prompt for elevation'. Maintains admin-approval elevation, secure-desktop prompting, installer detection, or token filtering that constrains silent privilege elevation by malware.",Func:L / Sec:M — UAC prompt behavior; no cluster functional impact,Warning Allowed
UACElevateUIAccessSecureOnly,600ea254-773b-43b5-be89-ca8221e96279,CCE-37057-7,User Account Control: Only elevate UIAccess applications that are installed in secure locations,Configures 'User Account Control: Only elevate UIAccess applications that are installed in secure locations' per security baseline requirements to enforce organizational security policy.,HKLM:\SOFTWARE\Microsoft\Windows\CurrentVersion\Policies\System,EnableSecureUIAPaths,REG_DWORD,./Vendor/MSFT/Policy,Config/LocalPoliciesSecurityOptions/UserAccountControl_OnlyElevateUIAccessApplicationsThatAreInstalledInSecureLocations,Integer,1,"Range(0, 1)",Equals(1),Critical,Azure Local Member Server (domain joined),SecuritySettings,Get-ItemProperty 'HKLM:\SOFTWARE\Microsoft\Windows\CurrentVersion\Policies\System' -Name 'EnableSecureUIAPaths',Security Options,2.3.17.5,Not Mapped,WN25-SO-000430,SC-3,"User Account Control control 'User Account Control: Only elevate UIAccess applications that are installed in secure locations'. Maintains admin-approval elevation, secure-desktop prompting, installer detection, or token filtering that constrains silent privilege elevation by malware. Allowing UIAccess apps from non-secure locations weakens UAC's installer and elevation constraints.",Func:L / Sec:M — UAC prompt behavior; no cluster functional impact,Warning Allowed
UACRestrictLocalNetLogon,6e5bc1da-dce9-4969-a24d-4f09f06ce82e,AZ-WIN-73495,Apply UAC restrictions to local accounts on network logons,Configures 'Apply UAC restrictions to local accounts on network logons' per security baseline requirements to enforce organizational security policy.,HKLM:\SOFTWARE\Microsoft\Windows\CurrentVersion\Policies\System,LocalAccountTokenFilterPolicy,REG_DWORD,,,,0,"Range(0, 1)",Equals(0),Critical,Azure Local Member Server (domain joined),SecuritySettings,"Get-ItemProperty ""HKLM:\SOFTWARE\Microsoft\Windows\CurrentVersion\Policies\System"" -Name ""LocalAccountTokenFilterPolicy""",Registry,18.4.1,Not Mapped,NA,"AC-2, AC-6, AC-7, AU-12","User Account Control control 'Apply UAC restrictions to local accounts on network logons'. Maintains admin-approval elevation, secure-desktop prompting, installer detection, or token filtering that constrains silent privilege elevation by malware. Removing UAC restrictions on local-account network logons weakens token filtering for those logons.",Func:L / Sec:M — UAC prompt behavior; no cluster functional impact,Warning Allowed
UACSecureDesktopOnPrompt,21a9a771-ef63-419c-bee4-8619f19a77ff,CCE-36866-2,User Account Control: Switch to the secure desktop when prompting for elevation,Configures 'User Account Control: Switch to the secure desktop when prompting for elevation' per security baseline requirements to enforce organizational security policy.,HKLM:\SOFTWARE\Microsoft\Windows\CurrentVersion\Policies\System,PromptOnSecureDesktop,REG_DWORD,./Vendor/MSFT/Policy,Config/LocalPoliciesSecurityOptions/UserAccountControl_SwitchToTheSecureDesktopWhenPromptingForElevation,Integer,1,"Range(0, 1)",Equals(1),Critical,Azure Local Member Server (domain joined),SecuritySettings,Get-ItemProperty 'HKLM:\SOFTWARE\Microsoft\Windows\CurrentVersion\Policies\System' -Name 'PromptOnSecureDesktop',Security Options,2.3.17.7,Not Mapped,NA,"AC-2, AC-6","User Account Control control 'User Account Control: Switch to the secure desktop when prompting for elevation'. Maintains admin-approval elevation, secure-desktop prompting, installer detection, or token filtering that constrains silent privilege elevation by malware. Disabling the secure desktop lets other code spoof or capture elevation prompts.",Func:L / Sec:M — UAC prompt behavior; no cluster functional impact,Warning Allowed
UACVirtualizeWriteFailures,61f7469c-c76a-4265-b84f-d838adb06436,CCE-37064-3,User Account Control: Virtualize file and registry write failures to per-user locations,Configures 'User Account Control: Virtualize file and registry write failures to per-user locations' per security baseline requirements to enforce organizational security policy.,HKLM:\SOFTWARE\Microsoft\Windows\CurrentVersion\Policies\System,EnableVirtualization,REG_DWORD,./Vendor/MSFT/Policy,Config/LocalPoliciesSecurityOptions/UserAccountControl_VirtualizeFileAndRegistryWriteFailuresToPerUserLocations,Integer,1,"Range(0, 1)",Equals(1),Critical,Azure Local Member Server (domain joined),SecuritySettings,Get-ItemProperty 'HKLM:\SOFTWARE\Microsoft\Windows\CurrentVersion\Policies\System' -Name 'EnableVirtualization',Security Options,2.3.17.8,Not Mapped,WN25-SO-000450,SC-3,"User Account Control control 'User Account Control: Virtualize file and registry write failures to per-user locations'. Maintains admin-approval elevation, secure-desktop prompting, installer detection, or token filtering that constrains silent privilege elevation by malware. Disabling this UAC protection weakens the elevation-control posture against silent privilege elevation.",Func:L / Sec:M — UAC prompt behavior; no cluster functional impact,Warning Allowed
UseAdminApprovalMode,967531f7-69cd-4a38-a517-3ebf4e5284cd,CCE-36494-3,User Account Control: Admin Approval Mode for the Built-in Administrator account,Configures 'User Account Control: Admin Approval Mode for the Built-in Administrator account' per security baseline requirements to enforce organizational security policy.,HKLM:\SOFTWARE\Microsoft\Windows\CurrentVersion\Policies\System,FilterAdministratorToken,REG_DWORD,./Vendor/MSFT/Policy,Config/LocalPoliciesSecurityOptions/UserAccountControl_UseAdminApprovalMode,Integer,1,"Range(0, 1)",Equals(1),Critical,Azure Local Member Server (domain joined),SecuritySettings,Get-ItemProperty 'HKLM:\SOFTWARE\Microsoft\Windows\CurrentVersion\Policies\System' -Name 'FilterAdministratorToken',Security Options,2.3.17.1,Not Mapped,WN25-SO-000380,SC-11,"User Account Control control 'User Account Control: Admin Approval Mode for the Built-in Administrator account'. Maintains admin-approval elevation, secure-desktop prompting, installer detection, or token filtering that constrains silent privilege elevation by malware. Disabling Admin Approval Mode for the built-in Administrator removes elevation prompting for that account.",Func:L / Sec:M — UAC prompt behavior; no cluster functional impact,Warning Allowed
UserRightsAccessFromNetwork,3f2d92c2-5850-4f2d-b245-f5089aa975dd,CCE-35818-4,Access this computer from the network,Controls which users and groups can connect to the computer over the network. Misconfiguration can expose the system to unauthorized remote access or break legitimate connectivity.,,,,./Vendor/MSFT/Policy,Config/UserRights/AccessFromNetwork,String,"*S-1-5-32-544,*S-1-5-11","OneOf(Equals(''), AllOf(Pattern('^(\*S-1-[\d\-]+)(,\*S-1-[\d\-]+)*$')))","ContainsAtMost('*S-1-5-32-544', '*S-1-5-11')",Critical,Azure Local Member Server (domain joined),SecuritySettings,secedit /export /cfg $env:TEMP\secpol.cfg /quiet; (Select-String 'SeNetworkLogonRight' $env:TEMP\secpol.cfg).Line,Security Policy,2.2.2,6.8 (IG3),WN25-MS-000070,AC-3,"User-rights assignment 'Access this computer from the network'. Restricting this privilege to the intended principals limits which accounts can perform this sensitive operation, keeping high-impact rights scoped to administrators. Granting this privilege to additional accounts widens who can perform this sensitive operation, an escalation risk.",Func:L / Sec:M — User rights assignment; review for service account compatibility,Warning Allowed
UserRightsActAsPartOfTheOperatingSystem,c7f8ee96-6b8e-47e8-80b1-2e0985edeafd,CCE-36876-1,Act as part of the operating system,"Controls which accounts can act as part of the operating system (SeTcbPrivilege). This allows a process to impersonate any user without authentication, equivalent to SYSTEM-level access.",,,,./Vendor/MSFT/Policy,Config/UserRights/ActAsPartOfTheOperatingSystem,String,'',"OneOf(Equals(''), AllOf(Pattern('^(\*S-1-[\d\-]+)(,\*S-1-[\d\-]+)*$')))",Equals(''),Critical,Azure Local Member Server (domain joined),SecuritySettings,secedit /export /cfg $env:TEMP\secpol.cfg /quiet; (Select-String 'SeTcbPrivilege' $env:TEMP\secpol.cfg).Line,Security Policy,2.2.3,6.8 (IG3),WN25-UR-000020,AC-6(10),"User-rights assignment 'Act as part of the operating system'. Restricting this privilege to the intended principals limits which accounts can perform this sensitive operation, keeping high-impact rights scoped to administrators. Granting this privilege to additional accounts widens who can perform this sensitive operation, an escalation risk.",Func:M / Sec:H — Privilege assignment; wrong value may break cluster service accounts or enable privilege escalation,Warning Allowed
UserRightsAdjustMemoryQuotasForProcess,f1943ce4-9d62-4aff-aa89-d8ddcab0173e,CCE-10849-8,Adjust memory quotas for a process,Controls which accounts can adjust memory quotas for processes (SeIncreaseQuotaPrivilege). Misuse can cause denial of service by starving critical system processes of resources.,,,,./Vendor/MSFT/Policy,Config/UserRights/AdjustMemoryQuotasForProcess,String,"*S-1-5-32-544,*S-1-5-19,*S-1-5-20","OneOf(Equals(''), AllOf(Pattern('^(\*S-1-[\d\-]+)(,\*S-1-[\d\-]+)*$')))","ContainsAtMost('*S-1-5-32-544', '*S-1-5-19', '*S-1-5-20')",Warning,Azure Local Member Server (domain joined),SecuritySettings,secedit /export /cfg $env:TEMP\secpol.cfg /quiet; (Select-String 'SeIncreaseQuotaPrivilege' $env:TEMP\secpol.cfg).Line,Security Policy,2.2.4,6.8 (IG3),NA,AC-6,"User-rights assignment 'Adjust memory quotas for a process'. Restricting this privilege to the intended principals limits which accounts can perform this sensitive operation, keeping high-impact rights scoped to administrators. Granting this privilege to additional accounts widens who can perform this sensitive operation, an escalation risk.",Func:L / Sec:M — User rights assignment; review for service account compatibility,Warning Allowed
UserRightsAllowLocalLogOn,051545a4-179e-4c04-9e9b-8f33821ef36f,CCE-37659-0,Allow log on locally,"Controls the 'Allow log on locally' right, limiting it to authorized accounts to reduce attack surface.",,,,./Vendor/MSFT/Policy,Config/UserRights/AllowLocalLogOn,String,*S-1-5-32-544,"OneOf(Equals(''), AllOf(Pattern('^(\*S-1-[\d\-]+)(,\*S-1-[\d\-]+)*$')))",ContainsAtMost('*S-1-5-32-544'),Critical,Azure Local Member Server (domain joined),SecuritySettings,secedit /export /cfg $env:TEMP\secpol.cfg /quiet; (Select-String 'SeInteractiveLogonRight' $env:TEMP\secpol.cfg).Line,Security Policy,2.2.7,6.8 (IG3),NA,"AC-2, AC-6","User-rights assignment 'Allow log on locally'. Restricting this privilege to the intended principals limits which accounts can perform this sensitive operation, keeping high-impact rights scoped to administrators. Granting this privilege to additional accounts widens who can perform this sensitive operation, an escalation risk.",Func:L / Sec:M — User rights assignment; review for service account compatibility,Warning Allowed
UserRightsAllowLogOnThroughRemoteDesktop,574f0e8d-83ca-4a46-a6cd-8dd062ab32dd,CCE-37072-6,Allow log on through Remote Desktop Services,"Controls the 'Allow log on through Remote Desktop Services' right, limiting it to authorized accounts to reduce attack surface.",,,,./Vendor/MSFT/Policy,Config/UserRights/AllowLogOnThroughRemoteDesktop,String,"*S-1-5-32-544,*S-1-5-32-555","OneOf(Equals(''), AllOf(Pattern('^(\*S-1-[\d\-]+)(,\*S-1-[\d\-]+)*$')))","ContainsAtMost('*S-1-5-32-544', '*S-1-5-32-555')",Critical,Azure Local Member Server (domain joined),SecuritySettings,secedit /export /cfg $env:TEMP\secpol.cfg /quiet; (Select-String 'SeRemoteInteractiveLogonRight' $env:TEMP\secpol.cfg).Line,Security Policy,2.2.9,6.8 (IG3),WN25-DC-000360,AC-3,"User-rights assignment 'Allow log on through Remote Desktop Services'. Restricting this privilege to the intended principals limits which accounts can perform this sensitive operation, keeping high-impact rights scoped to administrators. Granting this privilege to additional accounts widens who can perform this sensitive operation, an escalation risk.",Func:M / Sec:M — RDP config affects remote admin access to nodes,Warning Allowed
UserRightsBackupFilesAndDirectories,877cfb8a-1504-4641-9caf-405768ff91f4,CCE-35912-5,Back up files and directories,Configures 'Back up files and directories' per security baseline requirements to enforce organizational security policy.,,,,./Vendor/MSFT/Policy,Config/UserRights/BackupFilesAndDirectories,String,*S-1-5-32-544,"OneOf(Equals(''), AllOf(Pattern('^(\*S-1-[\d\-]+)(,\*S-1-[\d\-]+)*$')))",ContainsExactly('*S-1-5-32-544'),Critical,Azure Local Member Server (domain joined),SecuritySettings,secedit /export /cfg $env:TEMP\secpol.cfg /quiet; (Select-String 'SeBackupPrivilege' $env:TEMP\secpol.cfg).Line,Security Policy,2.2.11,6.8 (IG3),WN25-UR-000040,AC-6(10),"User-rights assignment 'Back up files and directories'. Restricting this privilege to the intended principals limits which accounts can perform this sensitive operation, keeping high-impact rights scoped to administrators. Granting this privilege to additional accounts widens who can perform this sensitive operation, an escalation risk.",Func:L / Sec:M — User rights assignment; review for service account compatibility,Warning Allowed
UserRightsBypassTraverseChecking,a30f6d7d-f3dc-442c-8a1f-921123c6250c,AZ-WIN-00184,Bypass traverse checking,Configures 'Bypass traverse checking' per security baseline requirements to enforce organizational security policy.,,,,./Vendor/MSFT/Policy,Config/UserRights/BypassTraverseChecking,String,"*S-1-5-32-544,*S-1-5-11,*S-1-5-32-551,*S-1-5-19,*S-1-5-20","OneOf(Equals(''), AllOf(Pattern('^(\*S-1-[\d\-]+)(,\*S-1-[\d\-]+)*$')))","ContainsAtMost('*S-1-5-32-544', '*S-1-5-11', '*S-1-5-32-551', '*S-1-5-19', '*S-1-5-20')",Critical,Azure Local Member Server (domain joined),SecuritySettings,secedit /export /cfg $env:TEMP\secpol.cfg /quiet; (Select-String 'SeChangeNotifyPrivilege' $env:TEMP\secpol.cfg).Line,Security Policy,NA,NA,NA,"AC-2, CM-6","User-rights assignment 'Bypass traverse checking'. Restricting this privilege to the intended principals limits which accounts can perform this sensitive operation, keeping high-impact rights scoped to administrators. Granting this privilege to additional accounts widens who can perform this sensitive operation, an escalation risk.",Func:L / Sec:M — User rights assignment; review for service account compatibility,Warning Allowed
UserRightsChangeSystemTime,8b6f479f-13a9-40d1-a2d6-bd9c27d2b7dc,CCE-37452-0,Change the system time,Configures 'Change the system time' per security baseline requirements to enforce organizational security policy.,,,,./Vendor/MSFT/Policy,Config/UserRights/ChangeSystemTime,String,"*S-1-5-32-544,*S-1-5-19","OneOf(Equals(''), AllOf(Pattern('^(\*S-1-[\d\-]+)(,\*S-1-[\d\-]+)*$')))","ContainsAtMost('*S-1-5-32-544', '*S-1-5-19')",Critical,Azure Local Member Server (domain joined),SecuritySettings,secedit /export /cfg $env:TEMP\secpol.cfg /quiet; (Select-String 'SeSystemtimePrivilege' $env:TEMP\secpol.cfg).Line,Security Policy,2.2.12,6.8 (IG3),NA,AU-8,"User-rights assignment 'Change the system time'. Restricting this privilege to the intended principals limits which accounts can perform this sensitive operation, keeping high-impact rights scoped to administrators. Granting this privilege to additional accounts widens who can perform this sensitive operation, an escalation risk.",Func:L / Sec:M — User rights assignment; review for service account compatibility,Warning Allowed
UserRightsChangeTimeZone,8ed0c2c5-af57-4434-9ae8-fe93bc39bfd0,CCE-37700-2,Change the time zone,Configures 'Change the time zone' per security baseline requirements to enforce organizational security policy.,,,,./Vendor/MSFT/Policy,Config/UserRights/ChangeTimeZone,String,"*S-1-5-32-544,*S-1-5-19","OneOf(Equals(''), AllOf(Pattern('^(\*S-1-[\d\-]+)(,\*S-1-[\d\-]+)*$')))","ContainsAtMost('*S-1-5-32-544', '*S-1-5-19')",Critical,Azure Local Member Server (domain joined),SecuritySettings,secedit /export /cfg $env:TEMP\secpol.cfg /quiet; (Select-String 'SeTimeZonePrivilege' $env:TEMP\secpol.cfg).Line,Security Policy,2.2.13,6.8 (IG3),NA,"AU-8, CM-6, SI-3","User-rights assignment 'Change the time zone'. Restricting this privilege to the intended principals limits which accounts can perform this sensitive operation, keeping high-impact rights scoped to administrators. Granting this privilege to additional accounts widens who can perform this sensitive operation, an escalation risk.",Func:L / Sec:M — User rights assignment; review for service account compatibility,Warning Allowed
UserRightsCreateGlobalObjects,c0a4a0ed-1585-4857-8e2b-30b1bb48c6ea,CCE-37453-8,Create global objects,Configures 'Create global objects' per security baseline requirements to enforce organizational security policy.,,,,./Vendor/MSFT/Policy,Config/UserRights/CreateGlobalObjects,String,"*S-1-5-32-544,*S-1-5-6,*S-1-5-19,*S-1-5-20","OneOf(Equals(''), AllOf(Pattern('^(\*S-1-[\d\-]+)(,\*S-1-[\d\-]+)*$')))","ContainsAtMost('*S-1-5-32-544', '*S-1-5-6', '*S-1-5-19', '*S-1-5-20')",Warning,Azure Local Member Server (domain joined),SecuritySettings,secedit /export /cfg $env:TEMP\secpol.cfg /quiet; (Select-String 'SeCreateGlobalPrivilege' $env:TEMP\secpol.cfg).Line,Security Policy,2.2.15,6.8 (IG3),WN25-UR-000070,AC-6(10),"User-rights assignment 'Create global objects'. Restricting this privilege to the intended principals limits which accounts can perform this sensitive operation, keeping high-impact rights scoped to administrators. Granting this privilege to additional accounts widens who can perform this sensitive operation, an escalation risk.",Func:L / Sec:M — User rights assignment; review for service account compatibility,Warning Allowed
UserRightsCreatePageFile,04251e82-4442-4923-ac77-992891a5042b,CCE-35821-8,Create a pagefile,Configures 'Create a pagefile' per security baseline requirements to enforce organizational security policy.,,,,./Vendor/MSFT/Policy,Config/UserRights/CreatePageFile,String,*S-1-5-32-544,"OneOf(Equals(''), AllOf(Pattern('^(\*S-1-[\d\-]+)(,\*S-1-[\d\-]+)*$')))",ContainsExactly('*S-1-5-32-544'),Critical,Azure Local Member Server (domain joined),SecuritySettings,secedit /export /cfg $env:TEMP\secpol.cfg /quiet; (Select-String 'SeCreatePagefilePrivilege' $env:TEMP\secpol.cfg).Line,Security Policy,2.2.13,6.8 (IG3),NA,"AC-2, CM-6","User-rights assignment 'Create a pagefile'. Restricting this privilege to the intended principals limits which accounts can perform this sensitive operation, keeping high-impact rights scoped to administrators. Granting this privilege to additional accounts widens who can perform this sensitive operation, an escalation risk.",Func:L / Sec:M — User rights assignment; review for service account compatibility,Warning Allowed
UserRightsCreatePermanentSharedObjects,03766d3c-81c2-438e-8192-91787f2ae69a,CCE-36532-0,Create permanent shared objects,Configures 'Create permanent shared objects' per security baseline requirements to enforce organizational security policy.,,,,./Vendor/MSFT/Policy,Config/UserRights/CreatePermanentSharedObjects,String,'',"OneOf(Equals(''), AllOf(Pattern('^(\*S-1-[\d\-]+)(,\*S-1-[\d\-]+)*$')))",Equals(''),Warning,Azure Local Member Server (domain joined),SecuritySettings,secedit /export /cfg $env:TEMP\secpol.cfg /quiet; (Select-String 'SeCreatePermanentPrivilege' $env:TEMP\secpol.cfg).Line,Security Policy,2.2.16,6.8 (IG3),WN25-UR-000080,AC-6(10),"User-rights assignment 'Create permanent shared objects'. Restricting this privilege to the intended principals limits which accounts can perform this sensitive operation, keeping high-impact rights scoped to administrators. Granting this privilege to additional accounts widens who can perform this sensitive operation, an escalation risk.",Func:L / Sec:M — User rights assignment; review for service account compatibility,Warning Allowed
UserRightsCreateSymbolicLinks,e97bdde4-ccec-42e6-a17f-7993cb03a0d6,CCE-35823-4,Create symbolic links,Configures 'Create symbolic links' per security baseline requirements to enforce organizational security policy.,,,,./Vendor/MSFT/Policy,Config/UserRights/CreateSymbolicLinks,String,"*S-1-5-32-544,*S-1-5-83-0","OneOf(Equals(''), AllOf(Pattern('^(\*S-1-[\d\-]+)(,\*S-1-[\d\-]+)*$')))","ContainsAtMost('*S-1-5-32-544', '*S-1-5-83-0')",Critical,Azure Local Member Server (domain joined),SecuritySettings,secedit /export /cfg $env:TEMP\secpol.cfg /quiet; (Select-String 'SeCreateSymbolicLinkPrivilege' $env:TEMP\secpol.cfg).Line,Security Policy,2.2.17,6.8 (IG3),WN25-UR-000090,AC-6(10),"User-rights assignment 'Create symbolic links'. Restricting this privilege to the intended principals limits which accounts can perform this sensitive operation, keeping high-impact rights scoped to administrators. Granting this privilege to additional accounts widens who can perform this sensitive operation, an escalation risk.",Func:L / Sec:M — User rights assignment; review for service account compatibility,Warning Allowed
UserRightsCreateToken,d3f866fb-8adf-4ec6-adc7-93bb9ebcccdd,CCE-36861-3,Create a token object,Configures 'Create a token object' per security baseline requirements to enforce organizational security policy.,,,,./Vendor/MSFT/Policy,Config/UserRights/CreateToken,String,'',"OneOf(Equals(''), AllOf(Pattern('^(\*S-1-[\d\-]+)(,\*S-1-[\d\-]+)*$')))",Equals(''),Warning,Azure Local Member Server (domain joined),SecuritySettings,secedit /export /cfg $env:TEMP\secpol.cfg /quiet; (Select-String 'SeCreateTokenPrivilege' $env:TEMP\secpol.cfg).Line,Security Policy,2.2.14,6.8 (IG3),WN25-UR-000060,AC-6(10),"User-rights assignment 'Create a token object'. Restricting this privilege to the intended principals limits which accounts can perform this sensitive operation, keeping high-impact rights scoped to administrators. Granting this privilege to additional accounts widens who can perform this sensitive operation, an escalation risk.",Func:L / Sec:M — User rights assignment; review for service account compatibility,Warning Allowed
UserRightsCredManagerTrusted,131ecdaf-4a45-44ef-8d8e-eb7f4acf2fa6,CCE-37056-9,Access Credential Manager as a trusted caller,Restricts which accounts can access Credential Manager as a trusted caller. Only Winlogon should have this privilege; granting it to other accounts allows retrieval of stored credentials.,,,,./Vendor/MSFT/Policy,Config/UserRights/AccessCredentialManagerAsTrustedCaller,String,'',"OneOf(Equals(''), AllOf(Pattern('^(\*S-1-[\d\-]+)(,\*S-1-[\d\-]+)*$')))",Equals(''),Warning,Azure Local Member Server (domain joined),SecuritySettings,secedit /export /cfg $env:TEMP\secpol.cfg /quiet; (Select-String 'SeTrustedCredManAccessPrivilege' $env:TEMP\secpol.cfg).Line,Security Policy,2.2.1,6.8 (IG3),WN25-UR-000010,AC-6(10),"User-rights assignment 'Access Credential Manager as a trusted caller'. Restricting this privilege to the intended principals limits which accounts can perform this sensitive operation, keeping high-impact rights scoped to administrators. Granting this privilege to additional accounts widens who can perform this sensitive operation, an escalation risk.",Func:L / Sec:M — User rights assignment; review for service account compatibility,Warning Allowed
UserRightsDebugPrograms,f7d5fa8e-54ed-4e3e-a531-8ed38114bdab,AZ-WIN-73755,Debug programs,Configures 'Debug programs' per security baseline requirements to enforce organizational security policy.,,,,./Vendor/MSFT/Policy,Config/UserRights/DebugPrograms,String,*S-1-5-32-544,"OneOf(Equals(''), AllOf(Pattern('^(\*S-1-[\d\-]+)(,\*S-1-[\d\-]+)*$')))",ContainsExactly('*S-1-5-32-544'),Critical,Azure Local Member Server (domain joined),SecuritySettings,secedit /export /cfg $env:TEMP\secpol.cfg /quiet; (Select-String 'SeDebugPrivilege' $env:TEMP\secpol.cfg).Line,Security Policy,2.2.19,6.8 (IG3),NA,"AC-6, CM-6","User-rights assignment 'Debug programs'. Restricting this privilege to the intended principals limits which accounts can perform this sensitive operation, keeping high-impact rights scoped to administrators. Granting this privilege to additional accounts widens who can perform this sensitive operation, an escalation risk.",Func:M / Sec:H — Privilege assignment; wrong value may break cluster service accounts or enable privilege escalation,Warning Allowed
UserRightsDenyAccessFromNetwork,fbe348fd-0402-4e31-8482-66ae9ae82ea2,CCE-37954-5,Deny access to this computer from the network,Restricts the 'Deny access to this computer from the network' right to prevent unauthorized access or privilege escalation.,,,,./Vendor/MSFT/Policy,Config/UserRights/DenyAccessFromNetwork,String,*S-1-5-32-546,"OneOf(Equals(''), AllOf(Pattern('^(\*S-1-[\d\-]+)(,\*S-1-[\d\-]+)*$')))",ContainsAtLeast('*S-1-5-32-546'),Critical,Azure Local Member Server (domain joined),SecuritySettings,secedit /export /cfg $env:TEMP\secpol.cfg /quiet; (Select-String 'SeDenyNetworkLogonRight' $env:TEMP\secpol.cfg).Line,Security Policy,2.2.20,6.8 (IG3),WN25-DC-000370,AC-3,"User-rights assignment 'Deny access to this computer from the network'. Restricting this privilege to the intended principals limits which accounts can perform this sensitive operation, keeping high-impact rights scoped to administrators. Removing accounts from this deny list re-permits their logon by this method.",Func:M / Sec:H — Privilege assignment; wrong value may break cluster service accounts or enable privilege escalation,Warning Allowed
UserRightsDenyLocalLogOn,b7432fc2-51ba-4ddf-83dd-ca7f92e670c1,CCE-37146-8,Deny log on locally,Restricts the 'Deny log on locally' right to prevent unauthorized access or privilege escalation.,,,,./Vendor/MSFT/Policy,Config/UserRights/DenyLocalLogOn,String,*S-1-5-32-546,"OneOf(Equals(''), AllOf(Pattern('^(\*S-1-[\d\-]+)(,\*S-1-[\d\-]+)*$')))",ContainsAtLeast('*S-1-5-32-546'),Critical,Azure Local Member Server (domain joined),SecuritySettings,secedit /export /cfg $env:TEMP\secpol.cfg /quiet; (Select-String 'SeDenyInteractiveLogonRight' $env:TEMP\secpol.cfg).Line,Security Policy,2.2.24,6.8 (IG3),NA,"AC-2, AC-6","User-rights assignment 'Deny log on locally'. Restricting this privilege to the intended principals limits which accounts can perform this sensitive operation, keeping high-impact rights scoped to administrators. Removing accounts from this deny list re-permits their logon by this method.",Func:M / Sec:H — Privilege assignment; wrong value may break cluster service accounts or enable privilege escalation,Warning Allowed
UserRightsDenyLogOnAsBatchJob,49258884-b2f0-4a4e-b66a-6954bb8473bf,CCE-36923-1,Deny log on as a batch job,Restricts the 'Deny log on as a batch job' right to prevent unauthorized access or privilege escalation.,,,,./Vendor/MSFT/Policy,Config/UserRights/DenyLogOnAsBatchJob,String,*S-1-5-32-546,"OneOf(Equals(''), AllOf(Pattern('^(\*S-1-[\d\-]+)(,\*S-1-[\d\-]+)*$')))",ContainsAtLeast('*S-1-5-32-546'),Critical,Azure Local Member Server (domain joined),SecuritySettings,secedit /export /cfg $env:TEMP\secpol.cfg /quiet; (Select-String 'SeDenyBatchLogonRight' $env:TEMP\secpol.cfg).Line,Security Policy,2.2.22,6.8 (IG3),NA,"AC-2, AC-6","User-rights assignment 'Deny log on as a batch job'. Restricting this privilege to the intended principals limits which accounts can perform this sensitive operation, keeping high-impact rights scoped to administrators. Removing accounts from this deny list re-permits their logon by this method.",Func:L / Sec:M — User rights assignment; review for service account compatibility,Warning Allowed
UserRightsDenyLogOnAsService,3b993f8f-245d-4f4e-9e8b-f94cbc71c3f6,CCE-36877-9,Deny log on as a service,Restricts the 'Deny log on as a service' right to prevent unauthorized access or privilege escalation.,,,,./Vendor/MSFT/Policy,Config/UserRights/DenyLogOnAsService,String,*S-1-5-32-546,"OneOf(Equals(''), AllOf(Pattern('^(\*S-1-[\d\-]+)(,\*S-1-[\d\-]+)*$')))",ContainsAtLeast('*S-1-5-32-546'),Critical,Azure Local Member Server (domain joined),SecuritySettings,secedit /export /cfg $env:TEMP\secpol.cfg /quiet; (Select-String 'SeDenyServiceLogonRight' $env:TEMP\secpol.cfg).Line,Security Policy,2.2.23,6.8 (IG3),NA,"AC-2, AC-6, CM-6, CM-7","User-rights assignment 'Deny log on as a service'. Restricting this privilege to the intended principals limits which accounts can perform this sensitive operation, keeping high-impact rights scoped to administrators. Removing accounts from this deny list re-permits their logon by this method.",Func:L / Sec:M — User rights assignment; review for service account compatibility,Warning Allowed
UserRightsDenyRemoteDesktopServicesLogOn,60e0c2c9-0b14-44fe-83d6-2b7095e06674,CCE-36867-0,Deny log on through Remote Desktop Services,Restricts the 'Deny log on through Remote Desktop Services' right to prevent unauthorized access or privilege escalation.,,,,./Vendor/MSFT/Policy,Config/UserRights/DenyRemoteDesktopServicesLogOn,String,*S-1-5-32-546,"OneOf(Equals(''), AllOf(Pattern('^(\*S-1-[\d\-]+)(,\*S-1-[\d\-]+)*$')))",ContainsAtLeast('*S-1-5-32-546'),Critical,Azure Local Member Server (domain joined),SecuritySettings,secedit /export /cfg $env:TEMP\secpol.cfg /quiet; (Select-String 'SeDenyRemoteInteractiveLogonRight' $env:TEMP\secpol.cfg).Line,Security Policy,2.2.25,6.8 (IG3),WN25-DC-000410,AC-17(1),"User-rights assignment 'Deny log on through Remote Desktop Services'. Restricting this privilege to the intended principals limits which accounts can perform this sensitive operation, keeping high-impact rights scoped to administrators. Removing accounts from this deny list re-permits their logon by this method.",Func:M / Sec:M — RDP config affects remote admin access to nodes,Warning Allowed
UserRightsEnableDelegation,045634b9-61c9-414f-ad91-74dcfee9c076,CCE-36860-5,Enable computer and user accounts to be trusted for delegation,Configures 'Enable computer and user accounts to be trusted for delegation' per security baseline requirements to enforce organizational security policy.,,,,./Vendor/MSFT/Policy,Config/UserRights/EnableDelegation,String,'',"OneOf(Equals(''), AllOf(Pattern('^(\*S-1-[\d\-]+)(,\*S-1-[\d\-]+)*$')))",Equals(''),Critical,Azure Local Member Server (domain joined),SecuritySettings,secedit /export /cfg $env:TEMP\secpol.cfg /quiet; (Select-String 'SeEnableDelegationPrivilege' $env:TEMP\secpol.cfg).Line,Security Policy,2.2.27,6.8 (IG3),WN25-DC-000420,AC-6(10),"User-rights assignment 'Enable computer and user accounts to be trusted for delegation'. Restricting this privilege to the intended principals limits which accounts can perform this sensitive operation, keeping high-impact rights scoped to administrators. Granting this privilege to additional accounts widens who can perform this sensitive operation, an escalation risk.",Func:M / Sec:H — Privilege assignment; wrong value may break cluster service accounts or enable privilege escalation,Warning Allowed
UserRightsGenerateSecurityAudits,46e66c68-266e-4bdc-9ebe-4c5164c0acfe,CCE-37639-2,Generate security audits,Configures 'Generate security audits' per security baseline requirements to enforce organizational security policy.,,,,./Vendor/MSFT/Policy,Config/UserRights/GenerateSecurityAudits,String,"*S-1-5-19,*S-1-5-20,*S-1-5-99-216390572-1995538116-3857911515-2404958512-2623887229","OneOf(Equals(''), AllOf(Pattern('^(\*S-1-[\d\-]+)(,\*S-1-[\d\-]+)*$')))","ContainsAtMost('*S-1-5-19', '*S-1-5-20', '*S-1-5-99-216390572-1995538116-3857911515-2404958512-2623887229')",Critical,Azure Local Member Server (domain joined),SecuritySettings,secedit /export /cfg $env:TEMP\secpol.cfg /quiet; (Select-String 'SeAuditPrivilege' $env:TEMP\secpol.cfg).Line,Security Policy,2.2.30,6.8 (IG3),WN25-UR-000120,AC-6(10),"User-rights assignment 'Generate security audits'. Restricting this privilege to the intended principals limits which accounts can perform this sensitive operation, keeping high-impact rights scoped to administrators. Granting this privilege to additional accounts widens who can perform this sensitive operation, an escalation risk.","Func:L / Sec:L — Audit/logging setting; no functional impact, reduces visibility if disabled",Warning Allowed
UserRightsIncreaseProcessWorkingSet,23d0f843-e7bf-40e9-82cb-6299b35e52ab,AZ-WIN-00185,Increase a process working set,Configures 'Increase a process working set' per security baseline requirements to enforce organizational security policy.,,,,./Vendor/MSFT/Policy,Config/UserRights/IncreaseProcessWorkingSet,String,"*S-1-5-32-544,*S-1-5-19","OneOf(Equals(''), AllOf(Pattern('^(\*S-1-[\d\-]+)(,\*S-1-[\d\-]+)*$')))","ContainsAtMost('*S-1-5-32-544', '*S-1-5-19')",Warning,Azure Local Member Server (domain joined),SecuritySettings,secedit /export /cfg $env:TEMP\secpol.cfg /quiet; (Select-String 'SeIncreaseWorkingSetPrivilege' $env:TEMP\secpol.cfg).Line,Security Policy,NA,NA,NA,"AC-2, CM-6","User-rights assignment 'Increase a process working set'. Restricting this privilege to the intended principals limits which accounts can perform this sensitive operation, keeping high-impact rights scoped to administrators. Granting this privilege to additional accounts widens who can perform this sensitive operation, an escalation risk.",Func:L / Sec:M — User rights assignment; review for service account compatibility,Warning Allowed
UserRightsIncreaseSchedulingPriority,69a86f33-b475-407e-a09f-55e78ca4e473,CCE-38326-6,Increase scheduling priority,Configures 'Increase scheduling priority' per security baseline requirements to enforce organizational security policy.,,,,./Vendor/MSFT/Policy,Config/UserRights/IncreaseSchedulingPriority,String,*S-1-5-32-544,"OneOf(Equals(''), AllOf(Pattern('^(\*S-1-[\d\-]+)(,\*S-1-[\d\-]+)*$')))","ContainsAtMost('*S-1-5-32-544', '*S-1-5-90-0')",Warning,Azure Local Member Server (domain joined),SecuritySettings,secedit /export /cfg $env:TEMP\secpol.cfg /quiet; (Select-String 'SeIncreaseBasePriorityPrivilege' $env:TEMP\secpol.cfg).Line,Security Policy,2.2.33,6.8 (IG3),WN25-UR-000140,AC-6(10),"User-rights assignment 'Increase scheduling priority'. Restricting this privilege to the intended principals limits which accounts can perform this sensitive operation, keeping high-impact rights scoped to administrators. Granting this privilege to additional accounts widens who can perform this sensitive operation, an escalation risk.",Func:L / Sec:M — User rights assignment; review for service account compatibility,Warning Allowed
UserRightsLoadUnloadDeviceDrivers,50f4447d-0bdd-4e8c-ba06-2e0b22ec5d04,CCE-36318-4,Load and unload device drivers,Configures 'Load and unload device drivers' per security baseline requirements to enforce organizational security policy.,,,,./Vendor/MSFT/Policy,Config/UserRights/LoadUnloadDeviceDrivers,String,*S-1-5-32-544,"OneOf(Equals(''), AllOf(Pattern('^(\*S-1-[\d\-]+)(,\*S-1-[\d\-]+)*$')))",ContainsAtMost('*S-1-5-32-544'),Warning,Azure Local Member Server (domain joined),SecuritySettings,secedit /export /cfg $env:TEMP\secpol.cfg /quiet; (Select-String 'SeLoadDriverPrivilege' $env:TEMP\secpol.cfg).Line,Security Policy,2.2.34,6.8 (IG3),WN25-UR-000150,AC-6(10),"User-rights assignment 'Load and unload device drivers'. Restricting this privilege to the intended principals limits which accounts can perform this sensitive operation, keeping high-impact rights scoped to administrators. Granting this privilege to additional accounts widens who can perform this sensitive operation, an escalation risk.",Func:L / Sec:M — User rights assignment; review for service account compatibility,Warning Allowed
UserRightsLockMemory,6e635d8c-3496-4c66-b734-c46ebccc5d38,CCE-36495-0,Lock pages in memory,Configures 'Lock pages in memory' per security baseline requirements to enforce organizational security policy.,,,,./Vendor/MSFT/Policy,Config/UserRights/LockMemory,String,'',"OneOf(Equals(''), AllOf(Pattern('^(\*S-1-[\d\-]+)(,\*S-1-[\d\-]+)*$')))",Equals(''),Warning,Azure Local Member Server (domain joined),SecuritySettings,secedit /export /cfg $env:TEMP\secpol.cfg /quiet; (Select-String 'SeLockMemoryPrivilege' $env:TEMP\secpol.cfg).Line,Security Policy,2.2.35,6.8 (IG3),WN25-UR-000160,"AC-6(10), SI-16","User-rights assignment 'Lock pages in memory'. Restricting this privilege to the intended principals limits which accounts can perform this sensitive operation, keeping high-impact rights scoped to administrators. Granting this privilege to additional accounts widens who can perform this sensitive operation, an escalation risk.",Func:L / Sec:M — User rights assignment; review for service account compatibility,Warning Allowed
UserRightsManageAuditingAndSecurityLog,5d72b92f-e6b0-4898-b24a-49241c3a70a4,CCE-35906-7,Manage auditing and security log,Configures 'Manage auditing and security log' per security baseline requirements to enforce organizational security policy.,,,,./Vendor/MSFT/Policy,Config/UserRights/ManageAuditingAndSecurityLog,String,*S-1-5-32-544,"OneOf(Equals(''), AllOf(Pattern('^(\*S-1-[\d\-]+)(,\*S-1-[\d\-]+)*$')))",ContainsExactly('*S-1-5-32-544'),Critical,Azure Local Member Server (domain joined),SecuritySettings,secedit /export /cfg $env:TEMP\secpol.cfg /quiet; (Select-String 'SeSecurityPrivilege' $env:TEMP\secpol.cfg).Line,Security Policy,2.2.37,6.8 (IG3),WN25-UR-000170,"AU-12, AU-12(3), AU-9","User-rights assignment 'Manage auditing and security log'. Restricting this privilege to the intended principals limits which accounts can perform this sensitive operation, keeping high-impact rights scoped to administrators. Granting this privilege to additional accounts widens who can perform this sensitive operation, an escalation risk.","Func:L / Sec:L — Audit/logging setting; no functional impact, reduces visibility if disabled",Warning Allowed
UserRightsManageVolume,506fa45a-f043-46b0-bca9-da87e2f2618b,CCE-36143-6,Perform volume maintenance tasks,Configures 'Perform volume maintenance tasks' per security baseline requirements to enforce organizational security policy.,,,,./Vendor/MSFT/Policy,Config/UserRights/ManageVolume,String,*S-1-5-32-544,"OneOf(Equals(''), AllOf(Pattern('^(\*S-1-[\d\-]+)(,\*S-1-[\d\-]+)*$')))",ContainsExactly('*S-1-5-32-544'),Warning,Azure Local Member Server (domain joined),SecuritySettings,secedit /export /cfg $env:TEMP\secpol.cfg /quiet; (Select-String 'SeManageVolumePrivilege' $env:TEMP\secpol.cfg).Line,Security Policy,2.2.41,6.8 (IG3),WN25-UR-000190,AC-6(10),"User-rights assignment 'Perform volume maintenance tasks'. Restricting this privilege to the intended principals limits which accounts can perform this sensitive operation, keeping high-impact rights scoped to administrators. Granting this privilege to additional accounts widens who can perform this sensitive operation, an escalation risk.",Func:L / Sec:M — User rights assignment; review for service account compatibility,Warning Allowed
UserRightsModifyFirmwareEnvironment,910405d5-3ee9-427c-baf1-77c69c7c209d,CCE-38113-7,Modify firmware environment values,Configures 'Modify firmware environment values' per security baseline requirements to enforce organizational security policy.,,,,./Vendor/MSFT/Policy,Config/UserRights/ModifyFirmwareEnvironment,String,*S-1-5-32-544,"OneOf(Equals(''), AllOf(Pattern('^(\*S-1-[\d\-]+)(,\*S-1-[\d\-]+)*$')))",ContainsExactly('*S-1-5-32-544'),Warning,Azure Local Member Server (domain joined),SecuritySettings,secedit /export /cfg $env:TEMP\secpol.cfg /quiet; (Select-String 'SeSystemEnvironmentPrivilege' $env:TEMP\secpol.cfg).Line,Security Policy,2.2.40,6.8 (IG3),WN25-UR-000180,AC-6(10),"User-rights assignment 'Modify firmware environment values'. Restricting this privilege to the intended principals limits which accounts can perform this sensitive operation, keeping high-impact rights scoped to administrators. Granting this privilege to additional accounts widens who can perform this sensitive operation, an escalation risk.",Func:L / Sec:M — User rights assignment; review for service account compatibility,Warning Allowed
UserRightsModifyObjectLabel,25c07385-c03d-4f61-b4d2-13852635abb7,CCE-36054-5,Modify an object label,Configures 'Modify an object label' per security baseline requirements to enforce organizational security policy.,,,,./Vendor/MSFT/Policy,Config/UserRights/ModifyObjectLabel,String,'',"OneOf(Equals(''), AllOf(Pattern('^(\*S-1-[\d\-]+)(,\*S-1-[\d\-]+)*$')))",Equals(''),Warning,Azure Local Member Server (domain joined),SecuritySettings,secedit /export /cfg $env:TEMP\secpol.cfg /quiet; (Select-String 'SeRelabelPrivilege' $env:TEMP\secpol.cfg).Line,Security Policy,2.2.39,6.8 (IG3),NA,"AC-2, CM-6","User-rights assignment 'Modify an object label'. Restricting this privilege to the intended principals limits which accounts can perform this sensitive operation, keeping high-impact rights scoped to administrators. Granting this privilege to additional accounts widens who can perform this sensitive operation, an escalation risk.",Func:L / Sec:M — User rights assignment; review for service account compatibility,Warning Allowed
UserRightsProfileSingleProcess,aec3dc3b-3625-47ea-8e11-fef4b1be8adb,CCE-37131-0,Profile single process,Configures 'Profile single process' per security baseline requirements to enforce organizational security policy.,,,,./Vendor/MSFT/Policy,Config/UserRights/ProfileSingleProcess,String,*S-1-5-32-544,"OneOf(Equals(''), AllOf(Pattern('^(\*S-1-[\d\-]+)(,\*S-1-[\d\-]+)*$')))",ContainsExactly('*S-1-5-32-544'),Warning,Azure Local Member Server (domain joined),SecuritySettings,secedit /export /cfg $env:TEMP\secpol.cfg /quiet; (Select-String 'SeProfileSingleProcessPrivilege' $env:TEMP\secpol.cfg).Line,Security Policy,2.2.42,6.8 (IG3),WN25-UR-000200,AC-6(10),"User-rights assignment 'Profile single process'. Restricting this privilege to the intended principals limits which accounts can perform this sensitive operation, keeping high-impact rights scoped to administrators. Granting this privilege to additional accounts widens who can perform this sensitive operation, an escalation risk.",Func:L / Sec:M — User rights assignment; review for service account compatibility,Warning Allowed
UserRightsProfileSystemPerformance,e61c2d81-389a-4e59-bf19-2a6db7a0dc0b,CCE-36052-9,Profile system performance,Configures 'Profile system performance' per security baseline requirements to enforce organizational security policy.,,,,./Vendor/MSFT/Policy,Config/UserRights/ProfileSystemPerformance,String,"*S-1-5-32-544,*S-1-5-80-3139157870-2983391045-3678747466-658725712-1809340420","OneOf(Equals(''), AllOf(Pattern('^(\*S-1-[\d\-]+)(,\*S-1-[\d\-]+)*$')))","ContainsAtMost('*S-1-5-32-544', '*S-1-5-80-3139157870-2983391045-3678747466-658725712-1809340420')",Warning,Azure Local Member Server (domain joined),SecuritySettings,secedit /export /cfg $env:TEMP\secpol.cfg /quiet; (Select-String 'SeSystemProfilePrivilege' $env:TEMP\secpol.cfg).Line,Security Policy,2.2.43,6.8 (IG3),NA,"AC-2, CM-6","User-rights assignment 'Profile system performance'. Restricting this privilege to the intended principals limits which accounts can perform this sensitive operation, keeping high-impact rights scoped to administrators. Granting this privilege to additional accounts widens who can perform this sensitive operation, an escalation risk.",Func:L / Sec:M — User rights assignment; review for service account compatibility,Warning Allowed
UserRightsRemoteShutdown,3531261f-1644-4d10-9242-8e35ef386a83,CCE-37877-8,Force shutdown from a remote system,Configures 'Force shutdown from a remote system' per security baseline requirements to enforce organizational security policy.,,,,./Vendor/MSFT/Policy,Config/UserRights/RemoteShutdown,String,*S-1-5-32-544,"OneOf(Equals(''), AllOf(Pattern('^(\*S-1-[\d\-]+)(,\*S-1-[\d\-]+)*$')))",ContainsExactly('*S-1-5-32-544'),Critical,Azure Local Member Server (domain joined),SecuritySettings,secedit /export /cfg $env:TEMP\secpol.cfg /quiet; (Select-String 'SeRemoteShutdownPrivilege' $env:TEMP\secpol.cfg).Line,Security Policy,2.2.29,6.8 (IG3),WN25-UR-000110,AC-6(10),"User-rights assignment 'Force shutdown from a remote system'. Restricting this privilege to the intended principals limits which accounts can perform this sensitive operation, keeping high-impact rights scoped to administrators. Granting this privilege to additional accounts widens who can perform this sensitive operation, an escalation risk.",Func:L / Sec:M — User rights assignment; review for service account compatibility,Warning Allowed
UserRightsReplaceProcessLevelToken,08a4b141-c737-404e-8617-9830268e8bfa,CCE-37430-6,Replace a process level token,Configures 'Replace a process level token' per security baseline requirements to enforce organizational security policy.,,,,./Vendor/MSFT/Policy,Config/UserRights/ReplaceProcessLevelToken,String,"*S-1-5-19,*S-1-5-20","OneOf(Equals(''), AllOf(Pattern('^(\*S-1-[\d\-]+)(,\*S-1-[\d\-]+)*$')))","ContainsAtMost('*S-1-5-19', '*S-1-5-20')",Warning,Azure Local Member Server (domain joined),SecuritySettings,secedit /export /cfg $env:TEMP\secpol.cfg /quiet; (Select-String 'SeAssignPrimaryTokenPrivilege' $env:TEMP\secpol.cfg).Line,Security Policy,2.2.44,6.8 (IG3),NA,"AC-3, SC-12","User-rights assignment 'Replace a process level token'. Restricting this privilege to the intended principals limits which accounts can perform this sensitive operation, keeping high-impact rights scoped to administrators. Granting this privilege to additional accounts widens who can perform this sensitive operation, an escalation risk.",Func:L / Sec:M — User rights assignment; review for service account compatibility,Warning Allowed
UserRightsRestoreFilesAndDirectories,1baa8699-ca1c-466b-b17c-f8eab728b0ee,CCE-37613-7,Restore files and directories,Configures 'Restore files and directories' per security baseline requirements to enforce organizational security policy.,,,,./Vendor/MSFT/Policy,Config/UserRights/RestoreFilesAndDirectories,String,*S-1-5-32-544,"OneOf(Equals(''), AllOf(Pattern('^(\*S-1-[\d\-]+)(,\*S-1-[\d\-]+)*$')))",ContainsExactly('*S-1-5-32-544'),Warning,Azure Local Member Server (domain joined),SecuritySettings,secedit /export /cfg $env:TEMP\secpol.cfg /quiet; (Select-String 'SeRestorePrivilege' $env:TEMP\secpol.cfg).Line,Security Policy,2.2.45,6.8 (IG3),WN25-UR-000210,AC-6(10),"User-rights assignment 'Restore files and directories'. Restricting this privilege to the intended principals limits which accounts can perform this sensitive operation, keeping high-impact rights scoped to administrators. Granting this privilege to additional accounts widens who can perform this sensitive operation, an escalation risk.",Func:L / Sec:M — User rights assignment; review for service account compatibility,Warning Allowed
UserRightsShutDownTheSystem,ef0eefbb-e845-47f3-af9a-3409296d3264,CCE-38328-1,Shut down the system,Configures 'Shut down the system' per security baseline requirements to enforce organizational security policy.,,,,./Vendor/MSFT/Policy,Config/UserRights/ShutDownTheSystem,String,*S-1-5-32-544,"OneOf(Equals(''), AllOf(Pattern('^(\*S-1-[\d\-]+)(,\*S-1-[\d\-]+)*$')))",ContainsExactly('*S-1-5-32-544'),Warning,Azure Local Member Server (domain joined),SecuritySettings,secedit /export /cfg $env:TEMP\secpol.cfg /quiet; (Select-String 'SeShutdownPrivilege' $env:TEMP\secpol.cfg).Line,Security Policy,2.2.46,6.8 (IG3),WN25-UR-000110,AC-6(10),"User-rights assignment 'Shut down the system'. Restricting this privilege to the intended principals limits which accounts can perform this sensitive operation, keeping high-impact rights scoped to administrators. Granting this privilege to additional accounts widens who can perform this sensitive operation, an escalation risk.",Func:L / Sec:M — User rights assignment; review for service account compatibility,Warning Allowed
UserRightsTakeOwnership,b8841a6a-97b1-485b-9f3c-e5ccef30d2e6,CCE-38325-7,Take ownership of files or other objects,Configures 'Take ownership of files or other objects' per security baseline requirements to enforce organizational security policy.,,,,./Vendor/MSFT/Policy,Config/UserRights/TakeOwnership,String,*S-1-5-32-544,"OneOf(Equals(''), AllOf(Pattern('^(\*S-1-[\d\-]+)(,\*S-1-[\d\-]+)*$')))",ContainsExactly('*S-1-5-32-544'),Critical,Azure Local Member Server (domain joined),SecuritySettings,secedit /export /cfg $env:TEMP\secpol.cfg /quiet; (Select-String 'SeTakeOwnershipPrivilege' $env:TEMP\secpol.cfg).Line,Security Policy,2.2.48,6.8 (IG3),WN25-UR-000220,AC-6(10),"User-rights assignment 'Take ownership of files or other objects'. Restricting this privilege to the intended principals limits which accounts can perform this sensitive operation, keeping high-impact rights scoped to administrators. Granting this privilege to additional accounts widens who can perform this sensitive operation, an escalation risk.",Func:L / Sec:M — User rights assignment; review for service account compatibility,Warning Allowed
WindowsHelloAntiSpoofing,,,Configure enhanced anti-spoofing,Configures 'Configure enhanced anti-spoofing' per security baseline requirements to enforce organizational security policy.,HKLM:\SOFTWARE\Policies\Microsoft\Biometrics\FacialFeatures,EnhancedAntiSpoofing,REG_DWORD,,,,1,"Range(0, 1)",Equals(1),Critical,Azure Local Member Server (domain joined),SecuritySettings,"Get-ItemProperty ""HKLM:\SOFTWARE\Policies\Microsoft\Biometrics\FacialFeatures"" -Name ""EnhancedAntiSpoofing""",Registry,18.10.9.1.1,Not Mapped,NA,CM-6,"Enables enhanced anti-spoofing for Windows Hello facial recognition, hardening biometric logon against presentation/spoof attacks. Disabling anti-spoofing weakens Windows Hello facial recognition against presentation and spoof attacks.",Func:L / Sec:M — Windows Hello policy; no cluster functional impact,Warning Allowed
WindowsLogonAllowAutomaticRestartSignOn,b784a87e-4aa2-4f61-8b3f-38abff6dac22,CCE-36977-7,Sign-in last interactive user automatically after a system-initiated restart,Configures 'Sign-in last interactive user automatically after a system-initiated restart' per security baseline requirements to enforce organizational security policy.,HKLM:\SOFTWARE\Microsoft\Windows\CurrentVersion\Policies\System,DisableAutomaticRestartSignOn,REG_DWORD,,,,1,"Range(0, 1)",Equals(1),Critical,Azure Local Member Server (domain joined),SecuritySettings,"Get-ItemProperty ""HKLM:\SOFTWARE\Microsoft\Windows\CurrentVersion\Policies\System"" -Name ""DisableAutomaticRestartSignOn""",Registry,18.10.83.2,Not Mapped,WN25-CC-000450,CM-6,"Controls automatic sign-in of the last interactive user after an update-driven restart, balancing unattended-recovery against leaving a session unlocked. Allowing automatic restart sign-in can leave the last user's session signed in after an update.",Func:L / Sec:M — Logon security policy; no direct cluster impact,Warning Allowed
WindowsLogonConfigAutomaticRestartSignOn,,,Sign-in and lock last interactive user automatically after a restart,Configures 'Sign-in and lock last interactive user automatically after a restart' per security baseline requirements to enforce organizational security policy.,HKLM:\SOFTWARE\Microsoft\Windows\CurrentVersion\Policies\System,AutomaticRestartSignOnConfig,REG_DWORD,,,,1,"Range(0, 1)",Equals(1),Important,Azure Local Member Server (domain joined),SecuritySettings,"Get-ItemProperty ""HKLM:\SOFTWARE\Microsoft\Windows\CurrentVersion\Policies\System"" -Name ""AutomaticRestartSignOnConfig""",Registry,18.10.83.2,Not Mapped,WN25-CC-000450,CM-6,"Automatically signs in and then locks the last interactive user after a restart, restoring session state while keeping the console locked. Changing this lets the restored session reappear unlocked after a restart.",Func:L / Sec:M — Logon security policy; no direct cluster impact,Warning Allowed
WindowsLogonDisableLockScreenAppNotifications,bea7aff2-db2d-4db7-bf47-0e475db398a3,CCE-35893-7,Turn off app notifications on the lock screen,Configures 'Turn off app notifications on the lock screen' per security baseline requirements to enforce organizational security policy.,HKLM:\SOFTWARE\Policies\Microsoft\Windows\System,DisableLockScreenAppNotifications,REG_DWORD,,,,1,"Range(0, 1)",Equals(1),Warning,Azure Local Member Server (domain joined),SecuritySettings,"Get-ItemProperty ""HKLM:\SOFTWARE\Policies\Microsoft\Windows\System"" -Name ""DisableLockScreenAppNotifications""",Registry,18.9.29.5,"4.8 (IG2, IG3)",NA,CM-6,"Logon/lock-screen exposure control 'Turn off app notifications on the lock screen'. Reduces information disclosed at the lock screen or sign-in (usernames, account details, UI surfaces) that aids targeting or unattended-console abuse. Re-enabling lock-screen app notifications exposes potentially sensitive content at the locked console.",Func:L / Sec:M — Logon security policy; no direct cluster impact,Warning Allowed
WindowsLogonDontDisplayNetworkSelectionUI,1ce9d867-2a1f-4e0d-8ee9-bc3606f9302c,CCE-38353-9,Do not display network selection UI,Configures 'Do not display network selection UI' per security baseline requirements to enforce organizational security policy.,HKLM:\SOFTWARE\Policies\Microsoft\Windows\System,DontDisplayNetworkSelectionUI,REG_DWORD,,,,1,"Range(0, 1)",Equals(1),Warning,Azure Local Member Server (domain joined),SecuritySettings,"Get-ItemProperty ""HKLM:\SOFTWARE\Policies\Microsoft\Windows\System"" -Name ""DontDisplayNetworkSelectionUI""",Registry,18.9.29.2,Not Mapped,WN25-CC-000170,CM-7,"Logon/lock-screen exposure control 'Do not display network selection UI'. Reduces information disclosed at the lock screen or sign-in (usernames, account details, UI surfaces) that aids targeting or unattended-console abuse. Showing the network-selection UI at the lock screen exposes a pre-logon interaction surface.",Func:L / Sec:M — Logon security policy; no direct cluster impact,Warning Allowed
WinRMAllowBasicAuthClient,abb1bcab-f4da-4a9c-be63-7564a0bca7b8,CCE-36254-1,Remote management (WinRM) Allow Basic authentication,Configures 'Remote management (WinRM) Allow Basic authentication' per security baseline requirements to enforce organizational security policy.,HKLM:\SOFTWARE\Policies\Microsoft\Windows\WinRM\Client,AllowBasic,REG_DWORD,,,,0,"Range(0, 1)","OneOf(Equals(0), Equals(null))",Critical,Azure Local Member Server (domain joined),SecuritySettings,"Get-ItemProperty ""HKLM:\SOFTWARE\Policies\Microsoft\Windows\WinRM\Client"" -Name ""AllowBasic""",Registry,18.10.90.1.1,"3.10 (IG2, IG3)",WN25-CC-000470,MA-4,"Disables WinRM Basic authentication, which transmits credentials with weak protection; forces stronger auth schemes for remote management. Re-enabling WinRM Basic authentication transmits credentials with weak protection.",Func:Critical / Sec:M — WinRM client auth for management connections,Blocked
WinRMAllowBasicAuthService,d9bb8281-cc54-4251-b089-4b5c0035e725,AZ-WIN-73599,Remote management (WinRM) Allow Basic authentication - Service,Configures 'Remote management (WinRM) Allow Basic authentication - Service' per security baseline requirements to enforce organizational security policy.,HKLM:\SOFTWARE\Policies\Microsoft\Windows\WinRM\Service,AllowBasic,REG_DWORD,,,,0,"Range(0, 1)",Equals(0),Critical,Azure Local Member Server (domain joined),SecuritySettings,"Get-ItemProperty ""HKLM:\SOFTWARE\Policies\Microsoft\Windows\WinRM\Service"" -Name ""AllowBasic""",Registry,18.10.90.2.1,"3.10 (IG2, IG3)",WN25-CC-000470,MA-4,"Disables WinRM Basic authentication, which transmits credentials with weak protection; forces stronger auth schemes for remote management. Re-enabling WinRM Basic authentication transmits credentials with weak protection.",Func:Critical / Sec:M — WinRM service auth; LCM depends on this during bootstrap,Blocked
WinRMAllowUnencryptedClient,2785f384-9901-4c9d-8dca-8ff2b5068fde,CCE-38223-4,Remote management (WinRM) Allow unencrypted traffic,Configures 'Remote management (WinRM) Allow unencrypted traffic' per security baseline requirements to enforce organizational security policy.,HKLM:\SOFTWARE\Policies\Microsoft\Windows\WinRM\Client,AllowUnencryptedTraffic,REG_DWORD,,,,0,"Range(0, 1)","OneOf(Equals(0), Equals(null))",Critical,Azure Local Member Server (domain joined),SecuritySettings,"Get-ItemProperty ""HKLM:\SOFTWARE\Policies\Microsoft\Windows\WinRM\Client"" -Name ""AllowUnencryptedTraffic""",Registry,18.10.90.1.2,"3.10 (IG2, IG3)",WN25-CC-000480,MA-4(6),"Disallows unencrypted WinRM traffic, ensuring remote-management sessions are protected in transit against interception. Allowing unencrypted WinRM exposes remote-management sessions to interception.",Func:Critical / Sec:Critical — Must be 0; changing to 1 exposes management traffic,Blocked
WinRMAllowUnencryptedService,acde1d38-7a4d-4dec-88ba-ea978a9484df,AZ-WIN-73601,Remote management (WinRM) Allow unencrypted traffic - Service,Configures 'Remote management (WinRM) Allow unencrypted traffic - Service' per security baseline requirements to enforce organizational security policy.,HKLM:\SOFTWARE\Policies\Microsoft\Windows\WinRM\Service,AllowUnencryptedTraffic,REG_DWORD,,,,0,"Range(0, 1)",Equals(0),Critical,Azure Local Member Server (domain joined),SecuritySettings,"Get-ItemProperty ""HKLM:\SOFTWARE\Policies\Microsoft\Windows\WinRM\Service"" -Name ""AllowUnencryptedTraffic""",Registry,18.10.90.2.3,"3.10 (IG2, IG3)",WN25-CC-000480,MA-4(6),"Disallows unencrypted WinRM traffic, ensuring remote-management sessions are protected in transit against interception. Allowing unencrypted WinRM exposes remote-management sessions to interception.",Func:Critical / Sec:Critical — Must be 0; changing to 1 exposes cluster management traffic,Blocked
WinRMDisallowRunAsCreds,5fc2dc21-a630-45ee-a62d-5e3d87a45a84,CCE-36000-8,Remote management (WinRM) Disallow WinRM from storing RunAs credentials,Configures 'Remote management (WinRM) Disallow WinRM from storing RunAs credentials' per security baseline requirements to enforce organizational security policy.,HKLM:\SOFTWARE\Policies\Microsoft\Windows\WinRM\Service,DisableRunAs,REG_DWORD,,,,1,"Range(0, 1)",Equals(1),Critical,Azure Local Member Server (domain joined),SecuritySettings,"Get-ItemProperty ""HKLM:\SOFTWARE\Policies\Microsoft\Windows\WinRM\Service"" -Name ""DisableRunAs""",Registry,18.10.90.2.4,Not Mapped,WN25-CC-000520,SC-11,"Prevents WinRM from storing RunAs credentials, reducing exposure of cached secrets on the host. Allowing WinRM to store RunAs credentials exposes cached secrets on the host.",Func:H / Sec:M — RunAs credential storage; wrong value breaks delegated operations,Blocked
WinRMIPv4Filter,,,Allow remote server management through WinRM-IPv4Filter,Configures 'Allow remote server management through WinRM-IPv4Filter' per security baseline requirements to enforce organizational security policy.,HKLM:\SOFTWARE\Policies\Microsoft\Windows\WinRM\Service,IPv4Filter,REG_SZ,,,,*,"OneOf(Equals('*'), AllOf(Pattern('^(\d{1,3}\.){3}\d{1,3}(\/\d{1,2})?(\s*,\s*(\d{1,3}\.){3}\d{1,3}(\/\d{1,2})?)*$')))","OneOf(Equals('*'), AllOf(Pattern('^(\d{1,3}\.){3}\d{1,3}(\/\d{1,2})?(\s*,\s*(\d{1,3}\.){3}\d{1,3}(\/\d{1,2})?)*$')))",Informational,Azure Local Member Server (domain joined),SecuritySettings,"Get-ItemProperty ""HKLM:\SOFTWARE\Policies\Microsoft\Windows\WinRM\Service"" -Name ""IPv4Filter""",Registry,18.10.90.2.2,"4.8 (IG2, IG3)",NA,"AC-17, AC-2, AC-6, CM-6","Defines the IP filter for WinRM remote management, scoping which hosts may connect. Widening or clearing the IP filter lets more hosts connect to WinRM.",Func:L / Sec:L — WinRM management filter; verify management-plane reachability,Warning Allowed
WinRMIPv6Filter,,,Allow remote server management through WinRM-IPv6Filter,Configures 'Allow remote server management through WinRM-IPv6Filter' per security baseline requirements to enforce organizational security policy.,HKLM:\SOFTWARE\Policies\Microsoft\Windows\WinRM\Service,IPv6Filter,REG_SZ,,,,*,"OneOf(Equals('*'), AllOf(Pattern('^[\da-fA-F\:]([\da-fA-F\:\/])*(,\s*[\da-fA-F\:][\da-fA-F\:\/]*)*$')))","OneOf(Equals('*'), AllOf(Pattern('^[\da-fA-F\:]([\da-fA-F\:\/])*(,\s*[\da-fA-F\:][\da-fA-F\:\/]*)*$')))",Informational,Azure Local Member Server (domain joined),SecuritySettings,"Get-ItemProperty ""HKLM:\SOFTWARE\Policies\Microsoft\Windows\WinRM\Service"" -Name ""IPv6Filter""",Registry,18.10.90.2.2,"4.8 (IG2, IG3)",NA,"AC-17, AC-2, AC-6, CM-6","Defines the IP filter for WinRM remote management, scoping which hosts may connect. Widening or clearing the IP filter lets more hosts connect to WinRM.",Func:L / Sec:L — WinRM management filter; verify management-plane reachability,Warning Allowed
WinVerifyTrustMitigation1,3ba77062-e65c-4463-9776-03e1a9acda4b,AZ-WIN-202401,WinVerifyTrust Signature Validation vulnerability Mitigation 1,Configures 'WinVerifyTrust Signature Validation vulnerability Mitigation 1' per security baseline requirements to enforce organizational security policy.,HKLM:\SOFTWARE\Microsoft\Cryptography\Wintrust\Config,EnableCertPaddingCheck,REG_SZ,,,,1,"Range(0, 1)",Equals(1),Important,Azure Local Member Server (domain joined),SecuritySettings,"Get-ItemProperty ""HKLM:\SOFTWARE\Microsoft\Cryptography\Wintrust\Config"" -Name ""EnableCertPaddingCheck""",Registry,18.4.4,Not Mapped,NA,CM-6,"Enables the WinVerifyTrust certificate-padding check (CVE-2013-3900 mitigation), so signed binaries with appended unsigned data are no longer treated as validly signed. Disabling the certificate-padding check again treats signed binaries with appended unsigned data as validly signed.",Func:L / Sec:M — Signature-validation hardening; primarily affects legacy signed binaries,Warning Allowed
WinVerifyTrustMitigation2,cc289e48-6e26-4560-9366-afe7094d83ba,AZ-WIN-202402,WinVerifyTrust Signature Validation vulnerability Mitigation 2,Configures 'WinVerifyTrust Signature Validation vulnerability Mitigation 2' per security baseline requirements to enforce organizational security policy.,HKLM:\SOFTWARE\Wow6432Node\Microsoft\Cryptography\Wintrust\Config,EnableCertPaddingCheck,REG_SZ,,,,1,"Range(0, 1)",Equals(1),Important,Azure Local Member Server (domain joined),SecuritySettings,"Get-ItemProperty ""HKLM:\SOFTWARE\Wow6432Node\Microsoft\Cryptography\Wintrust\Config"" -Name ""EnableCertPaddingCheck""",Registry,18.4.4,Not Mapped,NA,CM-6,"Enables the WinVerifyTrust certificate-padding check (CVE-2013-3900 mitigation), so signed binaries with appended unsigned data are no longer treated as validly signed. Disabling the certificate-padding check again treats signed binaries with appended unsigned data as validly signed.",Func:L / Sec:M — Signature-validation hardening; primarily affects legacy signed binaries,Warning Allowed
